timestamp,temperature_c,pressure_hpa,humidity_pct
2021-01-01T00:00:00+00:00,3.0,1018.8,100.0
2021-01-01T03:00:00+00:00,3.2,1020.7,96.52
2021-01-01T06:00:00+00:00,15.2,1019.9,68.29
2021-01-01T09:00:00+00:00,18.4,1017.0,57.25
2021-01-01T12:00:00+00:00,16.0,1016.1,73.16
2021-01-01T15:00:00+00:00,11.0,1017.2,89.86
2021-01-01T18:00:00+00:00,9.0,1017.7,100.0
2021-01-01T21:00:00+00:00,7.2,1017.4,100.0
2021-01-02T00:00:00+00:00,8.4,1016.9,100.0
2021-01-02T03:00:00+00:00,11.2,1018.9,100.0
2021-01-02T06:00:00+00:00,13.2,1019.7,93.04
2021-01-02T12:00:00+00:00,16.6,1014.1,69.49
2021-01-02T15:00:00+00:00,14.2,1014.8,82.15
2021-01-02T18:00:00+00:00,13.0,1015.4,88.23
2021-01-02T21:00:00+00:00,10.2,1015.3,92.26
2021-01-03T00:00:00+00:00,10.4,1014.2,94.78
2021-01-03T03:00:00+00:00,12.0,1016.3,100.0
2021-01-03T06:00:00+00:00,13.8,1017.3,100.0
2021-01-03T09:00:00+00:00,15.6,1013.7,95.6
2021-01-03T12:00:00+00:00,15.2,1013.7,95.59
2021-01-03T15:00:00+00:00,14.8,1014.6,100.0
2021-01-03T18:00:00+00:00,13.0,1015.3,100.0
2021-01-03T21:00:00+00:00,11.8,1015.1,100.0
2021-01-04T00:00:00+00:00,14.0,1015.7,100.0
2021-01-04T03:00:00+00:00,13.6,1018.4,100.0
2021-01-04T06:00:00+00:00,19.0,1016.5,96.31
2021-01-04T09:00:00+00:00,22.4,1014.3,75.21
2021-01-04T12:00:00+00:00,18.8,1013.9,98.14
2021-01-04T15:00:00+00:00,15.8,1017.2,100.0
2021-01-04T18:00:00+00:00,15.6,1017.8,100.0
2021-01-04T21:00:00+00:00,14.2,1016.3,95.55
2021-01-05T00:00:00+00:00,14.4,1014.3,100.0
2021-01-05T03:00:00+00:00,15.4,1017.6,100.0
2021-01-05T06:00:00+00:00,18.6,1017.5,82.69
2021-01-05T09:00:00+00:00,20.2,1014.7,86.63
2021-01-05T12:00:00+00:00,19.2,1013.6,88.19
2021-01-05T15:00:00+00:00,16.4,1014.4,100.0
2021-01-05T18:00:00+00:00,16.4,1014.9,100.0
2021-01-05T21:00:00+00:00,14.8,1014.6,95.57
2021-01-06T00:00:00+00:00,15.2,1013.9,100.0
2021-01-06T03:00:00+00:00,15.4,1015.9,100.0
2021-01-06T06:00:00+00:00,18.8,1016.3,95.71
2021-01-06T09:00:00+00:00,20.8,1013.7,81.91
2021-01-06T12:00:00+00:00,18.0,1014.0,93.88
2021-01-06T15:00:00+00:00,16.6,1015.7,98.11
2021-01-06T18:00:00+00:00,16.6,1015.9,98.11
2021-01-06T21:00:00+00:00,15.6,1015.3,100.0
2021-01-07T00:00:00+00:00,16.0,1014.5,95.61
2021-01-07T03:00:00+00:00,15.8,1016.1,95.61
2021-01-07T06:00:00+00:00,17.6,1016.3,79.94
2021-01-07T09:00:00+00:00,19.8,1013.4,65.27
2021-01-07T12:00:00+00:00,17.0,1013.5,79.86
2021-01-07T15:00:00+00:00,14.0,1014.2,97.43
2021-01-07T18:00:00+00:00,12.4,1014.6,100.0
2021-01-07T21:00:00+00:00,11.2,1014.2,100.0
2021-01-08T00:00:00+00:00,12.0,1013.4,100.0
2021-01-08T03:00:00+00:00,11.8,1015.7,100.0
2021-01-08T06:00:00+00:00,14.4,1016.9,90.7
2021-01-08T09:00:00+00:00,16.8,1014.6,77.77
2021-01-08T12:00:00+00:00,15.6,1013.8,80.72
2021-01-08T15:00:00+00:00,14.2,1015.0,90.69
2021-01-08T18:00:00+00:00,12.6,1015.7,93.01
2021-01-08T21:00:00+00:00,11.5,1015.6,94.2
2021-01-09T00:00:00+00:00,11.8,1015.1,94.84
2021-01-09T03:00:00+00:00,13.4,1016.6,90.63
2021-01-09T06:00:00+00:00,17.2,1016.8,79.88
2021-01-09T09:00:00+00:00,19.6,1014.0,68.72
2021-01-09T12:00:00+00:00,18.6,1013.4,75.07
2021-01-09T15:00:00+00:00,16.0,1014.9,95.61
2021-01-09T18:00:00+00:00,14.0,1015.7,97.43
2021-01-09T21:00:00+00:00,12.8,1016.0,100.0
2021-01-10T00:00:00+00:00,9.8,1016.3,100.0
2021-01-10T03:00:00+00:00,9.0,1018.0,91.56
2021-01-10T06:00:00+00:00,12.4,1018.7,67.71
2021-01-10T09:00:00+00:00,16.0,1015.5,59.42
2021-01-10T12:00:00+00:00,14.4,1014.3,73.86
2021-01-10T15:00:00+00:00,12.4,1016.0,90.56
2021-01-10T18:00:00+00:00,10.8,1017.1,94.8
2021-01-10T21:00:00+00:00,10.0,1016.6,98.67
2021-01-11T00:00:00+00:00,9.4,1015.9,100.0
2021-01-11T03:00:00+00:00,9.2,1017.5,92.2
2021-01-11T06:00:00+00:00,12.6,1018.6,70.11
2021-01-11T09:00:00+00:00,16.8,1015.8,56.85
2021-01-11T12:00:00+00:00,15.0,1015.3,72.01
2021-01-11T15:00:00+00:00,11.8,1016.9,92.35
2021-01-11T18:00:00+00:00,11.0,1017.2,97.37
2021-01-11T21:00:00+00:00,9.8,1017.3,100.0
2021-01-12T00:00:00+00:00,5.8,1017.3,100.0
2021-01-12T03:00:00+00:00,7.2,1018.4,100.0
2021-01-12T18:00:00+00:00,8.4,1017.2,97.32
2021-01-12T21:00:00+00:00,6.2,1017.0,100.0
2021-01-13T00:00:00+00:00,4.8,1016.5,100.0
2021-01-13T03:00:00+00:00,7.6,1018.0,91.47
2021-01-13T06:00:00+00:00,11.0,1018.4,82.29
2021-01-13T09:00:00+00:00,16.4,1014.7,57.92
2021-01-13T12:00:00+00:00,16.8,1013.5,56.85
2021-01-13T15:00:00+00:00,10.0,1015.7,86.78
2021-01-13T18:00:00+00:00,8.6,1016.4,94.71
2021-01-13T21:00:00+00:00,7.2,1016.4,100.0
2021-01-14T00:00:00+00:00,4.4,1017.0,100.0
2021-01-14T03:00:00+00:00,4.2,1018.9,100.0
2021-01-14T06:00:00+00:00,14.6,1018.0,73.9
2021-01-14T09:00:00+00:00,19.0,1014.4,64.67
2021-01-14T12:00:00+00:00,15.4,1014.6,82.84
2021-01-14T15:00:00+00:00,11.4,1015.7,97.38
2021-01-14T18:00:00+00:00,8.4,1015.6,100.0
2021-01-14T21:00:00+00:00,6.8,1015.5,100.0
2021-01-15T00:00:00+00:00,7.4,1014.9,100.0
2021-01-15T03:00:00+00:00,9.0,1016.2,100.0
2021-01-15T06:00:00+00:00,16.4,1015.8,69.45
2021-01-15T09:00:00+00:00,20.0,1013.3,62.39
2021-01-15T12:00:00+00:00,18.4,1012.8,75.04
2021-01-15T15:00:00+00:00,11.8,1014.3,94.84
2021-01-15T18:00:00+00:00,9.2,1014.8,100.0
2021-01-15T21:00:00+00:00,8.0,1014.2,100.0
2021-01-16T00:00:00+00:00,8.6,1014.1,100.0
2021-01-16T03:00:00+00:00,10.4,1015.1,100.0
2021-01-16T06:00:00+00:00,11.2,1015.6,94.82
2021-01-16T09:00:00+00:00,18.2,1011.4,51.69
2021-01-16T12:00:00+00:00,16.4,1010.8,63.67
2021-01-16T15:00:00+00:00,10.8,1012.3,92.29
2021-01-16T18:00:00+00:00,8.8,1013.1,97.33
2021-01-16T21:00:00+00:00,7.4,1013.5,100.0
2021-01-17T00:00:00+00:00,8.0,1014.6,97.31
2021-01-17T03:00:00+00:00,8.6,1017.0,94.71
2021-01-17T06:00:00+00:00,11.2,1018.7,80.11
2021-01-17T09:00:00+00:00,14.2,1016.1,75.83
2021-01-17T12:00:00+00:00,14.4,1015.1,82.17
2021-01-17T15:00:00+00:00,12.4,1016.7,90.56
2021-01-17T18:00:00+00:00,11.2,1017.6,97.38
2021-01-17T21:00:00+00:00,9.8,1017.1,100.0
2021-01-18T00:00:00+00:00,11.2,1016.6,97.38
2021-01-18T03:00:00+00:00,11.8,1017.9,94.84
2021-01-18T06:00:00+00:00,15.2,1018.5,82.82
2021-01-18T09:00:00+00:00,19.4,1014.8,65.18
2021-01-18T12:00:00+00:00,18.4,1013.9,69.38
2021-01-18T15:00:00+00:00,14.2,1014.5,95.55
2021-01-18T18:00:00+00:00,12.0,1015.5,94.85
2021-01-18T21:00:00+00:00,10.8,1015.2,97.37
2021-01-19T00:00:00+00:00,8.6,1013.7,100.0
2021-01-19T03:00:00+00:00,9.0,1015.2,100.0
2021-01-19T06:00:00+00:00,14.8,1015.7,82.77
2021-01-19T09:00:00+00:00,20.2,1012.8,60.81
2021-01-19T12:00:00+00:00,15.8,1012.6,85.08
2021-01-19T15:00:00+00:00,13.0,1014.3,95.51
2021-01-19T18:00:00+00:00,11.8,1014.8,97.39
2021-01-19T21:00:00+00:00,10.6,1014.1,100.0
2021-01-20T00:00:00+00:00,9.8,1014.1,97.35
2021-01-20T03:00:00+00:00,9.6,1016.0,94.75
2021-01-20T06:00:00+00:00,13.6,1016.5,70.79
2021-01-20T09:00:00+00:00,17.4,1013.5,78.37
2021-01-20T12:00:00+00:00,16.6,1013.2,71.83
2021-01-20T15:00:00+00:00,13.8,1014.3,94.3
2021-01-20T18:00:00+00:00,12.4,1015.0,95.49
2021-01-20T21:00:00+00:00,11.2,1014.5,97.38
2021-01-21T00:00:00+00:00,10.0,1012.8,94.77
2021-01-21T03:00:00+00:00,10.0,1014.3,97.35
2021-01-21T06:00:00+00:00,17.4,1014.3,52.18
2021-01-21T09:00:00+00:00,22.4,1011.3,36.73
2021-01-21T12:00:00+00:00,20.6,1011.5,50.26
2021-01-21T15:00:00+00:00,12.4,1013.5,90.56
2021-01-21T18:00:00+00:00,9.8,1014.5,100.0
2021-01-21T21:00:00+00:00,8.6,1015.4,100.0
2021-01-22T00:00:00+00:00,6.8,1014.9,100.0
2021-01-22T03:00:00+00:00,5.4,1017.0,100.0
2021-01-22T06:00:00+00:00,13.0,1017.6,81.45
2021-01-22T09:00:00+00:00,17.4,1014.2,70.57
2021-01-22T12:00:00+00:00,16.4,1013.2,79.25
2021-01-22T15:00:00+00:00,12.8,1014.1,93.02
2021-01-22T18:00:00+00:00,10.6,1014.9,97.37
2021-01-22T21:00:00+00:00,9.4,1014.5,100.0
2021-01-23T00:00:00+00:00,9.8,1013.3,100.0
2021-01-23T03:00:00+00:00,10.4,1014.6,94.78
2021-01-23T06:00:00+00:00,14.6,1015.0,73.9
2021-01-23T09:00:00+00:00,19.6,1011.4,58.31
2021-01-23T12:00:00+00:00,17.2,1010.7,73.86
2021-01-23T15:00:00+00:00,14.2,1012.7,90.69
2021-01-23T18:00:00+00:00,13.6,1014.1,95.53
2021-01-23T21:00:00+00:00,11.8,1014.2,100.0
2021-01-24T00:00:00+00:00,10.2,1014.2,100.0
2021-01-24T03:00:00+00:00,10.8,1016.4,100.0
2021-01-24T06:00:00+00:00,14.0,1017.6,93.08
2021-01-24T09:00:00+00:00,14.4,1016.4,86.63
2021-01-24T12:00:00+00:00,14.6,1015.9,84.4
2021-01-24T15:00:00+00:00,10.6,1017.8,92.28
2021-01-24T18:00:00+00:00,9.8,1018.7,100.0
2021-01-24T21:00:00+00:00,8.2,1018.3,100.0
2021-01-25T00:00:00+00:00,8.8,1017.3,94.72
2021-01-25T03:00:00+00:00,10.0,1019.3,86.78
2021-01-25T06:00:00+00:00,11.8,1020.9,85.22
2021-01-25T09:00:00+00:00,17.4,1018.0,59.35
2021-01-25T12:00:00+00:00,17.2,1016.7,64.7
2021-01-25T15:00:00+00:00,11.2,1018.0,97.38
2021-01-25T18:00:00+00:00,9.8,1018.8,97.35
2021-01-25T21:00:00+00:00,8.4,1018.0,100.0
2021-01-26T00:00:00+00:00,6.0,1017.4,100.0
2021-01-26T03:00:00+00:00,7.6,1019.3,97.3
2021-01-26T06:00:00+00:00,16.2,1019.2,59.87
2021-01-26T09:00:00+00:00,20.2,1016.7,46.25
2021-01-26T12:00:00+00:00,18.4,1016.7,57.25
2021-01-26T15:00:00+00:00,12.6,1017.4,85.88
2021-01-26T18:00:00+00:00,9.6,1017.9,92.22
2021-01-26T21:00:00+00:00,8.0,1017.5,97.31
2021-01-27T00:00:00+00:00,7.0,1016.8,100.0
2021-01-27T03:00:00+00:00,8.4,1018.5,94.7
2021-01-27T06:00:00+00:00,17.4,1018.4,53.99
2021-01-27T09:00:00+00:00,20.8,1016.0,39.68
2021-01-27T12:00:00+00:00,19.4,1015.4,49.94
2021-01-27T15:00:00+00:00,11.8,1017.5,82.95
2021-01-27T18:00:00+00:00,8.8,1018.4,97.33
2021-01-27T21:00:00+00:00,7.6,1017.8,100.0
2021-01-28T00:00:00+00:00,5.4,1017.8,100.0
2021-01-28T03:00:00+00:00,6.2,1019.9,100.0
2021-01-28T06:00:00+00:00,16.8,1020.0,58.81
2021-01-28T09:00:00+00:00,18.8,1018.0,60.89
2021-01-28T12:00:00+00:00,17.8,1016.5,65.27
2021-01-28T15:00:00+00:00,11.2,1018.4,89.87
2021-01-28T18:00:00+00:00,8.4,1018.9,97.32
2021-01-28T21:00:00+00:00,7.0,1018.1,100.0
2021-01-29T00:00:00+00:00,5.4,1018.5,100.0
2021-01-29T03:00:00+00:00,5.6,1020.2,100.0
2021-01-29T06:00:00+00:00,14.8,1020.4,67.75
2021-01-29T09:00:00+00:00,20.4,1017.5,48.22
2021-01-29T12:00:00+00:00,19.0,1016.8,54.4
2021-01-29T15:00:00+00:00,12.0,1018.7,82.98
2021-01-29T18:00:00+00:00,9.0,1019.2,94.73
2021-01-29T21:00:00+00:00,7.6,1018.6,94.02
2021-01-30T00:00:00+00:00,6.4,1017.3,97.28
2021-01-30T03:00:00+00:00,8.2,1018.5,89.03
2021-01-30T06:00:00+00:00,17.4,1018.1,53.99
2021-01-30T09:00:00+00:00,21.2,1015.4,42.03
2021-01-30T12:00:00+00:00,19.0,1015.0,51.2
2021-01-30T15:00:00+00:00,12.6,1016.1,85.88
2021-01-30T18:00:00+00:00,10.0,1017.2,92.24
2021-01-30T21:00:00+00:00,8.0,1016.7,94.04
2021-01-31T00:00:00+00:00,5.0,1017.0,93.9
2021-01-31T03:00:00+00:00,5.8,1018.8,96.59
2021-01-31T06:00:00+00:00,19.0,1018.2,44.67
2021-01-31T09:00:00+00:00,23.8,1015.8,30.0
2021-01-31T12:00:00+00:00,21.8,1015.8,44.25
2021-01-31T15:00:00+00:00,12.4,1018.7,83.59
2021-01-31T18:00:00+00:00,10.0,1019.3,94.77
2021-01-31T21:00:00+00:00,8.2,1019.4,100.0
2021-02-01T00:00:00+00:00,7.2,1019.3,100.0
2021-02-01T03:00:00+00:00,7.6,1020.9,97.3
2021-02-01T06:00:00+00:00,22.4,1019.7,46.54
2021-02-01T09:00:00+00:00,26.2,1018.4,35.12
2021-02-01T12:00:00+00:00,23.4,1016.6,55.16
2021-02-01T15:00:00+00:00,14.6,1019.1,80.05
2021-02-01T18:00:00+00:00,11.4,1019.1,94.82
2021-02-01T21:00:00+00:00,9.8,1019.1,100.0
2021-02-02T00:00:00+00:00,8.0,1017.9,100.0
2021-02-02T03:00:00+00:00,8.6,1019.3,94.71
2021-02-02T06:00:00+00:00,22.4,1018.3,48.12
2021-02-02T09:00:00+00:00,26.6,1015.3,36.92
2021-02-02T12:00:00+00:00,25.4,1014.3,48.93
2021-02-02T15:00:00+00:00,16.6,1016.2,81.38
2021-02-02T18:00:00+00:00,13.6,1016.8,95.53
2021-02-02T21:00:00+00:00,10.8,1016.6,100.0
2021-02-03T00:00:00+00:00,12.4,1015.3,100.0
2021-02-03T03:00:00+00:00,14.0,1017.1,84.33
2021-02-03T06:00:00+00:00,22.0,1016.6,56.63
2021-02-03T09:00:00+00:00,25.8,1013.9,52.3
2021-02-03T12:00:00+00:00,23.6,1013.6,68.63
2021-02-03T15:00:00+00:00,18.8,1015.2,82.71
2021-02-03T18:00:00+00:00,15.6,1016.5,97.47
2021-02-03T21:00:00+00:00,13.0,1016.2,100.0
2021-02-04T00:00:00+00:00,15.0,1015.7,100.0
2021-02-04T03:00:00+00:00,15.6,1017.0,89.03
2021-02-04T06:00:00+00:00,19.8,1018.0,77.72
2021-02-04T09:00:00+00:00,22.6,1014.5,64.61
2021-02-04T12:00:00+00:00,20.2,1014.9,72.49
2021-02-04T15:00:00+00:00,13.4,1017.0,100.0
2021-02-04T18:00:00+00:00,12.2,1017.7,100.0
2021-02-04T21:00:00+00:00,10.4,1017.4,100.0
2021-02-05T00:00:00+00:00,9.0,1017.1,100.0
2021-02-05T03:00:00+00:00,9.2,1019.3,100.0
2021-02-05T06:00:00+00:00,19.4,1019.4,63.49
2021-02-05T09:00:00+00:00,21.6,1016.6,56.16
2021-02-05T12:00:00+00:00,20.4,1015.8,60.86
2021-02-05T15:00:00+00:00,15.6,1017.6,87.31
2021-02-05T18:00:00+00:00,11.4,1018.7,100.0
2021-02-05T21:00:00+00:00,10.2,1018.1,100.0
2021-02-06T00:00:00+00:00,9.2,1017.7,100.0
2021-02-06T03:00:00+00:00,10.4,1019.7,100.0
2021-02-06T06:00:00+00:00,18.8,1019.5,60.89
2021-02-06T09:00:00+00:00,21.8,1016.6,54.75
2021-02-06T12:00:00+00:00,20.2,1016.5,64.09
2021-02-06T15:00:00+00:00,14.6,1017.7,86.65
2021-02-06T18:00:00+00:00,11.6,1018.2,97.39
2021-02-06T21:00:00+00:00,10.0,1017.7,100.0
2021-02-07T00:00:00+00:00,10.6,1017.1,97.37
2021-02-07T03:00:00+00:00,10.4,1019.3,97.36
2021-02-07T06:00:00+00:00,19.6,1019.2,61.89
2021-02-07T09:00:00+00:00,22.0,1016.4,53.38
2021-02-07T12:00:00+00:00,21.0,1016.0,64.68
2021-02-07T15:00:00+00:00,14.6,1017.9,86.65
2021-02-07T18:00:00+00:00,12.4,1019.5,100.0
2021-02-07T21:00:00+00:00,11.2,1018.8,100.0
2021-02-08T00:00:00+00:00,9.6,1018.2,100.0
2021-02-08T03:00:00+00:00,10.6,1020.1,100.0
2021-02-08T06:00:00+00:00,21.7,1019.7,59.59
2021-02-08T09:00:00+00:00,24.2,1015.9,50.22
2021-02-08T12:00:00+00:00,23.0,1014.8,59.13
2021-02-08T15:00:00+00:00,15.6,1016.6,87.31
2021-02-08T18:00:00+00:00,13.2,1017.1,93.04
2021-02-08T21:00:00+00:00,11.0,1015.1,100.0
2021-02-09T00:00:00+00:00,10.2,1014.7,100.0
2021-02-09T03:00:00+00:00,9.6,1016.2,100.0
2021-02-09T06:00:00+00:00,21.4,1015.9,65.19
2021-02-09T12:00:00+00:00,25.2,1012.2,51.47
2021-02-09T15:00:00+00:00,15.4,1014.0,89.02
2021-02-09T18:00:00+00:00,13.2,1014.5,95.52
2021-02-09T21:00:00+00:00,12.0,1012.8,98.69
2021-02-10T00:00:00+00:00,11.6,1012.7,100.0
2021-02-10T03:00:00+00:00,13.2,1013.8,97.42
2021-02-10T06:00:00+00:00,25.4,1012.9,51.86
2021-02-10T09:00:00+00:00,29.4,1010.0,36.25
2021-02-11T00:00:00+00:00,11.4,1013.7,100.0
2021-02-13T12:00:00+00:00,25.8,1013.0,49.35
2021-02-13T15:00:00+00:00,17.0,1015.1,88.0
2021-02-13T18:00:00+00:00,14.0,1015.4,97.43
2021-02-14T00:00:00+00:00,10.8,1015.0,100.0
2021-02-14T03:00:00+00:00,11.6,1016.3,100.0
2021-02-14T06:00:00+00:00,24.6,1015.8,57.63
2021-02-14T09:00:00+00:00,27.8,1012.7,41.92
2021-02-14T12:00:00+00:00,26.4,1011.4,51.45
2021-02-14T15:00:00+00:00,18.6,1013.3,86.47
2021-02-14T18:00:00+00:00,14.6,1014.1,98.08
2021-02-14T21:00:00+00:00,13.2,1013.7,100.0
2021-02-15T00:00:00+00:00,11.8,1013.2,100.0
2021-02-15T03:00:00+00:00,13.0,1014.6,97.41
2021-02-15T06:00:00+00:00,25.6,1013.5,53.26
2021-02-15T09:00:00+00:00,29.2,1010.3,45.98
2021-02-15T12:00:00+00:00,26.8,1009.4,62.31
2021-02-15T15:00:00+00:00,20.0,1011.3,88.82
2021-02-15T18:00:00+00:00,16.8,1012.7,95.64
2021-02-15T21:00:00+00:00,15.0,1012.5,100.0
2021-02-16T00:00:00+00:00,13.2,1011.6,100.0
2021-02-16T03:00:00+00:00,13.6,1013.7,97.43
2021-02-16T06:00:00+00:00,25.7,1013.3,49.64
2021-02-16T09:00:00+00:00,29.2,1010.3,48.37
2021-02-16T12:00:00+00:00,26.0,1009.5,67.4
2021-02-16T15:00:00+00:00,19.4,1012.1,88.21
2021-02-16T18:00:00+00:00,15.6,1013.6,100.0
2021-02-16T21:00:00+00:00,13.8,1013.1,100.0
2021-02-17T00:00:00+00:00,12.6,1013.3,100.0
2021-02-17T03:00:00+00:00,13.2,1015.4,100.0
2021-02-17T06:00:00+00:00,24.2,1015.1,57.17
2021-02-17T09:00:00+00:00,26.8,1012.5,46.82
2021-02-17T12:00:00+00:00,25.8,1011.6,53.31
2021-02-17T15:00:00+00:00,17.4,1014.3,85.8
2021-02-17T18:00:00+00:00,14.6,1015.8,98.08
2021-02-17T21:00:00+00:00,13.6,1015.1,100.0
2021-02-18T00:00:00+00:00,11.6,1015.9,100.0
2021-02-18T03:00:00+00:00,12.0,1018.1,100.0
2021-02-18T06:00:00+00:00,24.0,1018.6,62.88
2021-02-18T09:00:00+00:00,27.8,1015.5,51.81
2021-02-18T12:00:00+00:00,25.6,1015.3,51.91
2021-02-18T15:00:00+00:00,17.4,1017.3,85.8
2021-02-18T18:00:00+00:00,14.6,1018.3,98.08
2021-02-18T21:00:00+00:00,13.4,1018.9,100.0
2021-02-19T00:00:00+00:00,12.0,1018.5,100.0
2021-02-19T03:00:00+00:00,13.0,1020.9,100.0
2021-02-19T06:00:00+00:00,23.0,1020.6,68.08
2021-02-19T09:00:00+00:00,26.4,1014.4,59.55
2021-02-20T15:00:00+00:00,18.0,1018.5,74.48
2021-02-20T18:00:00+00:00,14.6,1018.9,100.0
2021-02-20T21:00:00+00:00,12.5,1018.5,99.35
2021-02-21T00:00:00+00:00,11.6,1017.7,100.0
2021-02-21T12:00:00+00:00,26.0,1014.1,56.52
2021-02-21T15:00:00+00:00,18.6,1016.4,81.64
2021-02-21T18:00:00+00:00,14.8,1016.8,98.08
2021-02-21T21:00:00+00:00,13.6,1016.4,100.0
2021-02-22T00:00:00+00:00,13.0,1015.7,100.0
2021-02-22T03:00:00+00:00,14.8,1017.5,86.67
2021-02-22T06:00:00+00:00,25.0,1016.7,58.1
2021-02-22T09:00:00+00:00,28.0,1013.3,48.05
2021-02-22T12:00:00+00:00,27.4,1011.8,50.09
2021-02-22T15:00:00+00:00,19.0,1013.5,80.65
2021-02-22T18:00:00+00:00,15.4,1013.6,95.59
2021-02-22T21:00:00+00:00,14.0,1013.4,95.55
2021-02-23T00:00:00+00:00,12.6,1012.7,100.0
2021-02-23T03:00:00+00:00,14.2,1014.8,97.44
2021-02-23T06:00:00+00:00,28.4,1013.9,35.98
2021-02-23T09:00:00+00:00,31.2,1010.8,39.45
2021-02-23T12:00:00+00:00,30.0,1009.6,45.61
2021-02-23T15:00:00+00:00,20.0,1011.4,81.29
2021-02-23T18:00:00+00:00,16.0,1012.6,100.0
2021-02-23T21:00:00+00:00,14.2,1012.0,100.0
2021-02-24T00:00:00+00:00,13.6,1010.5,100.0
2021-02-24T03:00:00+00:00,14.4,1012.5,100.0
2021-02-24T06:00:00+00:00,28.4,1012.3,44.03
2021-02-24T09:00:00+00:00,32.0,1009.0,37.93
2021-02-24T12:00:00+00:00,30.2,1008.1,47.13
2021-02-24T15:00:00+00:00,21.4,1010.1,80.45
2021-02-24T18:00:00+00:00,17.4,1011.0,95.66
2021-02-24T21:00:00+00:00,14.8,1010.1,100.0
2021-02-25T00:00:00+00:00,14.6,1009.8,100.0
2021-02-25T03:00:00+00:00,16.2,1011.2,95.62
2021-02-25T06:00:00+00:00,28.0,1011.0,48.05
2021-02-25T09:00:00+00:00,32.2,1009.3,44.77
2021-02-25T12:00:00+00:00,30.0,1006.5,53.69
2021-02-25T15:00:00+00:00,21.8,1008.4,82.04
2021-02-25T18:00:00+00:00,18.6,1008.9,96.3
2021-02-25T21:00:00+00:00,17.0,1007.9,100.0
2021-02-26T00:00:00+00:00,16.6,1007.1,98.11
2021-02-26T03:00:00+00:00,18.6,1009.1,86.47
2021-02-26T06:00:00+00:00,29.6,1008.5,40.81
2021-02-26T09:00:00+00:00,32.6,1005.0,43.23
2021-02-26T12:00:00+00:00,31.6,1004.3,50.86
2021-02-26T15:00:00+00:00,23.4,1005.8,79.72
2021-02-26T18:00:00+00:00,21.2,1006.0,92.86
2021-02-26T21:00:00+00:00,19.4,1005.3,93.94
2021-02-27T00:00:00+00:00,21.6,1004.5,69.11
2021-02-27T03:00:00+00:00,20.2,1007.4,77.78
2021-02-27T06:00:00+00:00,29.2,1007.7,51.84
2021-02-27T09:00:00+00:00,31.0,1005.8,43.62
2021-02-27T12:00:00+00:00,30.0,1005.5,46.78
2021-02-27T15:00:00+00:00,22.8,1007.7,71.12
2021-02-27T18:00:00+00:00,19.8,1009.4,82.83
2021-02-27T21:00:00+00:00,18.2,1008.8,86.44
2021-02-28T00:00:00+00:00,17.0,1008.4,88.0
2021-02-28T03:00:00+00:00,18.4,1010.6,78.52
2021-02-28T06:00:00+00:00,29.8,1010.8,36.6
2021-02-28T09:00:00+00:00,32.0,1008.0,34.45
2021-02-28T12:00:00+00:00,28.6,1008.2,51.37
2021-02-28T15:00:00+00:00,22.4,1010.8,69.27
2021-02-28T18:00:00+00:00,17.8,1012.8,84.2
2021-02-28T21:00:00+00:00,17.2,1012.0,87.46
2021-03-01T00:00:00+00:00,14.4,1012.2,90.7
2021-03-01T03:00:00+00:00,15.4,1014.0,93.15
2021-03-01T06:00:00+00:00,26.4,1014.9,47.01
2021-03-01T09:00:00+00:00,28.2,1013.4,44.83
2021-03-01T12:00:00+00:00,26.0,1013.4,49.72
2021-03-01T15:00:00+00:00,20.6,1015.1,64.59
2021-03-01T18:00:00+00:00,18.6,1015.9,78.54
2021-03-01T21:00:00+00:00,17.6,1015.2,88.06
2021-03-02T00:00:00+00:00,16.8,1014.2,75.76
2021-03-02T03:00:00+00:00,19.4,1015.0,63.49
2021-03-02T06:00:00+00:00,25.2,1014.8,51.47
2021-03-02T09:00:00+00:00,28.4,1012.1,44.03
2021-03-02T12:00:00+00:00,26.6,1011.6,46.16
2021-03-02T15:00:00+00:00,21.4,1013.0,60.3
2021-03-02T18:00:00+00:00,19.2,1013.3,69.99
2021-03-02T21:00:00+00:00,17.8,1012.2,79.97
2021-03-03T00:00:00+00:00,15.8,1012.0,77.11
2021-03-03T03:00:00+00:00,16.4,1013.1,73.23
2021-03-03T06:00:00+00:00,26.8,1012.8,45.62
2021-03-03T09:00:00+00:00,30.6,1010.0,38.78
2021-03-03T12:00:00+00:00,28.2,1009.7,47.19
2021-03-03T15:00:00+00:00,20.6,1011.8,73.02
2021-03-03T18:00:00+00:00,16.8,1013.0,87.42
2021-03-03T21:00:00+00:00,15.4,1012.4,93.15
2021-03-04T00:00:00+00:00,14.8,1011.7,88.97
2021-03-04T03:00:00+00:00,16.2,1012.9,91.41
2021-03-04T06:00:00+00:00,29.4,1012.6,41.55
2021-03-04T09:00:00+00:00,33.0,1009.7,38.45
2021-03-04T12:00:00+00:00,31.8,1008.7,39.11
2021-03-04T15:00:00+00:00,22.4,1010.8,62.93
2021-03-04T18:00:00+00:00,18.2,1012.2,80.54
2021-03-04T21:00:00+00:00,16.6,1011.6,89.69
2021-03-05T00:00:00+00:00,15.6,1011.0,93.77
2021-03-05T03:00:00+00:00,19.4,1012.8,71.87
2021-03-05T06:00:00+00:00,27.8,1012.5,46.79
2021-03-05T09:00:00+00:00,31.0,1009.0,42.52
2021-03-05T12:00:00+00:00,28.4,1009.1,52.3
2021-03-05T15:00:00+00:00,23.6,1010.7,66.91
2021-03-05T18:00:00+00:00,22.2,1010.8,71.01
2021-03-05T21:00:00+00:00,20.8,1010.4,76.4
2021-03-06T00:00:00+00:00,17.0,1010.2,89.72
2021-03-06T03:00:00+00:00,18.2,1012.3,78.49
2021-03-06T06:00:00+00:00,27.8,1011.4,45.6
2021-03-06T09:00:00+00:00,31.4,1009.2,37.77
2021-03-06T12:00:00+00:00,29.6,1007.8,46.38
2021-03-06T15:00:00+00:00,21.8,1009.5,72.31
2021-03-06T18:00:00+00:00,18.6,1009.8,86.47
2021-03-06T21:00:00+00:00,17.4,1008.5,89.75
2021-03-07T00:00:00+00:00,16.4,1008.9,91.42
2021-03-07T03:00:00+00:00,19.2,1011.0,79.65
2021-03-07T06:00:00+00:00,30.0,1010.7,44.46
2021-03-07T09:00:00+00:00,33.6,1007.4,46.28
2021-03-07T12:00:00+00:00,31.8,1006.4,53.15
2021-03-07T15:00:00+00:00,25.2,1008.4,71.12
2021-03-07T18:00:00+00:00,23.0,1009.5,77.7
2021-03-07T21:00:00+00:00,21.6,1008.0,82.01
2021-03-08T00:00:00+00:00,21.0,1008.5,85.62
2021-03-08T03:00:00+00:00,21.6,1011.3,77.01
2021-03-08T06:00:00+00:00,27.0,1012.1,66.77
2021-03-08T09:00:00+00:00,31.6,1009.4,54.09
2021-03-08T12:00:00+00:00,30.2,1008.8,61.16
2021-03-08T15:00:00+00:00,24.8,1011.0,78.45
2021-03-08T18:00:00+00:00,22.6,1011.7,81.12
2021-03-08T21:00:00+00:00,21.4,1010.4,81.99
2021-03-09T00:00:00+00:00,20.6,1011.5,92.26
2021-03-09T03:00:00+00:00,22.6,1013.0,84.2
2021-03-09T06:00:00+00:00,30.4,1013.1,61.58
2021-03-09T09:00:00+00:00,33.4,1009.7,51.31
2021-03-09T12:00:00+00:00,31.8,1008.6,56.51
2021-03-09T15:00:00+00:00,27.4,1010.8,72.84
2021-03-09T18:00:00+00:00,23.2,1011.8,69.86
2021-03-09T21:00:00+00:00,21.8,1010.8,75.59
2021-03-10T00:00:00+00:00,19.8,1010.8,86.59
2021-03-10T03:00:00+00:00,21.4,1013.8,76.98
2021-03-10T06:00:00+00:00,29.0,1013.1,51.79
2021-03-10T09:00:00+00:00,32.6,1009.6,46.3
2021-03-10T12:00:00+00:00,30.2,1008.9,57.53
2021-03-10T15:00:00+00:00,24.2,1011.3,75.03
2021-03-10T18:00:00+00:00,21.4,1012.2,87.28
2021-03-10T21:00:00+00:00,20.2,1011.3,90.52
2021-03-11T00:00:00+00:00,18.8,1012.0,93.92
2021-03-11T03:00:00+00:00,21.6,1013.9,87.3
2021-03-11T06:00:00+00:00,30.6,1013.8,50.92
2021-03-11T09:00:00+00:00,34.6,1010.9,39.38
2021-03-11T12:00:00+00:00,31.8,1010.1,45.52
2021-03-11T15:00:00+00:00,24.2,1012.0,67.46
2021-03-11T18:00:00+00:00,20.6,1013.0,79.84
2021-03-11T21:00:00+00:00,19.4,1011.8,86.55
2021-03-12T00:00:00+00:00,20.4,1011.0,79.81
2021-03-12T03:00:00+00:00,21.0,1015.3,69.89
2021-03-12T06:00:00+00:00,28.0,1015.9,52.19
2021-03-12T09:00:00+00:00,29.6,1014.3,45.21
2021-03-12T12:00:00+00:00,26.0,1014.5,55.1
2021-03-12T15:00:00+00:00,24.0,1014.5,55.67
2021-03-12T18:00:00+00:00,23.6,1014.8,59.65
2021-03-12T21:00:00+00:00,22.0,1015.2,65.73
2021-03-13T00:00:00+00:00,17.6,1016.1,83.64
2021-03-13T03:00:00+00:00,20.0,1017.5,79.76
2021-03-13T06:00:00+00:00,28.0,1017.1,48.05
2021-03-13T09:00:00+00:00,30.6,1013.9,42.96
2021-03-13T12:00:00+00:00,30.0,1012.5,44.46
2021-03-13T15:00:00+00:00,24.2,1013.7,66.19
2021-03-13T18:00:00+00:00,19.6,1013.7,86.57
2021-03-13T21:00:00+00:00,18.4,1013.9,89.82
2021-03-14T00:00:00+00:00,16.0,1012.3,95.61
2021-03-14T03:00:00+00:00,20.8,1014.3,73.06
2021-03-14T06:00:00+00:00,27.6,1014.1,50.14
2021-03-14T09:00:00+00:00,30.6,1011.0,40.82
2021-03-14T12:00:00+00:00,29.8,1009.9,45.55
2021-03-14T15:00:00+00:00,23.8,1011.3,65.69
2021-03-14T18:00:00+00:00,20.6,1012.2,79.84
2021-03-14T21:00:00+00:00,18.2,1012.1,84.25
2021-03-15T00:00:00+00:00,17.8,1011.0,89.78
2021-03-15T03:00:00+00:00,21.4,1012.3,71.78
2021-03-15T06:00:00+00:00,29.0,1012.2,44.48
2021-03-15T09:00:00+00:00,31.8,1009.9,39.11
2021-03-15T12:00:00+00:00,30.0,1009.4,46.78
2021-03-15T15:00:00+00:00,24.0,1011.1,72.24
2021-03-15T18:00:00+00:00,21.4,1011.3,80.45
2021-03-15T21:00:00+00:00,19.2,1012.3,88.19
2021-03-16T00:00:00+00:00,18.8,1011.3,88.16
2021-03-16T03:00:00+00:00,21.0,1013.1,81.94
2021-03-16T06:00:00+00:00,28.8,1013.2,46.75
2021-03-16T09:00:00+00:00,31.6,1010.1,42.15
2021-03-16T12:00:00+00:00,30.2,1009.0,47.13
2021-03-16T15:00:00+00:00,24.4,1010.8,69.22
2021-03-16T18:00:00+00:00,21.4,1011.4,81.99
2021-03-16T21:00:00+00:00,20.0,1009.4,86.61
2021-03-17T00:00:00+00:00,18.6,1009.8,90.41
2021-03-17T03:00:00+00:00,21.8,1011.8,75.59
2021-03-17T06:00:00+00:00,30.4,1011.8,37.49
2021-03-17T09:00:00+00:00,34.0,1008.2,33.9
2021-03-17T12:00:00+00:00,32.2,1007.2,38.72
2021-03-17T15:00:00+00:00,25.4,1009.0,62.79
2021-03-17T18:00:00+00:00,21.6,1010.5,78.48
2021-03-17T21:00:00+00:00,20.4,1008.6,83.43
2021-03-18T00:00:00+00:00,18.2,1010.0,92.12
2021-03-18T03:00:00+00:00,21.2,1012.2,81.96
2021-03-18T06:00:00+00:00,30.4,1011.8,42.9
2021-03-18T09:00:00+00:00,34.0,1009.0,32.2
2021-03-18T12:00:00+00:00,32.2,1007.9,37.51
2021-03-18T15:00:00+00:00,24.6,1009.7,62.22
2021-03-18T18:00:00+00:00,21.8,1011.1,75.59
2021-03-18T21:00:00+00:00,19.8,1010.3,84.96
2021-03-19T00:00:00+00:00,20.6,1010.4,79.84
2021-03-19T03:00:00+00:00,23.6,1012.0,68.63
2021-03-19T06:00:00+00:00,31.2,1011.4,35.35
2021-03-19T09:00:00+00:00,34.4,1007.7,29.9
2021-03-19T12:00:00+00:00,32.6,1006.9,38.1
2021-03-19T15:00:00+00:00,26.0,1008.1,48.45
2021-03-19T18:00:00+00:00,21.0,1009.9,73.09
2021-03-19T21:00:00+00:00,19.2,1009.4,77.13
2021-03-20T00:00:00+00:00,18.8,1009.3,79.08
2021-03-20T03:00:00+00:00,21.4,1010.9,68.63
2021-03-20T06:00:00+00:00,31.2,1010.0,39.45
2021-03-20T09:00:00+00:00,33.2,1006.8,31.98
2021-03-20T12:00:00+00:00,32.4,1005.6,33.89
2021-03-20T15:00:00+00:00,25.2,1006.6,59.65
2021-03-20T18:00:00+00:00,21.0,1007.9,78.39
2021-03-20T21:00:00+00:00,19.2,1007.5,82.76
2021-03-21T00:00:00+00:00,17.6,1008.0,89.76
2021-03-21T03:00:00+00:00,20.2,1009.6,86.63
2021-03-21T06:00:00+00:00,33.4,1008.4,31.42
2021-03-21T09:00:00+00:00,35.0,1006.1,29.87
2021-03-21T12:00:00+00:00,33.4,1004.8,30.42
2021-03-21T15:00:00+00:00,28.0,1007.8,53.19
2021-03-21T18:00:00+00:00,24.5,1008.8,62.99
2021-03-21T21:00:00+00:00,22.2,1007.6,74.24
2021-03-22T00:00:00+00:00,21.4,1010.7,71.78
2021-03-22T03:00:00+00:00,23.2,1013.2,60.72
2021-03-22T06:00:00+00:00,31.6,1012.0,38.81
2021-03-22T09:00:00+00:00,29.8,1011.8,43.29
2021-03-22T12:00:00+00:00,31.2,1009.2,43.67
2021-03-22T15:00:00+00:00,27.2,1011.2,51.01
2021-03-22T18:00:00+00:00,25.2,1013.5,61.18
2021-03-22T21:00:00+00:00,24.0,1011.9,64.5
2021-03-23T00:00:00+00:00,22.8,1010.1,61.81
2021-03-23T03:00:00+00:00,23.6,1015.3,56.66
2021-03-23T06:00:00+00:00,28.2,1015.2,48.42
2021-03-23T09:00:00+00:00,28.2,1014.9,47.19
2021-03-23T12:00:00+00:00,26.2,1010.3,36.32
2021-03-23T15:00:00+00:00,24.2,1012.8,50.22
2021-03-23T18:00:00+00:00,21.2,1012.8,65.14
2021-03-23T21:00:00+00:00,19.6,1012.1,73.79
2021-03-24T00:00:00+00:00,18.4,1013.4,71.22
2021-03-24T03:00:00+00:00,21.8,1015.4,60.79
2021-03-24T06:00:00+00:00,29.6,1015.0,37.51
2021-03-24T09:00:00+00:00,32.2,1011.2,33.62
2021-03-24T12:00:00+00:00,31.0,1010.2,33.07
2021-03-24T15:00:00+00:00,25.8,1012.4,46.85
2021-03-24T18:00:00+00:00,24.2,1013.4,56.08
2021-03-24T21:00:00+00:00,20.6,1012.5,69.36
2021-03-25T00:00:00+00:00,18.8,1012.6,79.08
2021-03-25T03:00:00+00:00,20.8,1013.9,68.07
2021-03-25T06:00:00+00:00,27.2,1014.4,42.3
2021-03-25T09:00:00+00:00,29.4,1011.9,35.09
2021-03-25T12:00:00+00:00,27.2,1010.9,42.3
2021-03-25T15:00:00+00:00,23.6,1012.8,58.14
2021-03-25T18:00:00+00:00,20.8,1013.0,73.06
2021-03-25T21:00:00+00:00,19.0,1012.1,80.65
2021-03-26T00:00:00+00:00,18.4,1012.1,80.57
2021-03-26T03:00:00+00:00,21.0,1013.4,66.38
2021-03-26T06:00:00+00:00,27.4,1012.3,47.59
2021-03-26T09:00:00+00:00,31.4,1009.1,35.64
2021-03-26T12:00:00+00:00,30.6,1007.5,38.78
2021-03-26T15:00:00+00:00,25.2,1009.2,54.2
2021-03-26T21:00:00+00:00,22.0,1010.0,65.73
2021-03-27T00:00:00+00:00,17.8,1009.5,88.07
2021-03-27T03:00:00+00:00,20.6,1010.7,76.36
2021-03-27T06:00:00+00:00,31.2,1010.2,40.47
2021-03-27T09:00:00+00:00,34.6,1007.2,38.4
2021-03-27T12:00:00+00:00,33.4,1006.0,34.61
2021-03-27T15:00:00+00:00,27.2,1007.8,57.53
2021-03-27T18:00:00+00:00,23.6,1008.4,66.91
2021-03-27T21:00:00+00:00,21.8,1008.2,77.04
2021-03-28T00:00:00+00:00,19.6,1008.1,84.94
2021-03-28T03:00:00+00:00,22.0,1009.1,79.03
2021-03-28T06:00:00+00:00,33.8,1007.8,38.43
2021-03-28T09:00:00+00:00,37.0,1004.1,27.28
2021-03-28T12:00:00+00:00,36.2,1002.5,29.62
2021-03-28T15:00:00+00:00,27.0,1003.9,58.57
2021-03-28T18:00:00+00:00,24.0,1005.1,70.45
2021-03-28T21:00:00+00:00,22.4,1004.8,79.09
2021-03-29T00:00:00+00:00,22.0,1005.3,80.53
2021-03-29T03:00:00+00:00,25.2,1007.2,62.35
2021-03-29T06:00:00+00:00,35.6,1005.8,28.9
2021-03-29T09:00:00+00:00,39.2,1001.0,21.69
2021-03-29T12:00:00+00:00,36.8,998.9,27.76
2021-03-29T15:00:00+00:00,29.4,1001.2,48.42
2021-03-29T18:00:00+00:00,24.6,1001.8,66.28
2021-03-29T21:00:00+00:00,22.8,1000.3,72.94
2021-03-30T00:00:00+00:00,20.8,999.6,81.91
2021-03-30T03:00:00+00:00,26.0,1000.1,48.45
2021-03-30T09:00:00+00:00,37.8,1006.7,17.01
2021-03-30T15:00:00+00:00,30.2,999.4,50.5
2021-03-30T18:00:00+00:00,28.4,1000.6,41.54
2021-03-30T21:00:00+00:00,26.0,1000.1,47.21
2021-03-31T00:00:00+00:00,23.0,999.6,52.94
2021-03-31T03:00:00+00:00,23.4,1002.0,49.36
2021-03-31T06:00:00+00:00,32.6,1002.0,25.77
2021-03-31T09:00:00+00:00,34.6,1000.1,19.34
2021-03-31T12:00:00+00:00,33.0,999.8,21.88
2021-03-31T15:00:00+00:00,28.6,1001.1,25.58
2021-03-31T18:00:00+00:00,26.0,1001.9,27.62
2021-03-31T21:00:00+00:00,24.8,1001.5,31.56
2021-04-01T00:00:00+00:00,21.2,1001.0,40.34
2021-04-01T03:00:00+00:00,24.4,1003.0,32.1
2021-04-01T06:00:00+00:00,31.8,1004.0,20.14
2021-04-01T09:00:00+00:00,33.8,1001.2,18.12
2021-04-01T12:00:00+00:00,32.4,1000.3,23.57
2021-04-01T15:00:00+00:00,27.6,1002.2,29.23
2021-04-01T18:00:00+00:00,24.4,1003.9,34.61
2021-04-01T21:00:00+00:00,22.2,1003.1,40.35
2021-04-02T00:00:00+00:00,19.4,1004.3,45.09
2021-04-02T03:00:00+00:00,21.6,1006.8,39.64
2021-04-02T06:00:00+00:00,30.6,1006.7,23.74
2021-04-02T09:00:00+00:00,34.2,1004.3,21.16
2021-04-02T12:00:00+00:00,32.2,1004.2,26.01
2021-04-02T15:00:00+00:00,24.6,1006.4,40.22
2021-04-02T18:00:00+00:00,18.8,1008.4,54.35
2021-04-02T21:00:00+00:00,17.6,1007.1,55.9
2021-04-03T00:00:00+00:00,13.4,1007.5,64.3
2021-04-03T03:00:00+00:00,18.4,1009.7,50.35
2021-04-03T06:00:00+00:00,32.4,1009.5,21.0
2021-04-03T09:00:00+00:00,34.5,1007.1,12.61
2021-04-03T12:00:00+00:00,34.2,1006.2,12.38
2021-04-03T15:00:00+00:00,25.2,1008.2,38.54
2021-04-03T18:00:00+00:00,20.4,1009.4,48.22
2021-04-03T21:00:00+00:00,18.6,1008.9,55.78
2021-04-04T00:00:00+00:00,15.8,1009.5,67.05
2021-04-04T03:00:00+00:00,20.8,1011.1,48.98
2021-04-04T06:00:00+00:00,33.2,1009.9,16.31
2021-04-04T09:00:00+00:00,36.4,1006.9,13.56
2021-04-04T12:00:00+00:00,35.6,1005.5,16.06
2021-04-04T15:00:00+00:00,26.0,1007.8,41.97
2021-04-04T18:00:00+00:00,21.7,1009.0,58.06
2021-04-04T21:00:00+00:00,20.0,1008.3,64.04
2021-04-05T00:00:00+00:00,20.6,1008.2,59.72
2021-04-05T03:00:00+00:00,24.6,1009.2,50.65
2021-04-05T06:00:00+00:00,37.4,1007.7,20.01
2021-04-05T09:00:00+00:00,37.0,1004.6,20.87
2021-04-05T12:00:00+00:00,37.6,1003.4,24.91
2021-04-05T15:00:00+00:00,28.6,1005.5,45.23
2021-04-05T18:00:00+00:00,24.8,1006.3,55.15
2021-04-05T21:00:00+00:00,23.2,1005.1,60.72
2021-04-06T00:00:00+00:00,22.0,1005.6,67.44
2021-04-06T03:00:00+00:00,25.6,1007.5,51.91
2021-04-06T06:00:00+00:00,32.6,1006.9,34.17
2021-04-06T09:00:00+00:00,37.6,1004.0,27.97
2021-04-06T12:00:00+00:00,36.8,1002.8,31.94
2021-04-06T15:00:00+00:00,30.4,1003.9,44.01
2021-04-06T18:00:00+00:00,29.2,1005.1,41.49
2021-04-06T21:00:00+00:00,27.4,1004.2,47.59
2021-04-07T00:00:00+00:00,23.2,1008.1,65.15
2021-04-07T03:00:00+00:00,25.8,1010.3,59.03
2021-04-07T06:00:00+00:00,32.4,1010.1,38.78
2021-04-07T09:00:00+00:00,35.6,1007.0,27.09
2021-04-07T12:00:00+00:00,35.2,1005.8,28.42
2021-04-07T15:00:00+00:00,29.0,1007.8,35.67
2021-04-07T18:00:00+00:00,24.8,1008.9,40.54
2021-04-07T21:00:00+00:00,23.2,1008.2,44.93
2021-04-08T00:00:00+00:00,21.2,1008.1,61.85
2021-04-08T03:00:00+00:00,25.0,1009.6,47.25
2021-04-08T06:00:00+00:00,32.0,1008.3,23.95
2021-04-08T09:00:00+00:00,35.0,1006.8,20.65
2021-04-08T12:00:00+00:00,34.0,1005.5,16.72
2021-04-08T15:00:00+00:00,24.4,1007.6,42.36
2021-04-08T18:00:00+00:00,20.0,1009.1,55.76
2021-04-08T21:00:00+00:00,18.4,1008.6,64.11
2021-04-09T00:00:00+00:00,15.8,1008.6,67.05
2021-04-09T03:00:00+00:00,25.4,1010.2,33.73
2021-04-09T06:00:00+00:00,34.8,1009.9,17.98
2021-04-09T09:00:00+00:00,36.4,1007.4,16.46
2021-04-09T12:00:00+00:00,35.0,1006.2,19.83
2021-04-09T15:00:00+00:00,25.8,1009.0,40.55
2021-04-09T18:00:00+00:00,21.6,1010.5,56.16
2021-04-09T21:00:00+00:00,20.2,1009.3,60.81
2021-04-10T00:00:00+00:00,18.4,1010.1,58.8
2021-04-10T03:00:00+00:00,22.6,1011.5,45.37
2021-04-10T06:00:00+00:00,35.2,1011.1,19.35
2021-04-10T09:00:00+00:00,37.0,1009.1,18.37
2021-04-10T12:00:00+00:00,36.2,1007.9,18.44
2021-04-10T15:00:00+00:00,26.6,1009.7,42.97
2021-04-10T18:00:00+00:00,22.6,1010.7,51.13
2021-04-10T21:00:00+00:00,20.4,1009.5,60.86
2021-04-11T00:00:00+00:00,18.6,1010.2,62.48
2021-04-11T03:00:00+00:00,23.4,1012.0,49.36
2021-04-11T06:00:00+00:00,35.2,1011.5,22.58
2021-04-11T09:00:00+00:00,38.8,1008.6,17.7
2021-04-11T12:00:00+00:00,36.4,1007.5,17.27
2021-04-11T15:00:00+00:00,28.2,1009.2,35.68
2021-04-11T18:00:00+00:00,23.8,1010.1,55.62
2021-04-11T21:00:00+00:00,21.4,1009.1,65.19
2021-04-12T00:00:00+00:00,20.0,1010.9,65.74
2021-04-12T03:00:00+00:00,26.4,1013.1,35.42
2021-04-12T06:00:00+00:00,35.6,1012.3,27.98
2021-04-12T09:00:00+00:00,39.0,1009.1,20.67
2021-04-12T12:00:00+00:00,37.6,1007.5,22.59
2021-04-12T15:00:00+00:00,29.0,1008.9,42.25
2021-04-12T18:00:00+00:00,25.0,1010.8,53.8
2021-04-12T21:00:00+00:00,23.0,1010.2,59.13
2021-04-13T00:00:00+00:00,21.0,1009.8,56.76
2021-04-13T03:00:00+00:00,27.4,1011.5,39.16
2021-04-13T06:00:00+00:00,37.4,1010.3,22.25
2021-04-13T09:00:00+00:00,39.4,1007.0,19.83
2021-04-13T12:00:00+00:00,38.2,1005.1,23.34
2021-04-13T15:00:00+00:00,30.2,1007.1,40.45
2021-04-13T18:00:00+00:00,25.0,1008.4,52.43
2021-04-13T21:00:00+00:00,22.8,1007.6,57.2
2021-04-14T00:00:00+00:00,22.0,1007.7,61.23
2021-04-14T03:00:00+00:00,27.8,1009.3,43.02
2021-04-14T06:00:00+00:00,36.6,1008.9,27.53
2021-04-14T09:00:00+00:00,39.6,1005.8,22.8
2021-04-14T12:00:00+00:00,37.4,1004.0,26.18
2021-04-14T15:00:00+00:00,32.4,1006.2,33.89
2021-04-14T18:00:00+00:00,27.8,1007.5,46.79
2021-04-14T21:00:00+00:00,25.2,1006.7,57.05
2021-04-15T00:00:00+00:00,23.6,1007.1,61.2
2021-04-15T03:00:00+00:00,28.8,1008.7,35.38
2021-04-15T06:00:00+00:00,36.6,1008.0,23.55
2021-04-15T09:00:00+00:00,40.4,1004.1,21.01
2021-04-15T12:00:00+00:00,37.8,1002.9,25.95
2021-04-15T15:00:00+00:00,30.6,1004.3,38.78
2021-04-15T18:00:00+00:00,25.8,1006.1,48.09
2021-04-15T21:00:00+00:00,25.8,1006.1,48.09
2021-04-16T00:00:00+00:00,21.6,1005.5,68.67
2021-04-16T03:00:00+00:00,28.4,1007.5,36.94
2021-04-16T06:00:00+00:00,38.4,1005.9,28.9
2021-04-16T09:00:00+00:00,39.8,1002.3,23.14
2021-04-16T12:00:00+00:00,33.0,1003.5,32.76
2021-04-16T15:00:00+00:00,24.0,1009.9,72.24
2021-04-16T18:00:00+00:00,23.4,1006.9,68.59
2021-04-16T21:00:00+00:00,21.6,1005.8,76.52
2021-04-17T00:00:00+00:00,19.6,1007.5,92.2
2021-04-17T03:00:00+00:00,22.8,1010.6,74.34
2021-04-17T06:00:00+00:00,31.4,1009.8,40.78
2021-04-17T09:00:00+00:00,33.6,1008.0,35.33
2021-04-17T12:00:00+00:00,33.4,1006.8,37.12
2021-04-17T15:00:00+00:00,26.8,1009.8,57.07
2021-04-17T18:00:00+00:00,25.0,1011.2,62.31
2021-04-17T21:00:00+00:00,22.4,1010.4,69.27
2021-04-18T00:00:00+00:00,19.8,1011.3,82.83
2021-04-18T03:00:00+00:00,24.8,1012.9,59.17
2021-04-18T06:00:00+00:00,34.0,1011.9,35.9
2021-04-18T09:00:00+00:00,35.4,1009.3,31.96
2021-04-18T12:00:00+00:00,34.8,1007.2,33.05
2021-04-18T15:00:00+00:00,28.4,1008.6,53.63
2021-04-18T18:00:00+00:00,24.2,1008.9,64.54
2021-04-18T21:00:00+00:00,22.4,1007.6,71.05
2021-04-19T00:00:00+00:00,20.4,1006.8,76.33
2021-04-19T03:00:00+00:00,25.4,1008.4,62.79
2021-04-19T06:00:00+00:00,34.4,1007.6,31.69
2021-04-19T09:00:00+00:00,37.2,1004.4,27.51
2021-04-19T12:00:00+00:00,36.8,1002.7,27.05
2021-04-19T15:00:00+00:00,30.0,1004.3,51.4
2021-04-19T18:00:00+00:00,25.0,1005.4,61.13
2021-04-19T21:00:00+00:00,23.2,1004.6,63.91
2021-04-20T00:00:00+00:00,21.0,1004.4,68.11
2021-04-20T03:00:00+00:00,27.6,1007.6,41.59
2021-04-20T06:00:00+00:00,33.6,1006.1,31.68
2021-04-20T09:00:00+00:00,33.0,1003.3,35.62
2021-04-20T12:00:00+00:00,31.4,1002.6,35.64
2021-04-20T15:00:00+00:00,26.0,1006.8,52.35
2021-04-20T18:00:00+00:00,24.6,1005.5,59.13
2021-04-20T21:00:00+00:00,23.2,1005.1,65.15
2021-04-21T00:00:00+00:00,21.0,1006.5,73.09
2021-04-21T03:00:00+00:00,23.0,1009.2,66.79
2021-04-21T06:00:00+00:00,29.4,1009.4,44.02
2021-04-21T09:00:00+00:00,33.0,1006.9,37.49
2021-04-21T12:00:00+00:00,31.4,1006.1,42.9
2021-04-21T15:00:00+00:00,27.2,1008.3,53.67
2021-04-21T18:00:00+00:00,26.2,1009.4,56.57
2021-04-21T21:00:00+00:00,25.2,1009.0,58.15
2021-04-22T00:00:00+00:00,21.4,1009.9,73.63
2021-04-22T03:00:00+00:00,24.4,1012.6,60.22
2021-04-22T06:00:00+00:00,31.4,1011.0,44.0
2021-04-22T09:00:00+00:00,33.2,1008.9,41.79
2021-04-22T12:00:00+00:00,32.4,1007.4,42.9
2021-04-22T15:00:00+00:00,28.0,1008.7,53.19
2021-04-22T18:00:00+00:00,24.6,1009.7,66.28
2021-04-22T21:00:00+00:00,22.8,1009.2,71.12
2021-04-23T00:00:00+00:00,22.4,1007.9,71.05
2021-04-23T03:00:00+00:00,26.0,1009.4,53.71
2021-04-23T06:00:00+00:00,26.2,1010.2,60.64
2021-04-23T09:00:00+00:00,32.4,1006.3,43.45
2021-04-23T12:00:00+00:00,31.6,1005.0,45.18
2021-04-23T15:00:00+00:00,26.0,1008.1,57.6
2021-04-23T18:00:00+00:00,24.4,1009.0,54.7
2021-04-23T21:00:00+00:00,23.0,1010.2,57.62
2021-04-24T00:00:00+00:00,18.4,1009.5,76.51
2021-04-24T03:00:00+00:00,24.4,1010.4,50.6
2021-04-24T06:00:00+00:00,30.4,1010.2,32.26
2021-04-24T09:00:00+00:00,32.4,1008.0,30.94
2021-04-24T12:00:00+00:00,33.0,1006.6,25.37
2021-04-24T15:00:00+00:00,28.0,1008.4,39.84
2021-04-24T18:00:00+00:00,24.0,1010.0,52.85
2021-04-24T21:00:00+00:00,22.4,1009.4,58.23
2021-04-25T00:00:00+00:00,20.0,1009.5,62.39
2021-04-25T03:00:00+00:00,25.6,1010.7,56.06
2021-04-25T06:00:00+00:00,33.6,1010.0,33.57
2021-04-25T09:00:00+00:00,36.8,1007.2,27.76
2021-04-25T12:00:00+00:00,36.6,1005.7,28.06
2021-04-25T15:00:00+00:00,29.0,1007.2,48.01
2021-04-25T18:00:00+00:00,22.6,1008.3,64.61
2021-04-25T21:00:00+00:00,20.8,1007.2,71.21
2021-04-26T00:00:00+00:00,18.4,1008.1,71.22
2021-04-26T03:00:00+00:00,24.8,1008.8,46.89
2021-04-26T06:00:00+00:00,37.4,1007.7,23.14
2021-04-26T09:00:00+00:00,39.8,1005.1,25.97
2021-04-26T12:00:00+00:00,38.0,1003.4,27.72
2021-04-26T15:00:00+00:00,29.8,1005.2,32.96
2021-04-26T18:00:00+00:00,25.6,1006.2,62.83
2021-04-26T21:00:00+00:00,24.2,1005.2,64.54
2021-04-27T00:00:00+00:00,21.4,1006.0,73.63
2021-04-27T03:00:00+00:00,25.6,1007.7,53.26
2021-04-27T06:00:00+00:00,38.8,1006.2,22.6
2021-04-27T09:00:00+00:00,41.4,1003.8,23.54
2021-04-27T12:00:00+00:00,39.6,1002.9,24.31
2021-04-27T15:00:00+00:00,31.8,1005.1,46.67
2021-04-27T18:00:00+00:00,27.2,1006.5,62.79
2021-04-27T21:00:00+00:00,25.0,1006.2,69.76
2021-04-28T00:00:00+00:00,23.4,1006.6,66.87
2021-04-28T03:00:00+00:00,29.4,1008.3,39.46
2021-04-28T06:00:00+00:00,40.0,1007.4,27.72
2021-04-28T09:00:00+00:00,41.6,1004.5,21.71
2021-04-28T12:00:00+00:00,41.0,1002.4,23.74
2021-04-28T15:00:00+00:00,32.4,1004.8,41.84
2021-04-28T18:00:00+00:00,28.4,1006.3,49.72
2021-04-28T21:00:00+00:00,26.0,1006.0,57.6
2021-04-29T00:00:00+00:00,24.6,1006.9,63.41
2021-04-29T03:00:00+00:00,30.6,1008.1,37.79
2021-04-29T06:00:00+00:00,39.2,1007.6,23.75
2021-04-29T09:00:00+00:00,41.8,1004.3,22.61
2021-04-29T12:00:00+00:00,39.2,1002.4,27.51
2021-04-29T15:00:00+00:00,33.4,1004.9,33.3
2021-04-29T18:00:00+00:00,29.4,1006.1,52.22
2021-04-30T00:00:00+00:00,24.2,1006.6,66.19
2021-04-30T03:00:00+00:00,29.6,1008.0,52.27
2021-04-30T09:00:00+00:00,39.4,1004.8,28.44
2021-04-30T12:00:00+00:00,38.0,1002.7,31.66
2021-04-30T15:00:00+00:00,32.8,1004.8,36.26
2021-04-30T18:00:00+00:00,32.4,1007.1,33.03
2021-04-30T21:00:00+00:00,29.6,1008.1,40.81
2021-05-01T00:00:00+00:00,29.2,1005.9,43.68
2021-05-01T03:00:00+00:00,31.2,1007.3,47.1
2021-05-01T06:00:00+00:00,37.6,1007.2,28.69
2021-05-01T09:00:00+00:00,40.8,1003.8,23.54
2021-05-01T12:00:00+00:00,39.2,1002.1,24.52
2021-05-01T15:00:00+00:00,33.4,1005.0,33.3
2021-05-01T18:00:00+00:00,31.3,1007.4,37.26
2021-05-01T21:00:00+00:00,29.0,1005.4,41.98
2021-05-02T00:00:00+00:00,26.0,1006.4,59.08
2021-05-02T03:00:00+00:00,30.6,1008.0,46.35
2021-05-02T06:00:00+00:00,38.0,1007.4,30.1
2021-05-02T09:00:00+00:00,39.4,1004.4,25.54
2021-05-02T12:00:00+00:00,34.0,1003.8,34.99
2021-05-02T15:00:00+00:00,31.2,1004.3,49.2
2021-05-02T18:00:00+00:00,29.0,1006.7,54.12
2021-05-02T21:00:00+00:00,27.2,1005.9,58.62
2021-05-03T00:00:00+00:00,25.6,1005.8,61.66
2021-05-03T03:00:00+00:00,29.2,1007.2,47.16
2021-05-03T06:00:00+00:00,37.2,1006.0,29.14
2021-05-03T09:00:00+00:00,38.6,1002.8,25.33
2021-05-03T12:00:00+00:00,38.4,1000.5,28.18
2021-05-03T15:00:00+00:00,31.4,1002.7,47.15
2021-05-03T18:00:00+00:00,28.6,1003.3,53.68
2021-05-03T21:00:00+00:00,27.0,1002.9,58.57
2021-05-04T00:00:00+00:00,26.2,1003.6,70.42
2021-05-04T03:00:00+00:00,30.4,1005.3,45.14
2021-05-04T06:00:00+00:00,39.8,1003.9,23.14
2021-05-04T09:00:00+00:00,40.6,1001.0,24.1
2021-05-04T12:00:00+00:00,38.0,999.8,26.17
2021-05-04T15:00:00+00:00,32.2,1002.4,47.07
2021-05-04T18:00:00+00:00,30.8,1004.3,47.58
2021-05-04T21:00:00+00:00,29.4,1003.6,52.22
2021-05-05T00:00:00+00:00,26.6,1004.8,73.6
2021-05-05T03:00:00+00:00,29.0,1006.5,60.52
2021-05-05T06:00:00+00:00,35.6,1005.6,41.41
2021-05-05T09:00:00+00:00,39.6,1002.8,27.96
2021-05-05T12:00:00+00:00,38.4,1001.1,32.98
2021-05-05T15:00:00+00:00,33.2,1002.9,47.62
2021-05-05T18:00:00+00:00,30.6,1004.5,59.05
2021-05-05T21:00:00+00:00,28.6,1004.2,65.06
2021-05-06T00:00:00+00:00,27.6,1005.4,65.66
2021-05-06T03:00:00+00:00,30.4,1006.9,59.0
2021-05-06T06:00:00+00:00,36.4,1007.0,41.11
2021-05-06T09:00:00+00:00,39.4,1003.5,31.64
2021-05-06T12:00:00+00:00,26.2,1007.1,67.44
2021-05-06T15:00:00+00:00,23.6,1008.0,76.35
2021-05-06T18:00:00+00:00,24.4,1009.3,67.92
2021-05-06T21:00:00+00:00,23.0,1007.7,71.16
2021-05-07T00:00:00+00:00,23.2,1008.0,73.01
2021-05-07T03:00:00+00:00,25.0,1010.0,69.76
2021-05-07T06:00:00+00:00,31.6,1009.9,43.23
2021-05-07T09:00:00+00:00,35.2,1007.7,35.32
2021-05-07T12:00:00+00:00,35.0,1005.6,35.94
2021-05-07T15:00:00+00:00,30.2,1008.0,54.08
2021-05-07T18:00:00+00:00,27.6,1008.3,65.66
2021-05-07T21:00:00+00:00,26.0,1007.1,73.04
2021-05-08T00:00:00+00:00,24.2,1007.9,78.36
2021-05-08T03:00:00+00:00,29.4,1009.1,54.56
2021-05-08T06:00:00+00:00,36.6,1007.9,30.11
2021-05-08T09:00:00+00:00,38.4,1005.1,24.32
2021-05-08T12:00:00+00:00,37.6,1003.1,24.12
2021-05-08T15:00:00+00:00,31.4,1004.7,45.12
2021-05-08T18:00:00+00:00,28.8,1005.9,54.07
2021-05-08T21:00:00+00:00,25.6,1005.0,68.59
2021-05-09T00:00:00+00:00,25.8,1005.9,68.2
2021-05-09T03:00:00+00:00,29.2,1007.4,58.0
2021-05-09T06:00:00+00:00,36.6,1005.8,36.83
2021-05-09T09:00:00+00:00,39.0,1003.2,30.37
2021-05-09T12:00:00+00:00,32.0,1002.1,43.61
2021-05-09T15:00:00+00:00,31.2,1002.7,44.79
2021-05-09T18:00:00+00:00,29.8,1004.1,47.92
2021-05-09T21:00:00+00:00,28.2,1003.0,53.24
2021-05-10T00:00:00+00:00,26.0,1003.9,61.75
2021-05-10T03:00:00+00:00,27.4,1007.3,56.5
2021-05-10T06:00:00+00:00,31.8,1004.4,41.15
2021-05-10T09:00:00+00:00,34.2,1003.3,35.05
2021-05-10T12:00:00+00:00,36.4,1000.1,28.19
2021-05-10T15:00:00+00:00,30.6,1002.3,49.66
2021-05-10T18:00:00+00:00,29.2,1003.0,55.54
2021-05-10T21:00:00+00:00,27.8,1002.2,58.03
2021-05-11T00:00:00+00:00,25.8,1003.3,70.35
2021-05-11T03:00:00+00:00,30.0,1003.9,47.97
2021-05-11T06:00:00+00:00,37.4,1003.2,31.7
2021-05-11T09:00:00+00:00,39.4,999.7,27.04
2021-05-11T12:00:00+00:00,39.2,997.3,26.82
2021-05-11T15:00:00+00:00,32.4,1001.8,36.85
2021-05-11T18:00:00+00:00,28.8,1002.6,49.19
2021-05-11T21:00:00+00:00,25.8,1001.1,57.56
2021-05-12T00:00:00+00:00,24.6,1001.9,67.96
2021-05-12T03:00:00+00:00,29.0,1002.6,50.51
2021-05-12T06:00:00+00:00,35.8,1001.3,30.87
2021-05-12T09:00:00+00:00,36.4,999.7,27.3
2021-05-12T12:00:00+00:00,36.4,997.4,33.06
2021-05-12T15:00:00+00:00,30.4,998.7,51.83
2021-05-12T18:00:00+00:00,28.6,999.4,51.37
2021-05-12T21:00:00+00:00,27.2,997.7,55.04
2021-05-13T00:00:00+00:00,23.4,1003.0,71.68
2021-05-13T03:00:00+00:00,25.0,1004.9,71.08
2021-05-13T06:00:00+00:00,29.6,1004.9,53.59
2021-05-13T09:00:00+00:00,34.4,1003.1,40.07
2021-05-13T12:00:00+00:00,33.2,1001.8,44.76
2021-05-13T15:00:00+00:00,28.2,1002.5,55.99
2021-05-13T18:00:00+00:00,26.6,1003.0,67.94
2021-05-13T21:00:00+00:00,25.4,1001.8,68.55
2021-05-14T00:00:00+00:00,24.4,1003.9,73.68
2021-05-14T03:00:00+00:00,28.2,1004.9,58.49
2021-05-14T06:00:00+00:00,34.0,1003.6,40.72
2021-05-14T09:00:00+00:00,37.0,1001.2,35.59
2021-05-14T12:00:00+00:00,36.6,998.8,35.93
2021-05-14T15:00:00+00:00,31.0,1000.7,47.94
2021-05-14T18:00:00+00:00,29.0,1002.3,51.79
2021-05-14T21:00:00+00:00,27.0,1001.6,58.21
2021-05-15T00:00:00+00:00,24.8,1003.1,74.21
2021-05-15T03:00:00+00:00,28.2,1005.9,55.99
2021-05-15T06:00:00+00:00,34.2,1004.4,35.05
2021-05-15T09:00:00+00:00,38.6,1002.5,23.75
2021-05-15T12:00:00+00:00,34.4,1002.5,35.33
2021-05-15T15:00:00+00:00,28.6,1003.8,55.04
2021-05-15T18:00:00+00:00,26.4,1005.5,58.07
2021-05-15T21:00:00+00:00,25.2,1004.4,62.35
2021-05-16T00:00:00+00:00,23.2,1005.9,69.86
2021-05-16T03:00:00+00:00,28.8,1007.4,52.73
2021-05-16T06:00:00+00:00,37.4,1006.1,26.18
2021-05-16T09:00:00+00:00,39.2,1003.5,21.69
2021-05-16T12:00:00+00:00,38.8,1001.9,27.06
2021-05-16T15:00:00+00:00,31.4,1003.4,45.12
2021-05-16T18:00:00+00:00,28.0,1004.9,58.08
2021-05-16T21:00:00+00:00,26.6,1003.5,62.27
2021-05-17T00:00:00+00:00,25.4,1005.6,65.61
2021-05-17T03:00:00+00:00,29.8,1006.9,53.64
2021-05-17T06:00:00+00:00,37.2,1006.1,32.45
2021-05-17T09:00:00+00:00,36.8,1006.4,27.76
2021-05-17T12:00:00+00:00,36.0,1002.3,38.07
2021-05-17T15:00:00+00:00,33.6,1003.2,41.12
2021-05-17T18:00:00+00:00,31.6,1003.5,53.1
2021-05-17T21:00:00+00:00,30.2,1003.5,57.53
2021-05-18T00:00:00+00:00,28.6,1004.1,57.5
2021-05-18T03:00:00+00:00,29.4,1005.4,56.98
2021-05-18T06:00:00+00:00,30.0,1007.4,55.04
2021-05-18T09:00:00+00:00,27.0,1007.5,69.71
2021-05-18T12:00:00+00:00,26.4,1004.9,70.46
2021-05-18T15:00:00+00:00,25.8,1004.9,77.64
2021-05-18T18:00:00+00:00,24.8,1005.7,84.96
2021-05-18T21:00:00+00:00,23.8,1004.1,89.66
2021-05-19T00:00:00+00:00,23.0,1005.2,96.42
2021-05-19T03:00:00+00:00,23.8,1006.2,89.66
2021-05-19T06:00:00+00:00,23.2,1006.0,94.68
2021-05-19T09:00:00+00:00,21.6,1003.4,100.0
2021-05-19T12:00:00+00:00,21.4,1000.9,100.0
2021-05-19T15:00:00+00:00,21.2,1002.1,100.0
2021-05-19T18:00:00+00:00,21.5,1000.9,99.39
2021-05-19T21:00:00+00:00,21.5,999.7,99.39
2021-05-20T00:00:00+00:00,21.0,1000.0,100.0
2021-05-20T03:00:00+00:00,21.6,1002.2,100.0
2021-05-20T06:00:00+00:00,26.0,1002.5,71.7
2021-05-20T09:00:00+00:00,29.6,1001.1,63.31
2021-05-20T12:00:00+00:00,31.0,999.8,59.5
2021-05-20T15:00:00+00:00,27.4,1001.9,84.21
2021-05-20T18:00:00+00:00,25.4,1003.3,90.32
2021-05-20T21:00:00+00:00,23.8,1002.6,96.44
2021-05-21T00:00:00+00:00,23.0,1003.1,94.68
2021-05-21T03:00:00+00:00,21.0,1008.6,100.0
2021-05-21T06:00:00+00:00,24.8,1005.6,83.41
2021-05-21T09:00:00+00:00,32.4,1003.7,54.95
2021-05-21T12:00:00+00:00,31.4,1002.7,67.23
2021-05-21T15:00:00+00:00,27.4,1003.0,81.23
2021-05-21T18:00:00+00:00,26.0,1003.8,85.6
2021-05-21T21:00:00+00:00,22.0,1008.1,100.0
2021-05-22T00:00:00+00:00,19.2,1004.4,96.32
2021-05-22T03:00:00+00:00,23.4,1005.9,82.74
2021-05-22T06:00:00+00:00,31.8,1005.2,49.66
2021-05-22T09:00:00+00:00,34.0,1003.4,40.72
2021-05-22T12:00:00+00:00,35.0,1000.5,42.54
2021-05-22T15:00:00+00:00,29.0,1001.3,69.66
2021-05-22T18:00:00+00:00,26.0,1002.6,80.56
2021-05-22T21:00:00+00:00,24.2,1001.8,89.69
2021-05-23T00:00:00+00:00,24.0,1004.8,83.32
2021-05-23T03:00:00+00:00,26.4,1007.4,66.23
2021-05-23T06:00:00+00:00,30.2,1005.7,54.08
2021-05-23T09:00:00+00:00,33.2,1003.8,47.92
2021-05-23T12:00:00+00:00,32.6,1002.7,48.35
2021-05-23T15:00:00+00:00,28.0,1004.9,57.0
2021-05-23T18:00:00+00:00,25.6,1006.1,65.65
2021-05-23T21:00:00+00:00,23.8,1005.1,73.58
2021-05-24T00:00:00+00:00,23.0,1006.3,76.26
2021-05-24T03:00:00+00:00,26.4,1007.6,59.55
2021-05-24T06:00:00+00:00,32.2,1006.5,38.72
2021-05-24T09:00:00+00:00,35.2,1003.7,32.73
2021-05-24T12:00:00+00:00,35.8,1001.4,27.49
2021-05-24T15:00:00+00:00,30.0,1002.4,51.4
2021-05-24T18:00:00+00:00,27.6,1003.4,57.99
2021-05-24T21:00:00+00:00,25.7,1002.1,66.09
2021-05-25T00:00:00+00:00,24.8,1001.7,66.73
2021-05-25T03:00:00+00:00,29.4,1002.8,42.91
2021-05-25T06:00:00+00:00,35.4,1002.0,33.0
2021-05-25T09:00:00+00:00,38.6,999.4,25.01
2021-05-25T12:00:00+00:00,38.6,997.4,19.51
2021-05-25T15:00:00+00:00,31.2,998.7,50.44
2021-05-25T18:00:00+00:00,29.0,999.7,56.53
2021-05-25T21:00:00+00:00,27.2,998.7,62.79
2021-05-26T00:00:00+00:00,24.0,1000.0,64.5
2021-05-26T03:00:00+00:00,29.0,1000.6,48.01
2021-05-26T06:00:00+00:00,37.2,999.6,19.83
2021-05-26T09:00:00+00:00,39.0,997.4,18.59
2021-05-26T12:00:00+00:00,39.2,995.8,20.18
2021-05-26T15:00:00+00:00,32.0,997.0,47.9
2021-05-26T18:00:00+00:00,27.6,998.6,63.27
2021-05-26T21:00:00+00:00,25.8,997.9,70.35
2021-05-27T00:00:00+00:00,24.0,999.3,72.24
2021-05-27T03:00:00+00:00,30.4,1000.6,51.83
2021-05-27T06:00:00+00:00,36.8,1000.1,36.21
2021-05-27T09:00:00+00:00,40.6,997.7,21.89
2021-05-27T12:00:00+00:00,40.4,996.1,21.7
2021-05-27T15:00:00+00:00,32.0,998.1,54.52
2021-05-27T18:00:00+00:00,28.8,1000.3,62.75
2021-05-27T21:00:00+00:00,26.4,1000.6,70.46
2021-05-28T00:00:00+00:00,26.6,1001.6,73.6
2021-05-28T03:00:00+00:00,28.6,1003.1,69.16
2021-05-28T06:00:00+00:00,34.0,1002.2,55.01
2021-05-28T09:00:00+00:00,37.4,999.6,40.38
2021-05-28T12:00:00+00:00,38.2,997.7,38.43
2021-05-28T15:00:00+00:00,33.6,999.1,54.58
2021-05-28T18:00:00+00:00,31.8,1001.8,61.15
2021-05-28T21:00:00+00:00,29.6,1002.0,68.52
2021-05-29T00:00:00+00:00,28.0,1002.8,69.05
2021-05-29T03:00:00+00:00,30.0,1004.0,56.08
2021-05-29T06:00:00+00:00,33.8,1003.3,47.49
2021-05-29T09:00:00+00:00,36.2,1001.5,41.06
2021-05-29T12:00:00+00:00,36.6,999.1,42.19
2021-05-29T15:00:00+00:00,33.4,1001.7,41.85
2021-05-29T18:00:00+00:00,31.6,1002.6,45.18
2021-05-29T21:00:00+00:00,29.0,1002.2,54.12
2021-05-30T00:00:00+00:00,27.2,1003.9,68.47
2021-05-30T03:00:00+00:00,29.2,1004.3,65.59
2021-05-30T06:00:00+00:00,33.4,1003.3,55.53
2021-05-30T09:00:00+00:00,36.8,1001.0,45.16
2021-05-30T12:00:00+00:00,35.0,1000.8,48.68
2021-05-30T15:00:00+00:00,31.0,1000.5,47.94
2021-05-30T18:00:00+00:00,28.8,1000.8,54.07
2021-05-30T21:00:00+00:00,26.6,1000.2,62.27
2021-05-31T00:00:00+00:00,26.0,1000.8,73.04
2021-05-31T03:00:00+00:00,31.4,1001.2,50.49
2021-05-31T06:00:00+00:00,36.2,999.6,39.08
2021-05-31T09:00:00+00:00,38.4,997.2,33.6
2021-05-31T12:00:00+00:00,38.8,995.7,31.68
2021-05-31T15:00:00+00:00,33.4,996.4,52.26
2021-05-31T18:00:00+00:00,31.0,998.0,57.01
2021-05-31T21:00:00+00:00,20.4,1004.9,100.0
2021-06-01T00:00:00+00:00,20.8,1001.6,100.0
2021-06-01T03:00:00+00:00,24.6,1002.6,81.87
2021-06-01T06:00:00+00:00,28.6,1006.7,65.06
2021-06-01T09:00:00+00:00,30.6,1002.7,54.51
2021-06-01T12:00:00+00:00,33.4,1001.0,49.16
2021-06-01T15:00:00+00:00,29.4,1001.9,65.63
2021-06-01T18:00:00+00:00,26.2,1003.5,84.08
2021-06-01T21:00:00+00:00,24.2,1004.9,89.69
2021-06-02T00:00:00+00:00,23.0,1003.7,91.27
2021-06-02T06:00:00+00:00,33.4,1005.7,50.08
2021-06-02T09:00:00+00:00,35.8,1001.9,40.2
2021-06-02T12:00:00+00:00,35.4,1000.7,38.38
2021-06-02T15:00:00+00:00,31.2,1003.6,44.79
2021-06-02T18:00:00+00:00,29.6,1003.5,48.78
2021-06-02T21:00:00+00:00,27.8,1003.4,54.16
2021-06-03T00:00:00+00:00,26.2,1004.0,73.53
2021-06-03T03:00:00+00:00,30.0,1005.3,64.96
2021-06-03T06:00:00+00:00,35.6,1004.5,45.12
2021-06-03T09:00:00+00:00,37.2,1003.0,39.35
2021-06-03T12:00:00+00:00,36.4,1001.9,48.74
2021-06-03T15:00:00+00:00,32.6,1003.2,61.69
2021-06-03T18:00:00+00:00,30.0,1005.0,70.27
2021-06-03T21:00:00+00:00,28.2,1004.4,72.97
2021-06-04T00:00:00+00:00,27.2,1004.5,84.19
2021-06-04T03:00:00+00:00,31.4,1005.6,64.47
2021-06-04T06:00:00+00:00,37.6,1004.7,38.74
2021-06-04T09:00:00+00:00,39.2,1002.3,35.31
2021-06-04T12:00:00+00:00,28.4,1003.2,62.28
2021-06-04T15:00:00+00:00,26.2,1002.3,76.28
2021-06-04T18:00:00+00:00,26.0,1003.3,76.25
2021-06-04T21:00:00+00:00,25.4,1002.1,80.48
2021-06-05T00:00:00+00:00,25.0,1003.0,81.92
2021-06-05T03:00:00+00:00,28.6,1004.9,62.71
2021-06-05T06:00:00+00:00,35.4,1003.8,42.91
2021-06-05T09:00:00+00:00,37.4,1001.0,39.4
2021-06-05T12:00:00+00:00,33.4,1001.3,43.99
2021-06-05T15:00:00+00:00,29.4,1001.3,58.41
2021-06-05T18:00:00+00:00,27.6,1003.2,65.66
2021-06-05T21:00:00+00:00,26.0,1002.4,73.04
2021-06-06T00:00:00+00:00,25.2,1003.8,83.46
2021-06-06T03:00:00+00:00,29.6,1004.6,60.66
2021-06-06T06:00:00+00:00,34.6,1003.4,44.04
2021-06-06T09:00:00+00:00,36.6,1001.4,43.23
2021-06-06T12:00:00+00:00,37.6,998.7,40.44
2021-06-06T15:00:00+00:00,32.6,999.9,69.09
2021-06-06T18:00:00+00:00,30.8,1000.4,75.63
2021-06-06T21:00:00+00:00,29.4,1001.3,80.52
2021-06-07T00:00:00+00:00,27.8,1000.7,78.4
2021-06-07T03:00:00+00:00,32.0,1001.9,54.52
2021-06-07T06:00:00+00:00,37.4,1001.0,37.74
2021-06-07T09:00:00+00:00,39.6,998.7,32.49
2021-06-07T12:00:00+00:00,39.6,996.1,30.15
2021-06-07T15:00:00+00:00,35.4,997.2,49.98
2021-06-07T18:00:00+00:00,33.0,998.8,61.05
2021-06-07T21:00:00+00:00,31.0,998.1,66.75
2021-06-08T00:00:00+00:00,30.8,997.9,54.56
2021-06-08T03:00:00+00:00,34.2,999.2,44.75
2021-06-08T06:00:00+00:00,38.8,999.0,34.98
2021-06-08T09:00:00+00:00,41.2,996.5,30.39
2021-06-08T12:00:00+00:00,40.8,993.9,29.91
2021-06-08T15:00:00+00:00,36.4,994.5,46.73
2021-06-08T18:00:00+00:00,34.2,995.5,51.83
2021-06-08T21:00:00+00:00,32.8,995.3,57.44
2021-06-09T00:00:00+00:00,32.8,997.6,45.5
2021-06-09T03:00:00+00:00,34.4,997.1,47.06
2021-06-09T06:00:00+00:00,39.2,996.6,32.99
2021-06-09T09:00:00+00:00,41.6,994.7,29.38
2021-06-09T12:00:00+00:00,41.4,992.8,29.7
2021-06-09T15:00:00+00:00,36.8,993.9,57.01
2021-06-09T18:00:00+00:00,35.4,995.7,53.08
2021-06-09T21:00:00+00:00,34.0,995.9,56.01
2021-06-10T00:00:00+00:00,31.8,995.8,73.58
2021-06-10T03:00:00+00:00,32.8,997.6,67.91
2021-06-10T06:00:00+00:00,36.8,997.6,53.1
2021-06-10T09:00:00+00:00,39.0,995.7,46.29
2021-06-10T12:00:00+00:00,38.0,993.3,47.14
2021-06-10T15:00:00+00:00,33.0,994.7,62.15
2021-06-10T18:00:00+00:00,29.0,1001.1,87.94
2021-06-10T21:00:00+00:00,24.0,997.5,91.33
2021-06-11T00:00:00+00:00,25.0,997.6,83.44
2021-06-11T03:00:00+00:00,29.0,998.7,72.23
2021-06-11T06:00:00+00:00,35.2,997.4,50.84
2021-06-11T09:00:00+00:00,38.0,994.7,49.15
2021-06-11T12:00:00+00:00,37.6,992.7,47.04
2021-06-11T15:00:00+00:00,33.6,994.1,61.54
2021-06-11T18:00:00+00:00,32.0,996.8,68.57
2021-06-11T21:00:00+00:00,30.6,998.0,72.94
2021-06-12T00:00:00+00:00,29.6,996.7,76.8
2021-06-12T03:00:00+00:00,32.0,999.0,67.35
2021-06-12T06:00:00+00:00,33.2,998.7,62.2
2021-06-12T09:00:00+00:00,35.6,997.4,54.09
2021-06-12T12:00:00+00:00,34.4,995.5,50.02
2021-06-12T15:00:00+00:00,31.2,997.8,59.55
2021-06-12T18:00:00+00:00,26.8,999.1,66.72
2021-06-12T21:00:00+00:00,26.4,998.8,70.46
2021-06-13T00:00:00+00:00,26.8,998.9,79.69
2021-06-13T03:00:00+00:00,29.4,999.6,71.01
2021-06-13T06:00:00+00:00,34.0,1000.6,55.01
2021-06-13T09:00:00+00:00,33.2,999.2,60.36
2021-06-13T12:00:00+00:00,35.0,995.5,53.62
2021-06-13T15:00:00+00:00,31.2,997.4,66.79
2021-06-13T18:00:00+00:00,29.4,998.9,76.31
2021-06-13T21:00:00+00:00,28.2,999.0,80.36
2021-06-14T00:00:00+00:00,27.6,997.9,81.25
2021-06-14T03:00:00+00:00,29.6,998.2,69.77
2021-06-14T06:00:00+00:00,35.0,997.5,29.3
2021-06-14T09:00:00+00:00,37.0,994.4,41.53
2021-06-14T12:00:00+00:00,38.2,992.4,39.38
2021-06-14T15:00:00+00:00,34.6,994.1,54.49
2021-06-14T18:00:00+00:00,31.8,995.2,62.64
2021-06-14T21:00:00+00:00,29.8,996.0,68.56
2021-06-15T00:00:00+00:00,28.8,993.9,73.52
2021-06-15T03:00:00+00:00,30.8,994.6,65.52
2021-06-15T06:00:00+00:00,35.0,993.2,52.66
2021-06-15T09:00:00+00:00,38.2,990.4,43.65
2021-06-15T12:00:00+00:00,35.8,991.2,50.38
2021-06-15T15:00:00+00:00,30.6,993.7,60.51
2021-06-15T18:00:00+00:00,28.6,994.3,70.44
2021-06-15T21:00:00+00:00,27.0,993.6,76.87
2021-06-16T00:00:00+00:00,27.2,995.2,75.51
2021-06-16T03:00:00+00:00,30.2,996.8,66.19
2021-06-16T06:00:00+00:00,33.0,997.7,55.43
2021-06-16T09:00:00+00:00,32.0,996.8,62.68
2021-06-16T12:00:00+00:00,32.8,995.3,61.0
2021-06-16T15:00:00+00:00,30.8,997.0,69.16
2021-06-16T18:00:00+00:00,29.4,998.6,77.69
2021-06-16T21:00:00+00:00,28.6,997.9,80.41
2021-06-17T00:00:00+00:00,28.0,997.5,75.64
2021-06-17T03:00:00+00:00,31.2,998.7,68.41
2021-06-17T06:00:00+00:00,31.4,999.2,57.46
2021-06-17T09:00:00+00:00,34.6,998.0,52.24
2021-06-17T12:00:00+00:00,34.8,996.4,51.36
2021-06-17T15:00:00+00:00,31.4,998.2,66.04
2021-06-17T18:00:00+00:00,29.6,1000.1,75.44
2021-06-17T21:00:00+00:00,28.2,999.6,80.36
2021-06-18T00:00:00+00:00,27.2,999.1,81.2
2021-06-18T03:00:00+00:00,30.2,1000.0,71.58
2021-06-18T06:00:00+00:00,34.4,999.8,56.44
2021-06-18T09:00:00+00:00,36.4,998.2,47.87
2021-06-18T12:00:00+00:00,35.0,997.4,53.62
2021-06-18T15:00:00+00:00,31.2,999.1,66.79
2021-06-18T18:00:00+00:00,29.6,1000.4,71.05
2021-06-18T21:00:00+00:00,28.0,1000.0,77.49
2021-06-19T00:00:00+00:00,27.4,998.8,81.23
2021-06-19T03:00:00+00:00,30.0,999.9,69.01
2021-06-19T06:00:00+00:00,34.4,999.3,54.12
2021-06-19T09:00:00+00:00,34.6,997.6,54.49
2021-06-19T12:00:00+00:00,32.6,996.9,61.69
2021-06-19T15:00:00+00:00,29.0,999.0,74.89
2021-06-19T18:00:00+00:00,28.6,1000.0,77.58
2021-06-19T21:00:00+00:00,27.2,999.4,82.68
2021-06-20T00:00:00+00:00,26.6,999.2,90.4
2021-06-20T03:00:00+00:00,27.4,1000.6,82.71
2021-06-20T06:00:00+00:00,31.2,1000.9,66.79
2021-06-20T09:00:00+00:00,34.0,999.2,56.01
2021-06-20T12:00:00+00:00,33.0,998.1,59.96
2021-06-20T15:00:00+00:00,29.8,999.9,72.81
2021-06-20T18:00:00+00:00,28.6,1001.9,80.41
2021-06-20T21:00:00+00:00,28.0,1001.3,83.27
2021-06-21T00:00:00+00:00,27.2,1001.1,87.27
2021-06-21T03:00:00+00:00,29.6,1001.7,78.19
2021-06-21T06:00:00+00:00,34.4,1001.4,52.19
2021-06-21T09:00:00+00:00,35.8,1000.1,49.18
2021-06-21T12:00:00+00:00,36.4,998.5,44.79
2021-06-21T15:00:00+00:00,33.8,999.2,60.5
2021-06-21T18:00:00+00:00,32.6,1000.3,61.69
2021-06-21T21:00:00+00:00,31.2,999.7,65.6
2021-06-22T00:00:00+00:00,29.0,1000.0,80.47
2021-06-22T03:00:00+00:00,32.6,1001.4,61.69
2021-06-22T06:00:00+00:00,37.2,1001.0,36.54
2021-06-22T09:00:00+00:00,39.6,998.9,30.91
2021-06-22T12:00:00+00:00,39.4,995.7,30.86
2021-06-22T15:00:00+00:00,35.0,998.3,49.57
2021-06-22T18:00:00+00:00,32.0,1000.2,63.82
2021-06-22T21:00:00+00:00,30.4,999.7,70.34
2021-06-23T00:00:00+00:00,29.6,1000.0,76.8
2021-06-23T03:00:00+00:00,32.8,1001.4,51.79
2021-06-23T06:00:00+00:00,38.0,1001.1,36.53
2021-06-23T09:00:00+00:00,40.0,999.2,31.41
2021-06-23T12:00:00+00:00,40.2,997.1,33.88
2021-06-23T15:00:00+00:00,35.0,999.0,48.68
2021-06-23T18:00:00+00:00,33.0,1001.1,66.75
2021-06-23T21:00:00+00:00,31.2,1000.7,73.48
2021-06-24T00:00:00+00:00,30.0,1000.6,75.5
2021-06-24T03:00:00+00:00,32.0,1002.0,69.8
2021-06-24T06:00:00+00:00,34.8,1001.1,62.17
2021-06-24T09:00:00+00:00,36.8,998.7,55.02
2021-06-24T12:00:00+00:00,33.0,997.7,45.55
2021-06-24T15:00:00+00:00,31.4,999.0,52.73
2021-06-24T18:00:00+00:00,29.6,1000.6,60.66
2021-06-24T21:00:00+00:00,28.2,1000.1,63.79
2021-06-25T00:00:00+00:00,27.4,1000.0,76.93
2021-06-25T03:00:00+00:00,30.0,1000.9,67.36
2021-06-25T06:00:00+00:00,37.2,999.4,34.98
2021-06-25T09:00:00+00:00,39.0,997.3,35.91
2021-06-25T12:00:00+00:00,38.0,995.2,33.28
2021-06-25T15:00:00+00:00,30.6,999.0,52.2
2021-06-25T18:00:00+00:00,29.6,1000.2,55.98
2021-06-25T21:00:00+00:00,28.0,999.5,62.19
2021-06-26T00:00:00+00:00,27.6,1001.4,71.55
2021-06-26T03:00:00+00:00,29.6,1002.8,68.52
2021-06-26T06:00:00+00:00,34.2,1001.9,53.1
2021-06-26T09:00:00+00:00,38.2,1000.9,35.91
2021-06-26T12:00:00+00:00,35.4,1000.1,45.07
2021-06-26T15:00:00+00:00,30.2,1000.9,78.27
2021-06-26T18:00:00+00:00,29.8,1003.4,82.5
2021-06-26T21:00:00+00:00,27.8,1002.7,90.48
2021-06-27T00:00:00+00:00,28.2,1002.8,80.36
2021-06-27T03:00:00+00:00,31.0,1005.6,67.97
2021-06-27T06:00:00+00:00,35.2,1004.5,28.98
2021-06-27T09:00:00+00:00,38.0,1002.7,43.6
2021-06-27T12:00:00+00:00,37.0,1000.6,51.29
2021-06-27T15:00:00+00:00,34.2,1002.5,70.2
2021-06-27T18:00:00+00:00,32.4,1003.9,67.83
2021-06-27T21:00:00+00:00,30.6,1003.0,74.26
2021-06-28T00:00:00+00:00,29.4,1003.3,79.09
2021-06-28T03:00:00+00:00,32.2,1004.0,65.02
2021-06-28T06:00:00+00:00,37.4,1002.9,44.78
2021-06-28T09:00:00+00:00,39.4,1000.4,38.05
2021-06-28T12:00:00+00:00,38.4,998.9,43.18
2021-06-28T15:00:00+00:00,34.2,999.9,58.46
2021-06-28T18:00:00+00:00,31.8,1001.1,68.53
2021-06-28T21:00:00+00:00,30.4,1000.9,74.23
2021-06-29T00:00:00+00:00,29.4,999.9,77.69
2021-06-29T03:00:00+00:00,33.6,1000.4,57.97
2021-06-29T06:00:00+00:00,39.4,999.0,32.23
2021-06-29T09:00:00+00:00,41.6,996.7,25.78
2021-06-29T12:00:00+00:00,41.4,995.1,24.93
2021-06-29T15:00:00+00:00,36.0,996.2,47.48
2021-06-29T18:00:00+00:00,32.0,997.6,60.09
2021-06-29T21:00:00+00:00,30.6,997.3,63.91
2021-06-30T00:00:00+00:00,30.0,996.7,61.12
2021-06-30T03:00:00+00:00,35.6,997.3,40.39
2021-06-30T06:00:00+00:00,40.4,996.7,30.36
2021-06-30T09:00:00+00:00,42.6,994.3,28.22
2021-06-30T12:00:00+00:00,40.4,992.6,31.13
2021-06-30T15:00:00+00:00,39.4,993.2,31.64
2021-06-30T18:00:00+00:00,37.2,994.0,36.54
2021-06-30T21:00:00+00:00,35.6,993.7,40.39
2021-07-01T00:00:00+00:00,33.8,995.1,46.33
2021-07-01T03:00:00+00:00,35.4,995.5,42.91
2021-07-01T06:00:00+00:00,39.8,994.6,33.56
2021-07-01T09:00:00+00:00,42.2,993.0,29.18
2021-07-01T12:00:00+00:00,41.6,991.3,28.66
2021-07-01T15:00:00+00:00,37.6,992.5,45.92
2021-07-01T18:00:00+00:00,30.0,994.4,69.01
2021-07-01T21:00:00+00:00,28.8,994.4,73.52
2021-07-02T00:00:00+00:00,31.4,994.7,58.52
2021-07-02T03:00:00+00:00,33.8,996.5,49.57
2021-07-02T06:00:00+00:00,37.8,996.1,43.55
2021-07-02T09:00:00+00:00,40.8,994.3,34.45
2021-07-02T12:00:00+00:00,38.0,995.6,47.14
2021-07-02T15:00:00+00:00,27.4,996.4,84.21
2021-07-02T18:00:00+00:00,28.4,997.7,66.23
2021-07-02T21:00:00+00:00,29.4,997.8,67.25
2021-07-03T00:00:00+00:00,28.0,999.8,64.94
2021-07-03T03:00:00+00:00,28.0,1001.1,74.28
2021-07-03T06:00:00+00:00,33.4,1000.5,55.53
2021-07-03T09:00:00+00:00,37.4,998.7,44.78
2021-07-03T12:00:00+00:00,37.6,996.2,42.97
2021-07-03T15:00:00+00:00,29.8,999.5,63.36
2021-07-03T18:00:00+00:00,29.7,1000.0,63.72
2021-07-03T21:00:00+00:00,28.8,1000.0,66.72
2021-07-04T00:00:00+00:00,28.2,1000.8,83.3
2021-07-04T03:00:00+00:00,31.4,1002.5,68.45
2021-07-04T06:00:00+00:00,35.6,1001.5,45.12
2021-07-04T09:00:00+00:00,38.4,999.5,37.78
2021-07-04T12:00:00+00:00,29.8,999.5,63.36
2021-07-04T15:00:00+00:00,33.6,1000.1,52.63
2021-07-04T18:00:00+00:00,32.8,1001.9,53.08
2021-07-04T21:00:00+00:00,30.6,1001.6,56.92
2021-07-05T00:00:00+00:00,29.6,1002.1,62.16
2021-07-05T03:00:00+00:00,31.8,1003.3,56.51
2021-07-05T06:00:00+00:00,36.8,1002.1,45.16
2021-07-05T09:00:00+00:00,39.0,1000.6,41.81
2021-07-05T12:00:00+00:00,39.2,997.5,40.37
2021-07-05T15:00:00+00:00,33.4,999.6,53.55
2021-07-05T18:00:00+00:00,32.8,1001.3,57.44
2021-07-05T21:00:00+00:00,31.2,1000.6,65.6
2021-07-06T00:00:00+00:00,30.2,1000.5,65.0
2021-07-06T03:00:00+00:00,32.8,1001.0,54.06
2021-07-06T06:00:00+00:00,37.4,1000.5,42.14
2021-07-06T09:00:00+00:00,39.6,997.7,38.1
2021-07-06T12:00:00+00:00,40.0,995.7,34.45
2021-07-06T15:00:00+00:00,36.0,997.3,52.28
2021-07-06T18:00:00+00:00,34.4,998.2,56.44
2021-07-06T21:00:00+00:00,32.4,998.0,66.63
2021-07-07T00:00:00+00:00,31.2,998.3,70.91
2021-07-07T03:00:00+00:00,34.6,999.0,54.49
2021-07-07T06:00:00+00:00,39.0,999.3,37.71
2021-07-07T09:00:00+00:00,41.4,997.6,31.97
2021-07-07T12:00:00+00:00,40.6,995.2,31.96
2021-07-07T15:00:00+00:00,36.8,995.3,43.28
2021-07-07T18:00:00+00:00,34.6,997.2,52.24
2021-07-07T21:00:00+00:00,33.2,996.2,58.93
2021-07-08T00:00:00+00:00,32.6,997.5,49.56
2021-07-08T03:00:00+00:00,34.4,998.7,40.07
2021-07-08T06:00:00+00:00,38.8,999.0,34.98
2021-07-08T09:00:00+00:00,40.4,996.9,35.63
2021-07-08T12:00:00+00:00,39.6,995.0,39.04
2021-07-08T15:00:00+00:00,36.4,996.5,50.84
2021-07-08T18:00:00+00:00,26.8,999.8,88.81
2021-07-08T21:00:00+00:00,28.6,999.3,80.9
2021-07-09T00:00:00+00:00,29.2,1000.0,77.66
2021-07-09T03:00:00+00:00,30.4,1001.5,72.91
2021-07-09T06:00:00+00:00,32.4,1001.1,69.05
2021-07-09T09:00:00+00:00,36.8,998.8,49.14
2021-07-09T12:00:00+00:00,37.2,996.4,54.47
2021-07-09T15:00:00+00:00,34.0,998.4,62.74
2021-07-09T18:00:00+00:00,32.6,999.6,66.67
2021-07-09T21:00:00+00:00,31.2,999.1,72.18
2021-07-10T00:00:00+00:00,30.2,999.7,76.89
2021-07-10T03:00:00+00:00,32.6,1000.6,65.49
2021-07-10T06:00:00+00:00,36.6,999.7,51.5
2021-07-10T09:00:00+00:00,39.2,997.5,46.34
2021-07-10T12:00:00+00:00,38.2,995.6,47.48
2021-07-10T15:00:00+00:00,35.4,997.2,58.39
2021-07-10T18:00:00+00:00,34.0,999.3,61.63
2021-07-10T21:00:00+00:00,32.4,999.0,66.63
2021-07-11T00:00:00+00:00,30.8,999.9,75.63
2021-07-11T03:00:00+00:00,32.6,1001.3,71.58
2021-07-11T06:00:00+00:00,37.2,1000.5,56.43
2021-07-11T09:00:00+00:00,38.2,998.5,51.29
2021-07-11T12:00:00+00:00,36.2,1000.1,57.88
2021-07-11T15:00:00+00:00,31.8,1000.1,69.76
2021-07-11T18:00:00+00:00,30.2,1002.3,76.89
2021-07-11T21:00:00+00:00,28.8,1001.9,80.44
2021-07-12T00:00:00+00:00,28.2,1003.1,83.3
2021-07-12T03:00:00+00:00,30.6,1004.2,74.26
2021-07-12T06:00:00+00:00,33.6,1004.1,62.65
2021-07-12T09:00:00+00:00,36.8,1001.1,50.94
2021-07-12T12:00:00+00:00,35.6,999.4,55.06
2021-07-12T15:00:00+00:00,31.0,1001.9,69.2
2021-07-12T18:00:00+00:00,30.4,1002.5,75.56
2021-07-12T21:00:00+00:00,29.2,999.5,79.07
2021-07-13T00:00:00+00:00,29.2,1002.3,84.9
2021-07-13T03:00:00+00:00,25.2,1003.9,100.0
2021-07-13T06:00:00+00:00,28.0,1002.4,95.42
2021-07-13T09:00:00+00:00,30.8,1001.3,81.17
2021-07-13T12:00:00+00:00,28.4,1001.1,95.44
2021-07-13T15:00:00+00:00,28.0,1000.7,92.11
2021-07-13T18:00:00+00:00,27.8,1002.7,90.48
2021-07-13T21:00:00+00:00,26.8,1001.3,93.7
2021-07-14T00:00:00+00:00,28.2,1000.9,90.51
2021-07-14T03:00:00+00:00,30.4,1001.5,82.57
2021-07-14T06:00:00+00:00,35.0,1001.0,62.22
2021-07-14T09:00:00+00:00,25.4,1003.0,100.0
2021-07-14T12:00:00+00:00,25.6,1000.1,100.0
2021-07-14T15:00:00+00:00,25.8,1000.7,96.5
2021-07-14T18:00:00+00:00,26.0,1002.4,98.24
2021-07-14T21:00:00+00:00,25.4,1001.7,96.48
2021-07-15T00:00:00+00:00,26.2,1002.0,94.8
2021-07-15T03:00:00+00:00,29.8,1002.6,89.56
2021-07-15T06:00:00+00:00,35.3,1002.4,56.66
2021-07-15T09:00:00+00:00,33.6,1001.4,64.92
2021-07-15T12:00:00+00:00,35.4,999.2,61.57
2021-07-15T15:00:00+00:00,31.4,1000.4,80.3
2021-07-15T18:00:00+00:00,30.4,1002.1,85.52
2021-07-15T21:00:00+00:00,28.6,1001.8,90.54
2021-07-16T00:00:00+00:00,28.2,1003.8,92.13
2021-07-16T03:00:00+00:00,31.4,1005.1,78.9
2021-07-16T06:00:00+00:00,35.8,1003.9,58.48
2021-07-16T09:00:00+00:00,37.2,1001.8,55.45
2021-07-16T12:00:00+00:00,35.8,1000.1,56.44
2021-07-16T15:00:00+00:00,34.2,1000.9,66.6
2021-07-16T18:00:00+00:00,32.2,1002.4,74.08
2021-07-16T21:00:00+00:00,30.8,1002.3,78.36
2021-07-17T00:00:00+00:00,30.0,1001.7,82.52
2021-07-17T03:00:00+00:00,32.0,1002.2,74.93
2021-07-17T06:00:00+00:00,35.8,1001.4,57.45
2021-07-17T09:00:00+00:00,37.6,998.9,53.61
2021-07-17T12:00:00+00:00,38.0,997.0,54.03
2021-07-17T15:00:00+00:00,35.4,999.0,61.57
2021-07-17T18:00:00+00:00,31.0,999.6,73.88
2021-07-17T21:00:00+00:00,29.4,999.2,80.52
2021-07-18T00:00:00+00:00,29.8,998.1,79.62
2021-07-18T03:00:00+00:00,30.8,998.5,81.17
2021-07-18T06:00:00+00:00,34.2,998.0,68.58
2021-07-18T09:00:00+00:00,36.2,995.2,61.03
2021-07-18T12:00:00+00:00,31.8,996.2,74.89
2021-07-18T15:00:00+00:00,28.2,997.3,93.77
2021-07-18T18:00:00+00:00,27.8,998.5,92.1
2021-07-18T21:00:00+00:00,27.6,997.3,93.74
2021-07-19T00:00:00+00:00,26.2,997.9,100.0
2021-07-19T03:00:00+00:00,26.2,998.2,100.0
2021-07-19T06:00:00+00:00,25.6,999.7,100.0
2021-07-19T09:00:00+00:00,26.0,997.8,100.0
2021-07-19T12:00:00+00:00,26.2,996.6,98.24
2021-07-19T15:00:00+00:00,26.0,997.3,98.24
2021-07-19T18:00:00+00:00,26.4,998.5,98.24
2021-07-19T21:00:00+00:00,25.8,997.9,98.23
2021-07-20T00:00:00+00:00,26.0,997.3,98.24
2021-07-20T03:00:00+00:00,27.2,998.1,96.53
2021-07-20T06:00:00+00:00,28.6,999.2,95.44
2021-07-20T09:00:00+00:00,31.6,997.6,77.55
2021-07-20T12:00:00+00:00,29.8,996.9,92.21
2021-07-20T15:00:00+00:00,24.6,997.8,100.0
2021-07-20T18:00:00+00:00,25.4,998.5,98.23
2021-07-20T21:00:00+00:00,26.0,999.6,96.5
2021-07-21T00:00:00+00:00,25.4,997.0,100.0
2021-07-21T03:00:00+00:00,26.0,998.5,100.0
2021-07-21T06:00:00+00:00,31.4,997.7,77.52
2021-07-21T09:00:00+00:00,34.2,994.8,66.6
2021-07-21T12:00:00+00:00,33.2,993.3,74.24
2021-07-21T15:00:00+00:00,31.2,994.4,84.12
2021-07-21T18:00:00+00:00,29.6,995.9,87.99
2021-07-21T21:00:00+00:00,28.4,995.1,88.94
2021-07-22T00:00:00+00:00,27.6,995.5,90.47
2021-07-22T03:00:00+00:00,29.4,996.1,84.92
2021-07-22T06:00:00+00:00,32.4,996.5,72.82
2021-07-22T09:00:00+00:00,33.6,994.1,68.46
2021-07-22T12:00:00+00:00,32.0,993.0,69.8
2021-07-22T15:00:00+00:00,29.6,995.4,81.02
2021-07-22T18:00:00+00:00,28.6,996.5,86.36
2021-07-22T21:00:00+00:00,27.2,996.1,93.72
2021-07-23T00:00:00+00:00,27.8,997.0,92.1
2021-07-23T03:00:00+00:00,30.2,997.4,84.01
2021-07-23T06:00:00+00:00,32.4,997.8,74.11
2021-07-23T09:00:00+00:00,33.6,995.6,67.27
2021-07-23T12:00:00+00:00,34.0,993.9,63.86
2021-07-23T15:00:00+00:00,31.6,995.7,76.2
2021-07-23T18:00:00+00:00,30.0,997.7,84.98
2021-07-23T21:00:00+00:00,28.8,997.0,90.55
2021-07-24T00:00:00+00:00,28.2,997.5,92.13
2021-07-24T03:00:00+00:00,31.0,999.1,82.64
2021-07-24T06:00:00+00:00,35.6,998.3,60.54
2021-07-24T09:00:00+00:00,33.2,997.1,72.95
2021-07-24T12:00:00+00:00,33.4,996.1,70.88
2021-07-24T15:00:00+00:00,31.8,997.2,80.35
2021-07-24T18:00:00+00:00,30.6,998.0,85.54
2021-07-24T21:00:00+00:00,29.8,997.7,88.01
2021-07-25T00:00:00+00:00,29.4,998.0,89.54
2021-07-25T03:00:00+00:00,32.0,998.3,76.26
2021-07-25T06:00:00+00:00,36.0,997.6,58.52
2021-07-25T09:00:00+00:00,37.0,995.5,58.41
2021-07-25T12:00:00+00:00,35.8,994.7,57.45
2021-07-25T15:00:00+00:00,33.4,996.2,69.64
2021-07-25T18:00:00+00:00,31.6,996.8,75.75
2021-07-25T21:00:00+00:00,29.8,996.5,82.5
2021-07-26T00:00:00+00:00,30.4,996.0,86.53
2021-07-26T03:00:00+00:00,31.8,997.6,77.58
2021-07-26T06:00:00+00:00,32.6,997.8,74.15
2021-07-26T09:00:00+00:00,33.0,995.8,70.4
2021-07-26T12:00:00+00:00,32.2,994.0,76.29
2021-07-26T15:00:00+00:00,31.2,994.7,78.87
2021-07-26T18:00:00+00:00,30.2,995.5,85.0
2021-07-26T21:00:00+00:00,29.4,996.4,87.97
2021-07-27T00:00:00+00:00,30.0,994.3,88.02
2021-07-27T03:00:00+00:00,27.0,995.3,100.0
2021-07-27T06:00:00+00:00,28.4,995.0,95.44
2021-07-27T09:00:00+00:00,29.2,993.9,90.58
2021-07-27T12:00:00+00:00,28.6,993.5,93.78
2021-07-27T15:00:00+00:00,27.6,994.4,98.26
2021-07-27T18:00:00+00:00,28.4,995.2,95.44
2021-07-27T21:00:00+00:00,28.0,995.2,96.55
2021-07-28T00:00:00+00:00,26.6,994.6,100.0
2021-07-28T03:00:00+00:00,27.2,996.5,96.53
2021-07-28T06:00:00+00:00,27.0,997.5,93.71
2021-07-28T09:00:00+00:00,26.4,996.3,100.0
2021-07-28T12:00:00+00:00,27.0,995.1,84.17
2021-07-28T15:00:00+00:00,26.6,996.9,94.81
2021-07-28T18:00:00+00:00,26.6,997.2,96.52
2021-07-28T21:00:00+00:00,26.2,997.0,98.24
2021-07-29T00:00:00+00:00,26.0,995.9,96.5
2021-07-29T03:00:00+00:00,27.4,997.4,92.08
2021-07-29T06:00:00+00:00,30.2,997.7,78.27
2021-07-29T09:00:00+00:00,32.0,995.6,73.61
2021-07-29T12:00:00+00:00,26.6,995.3,100.0
2021-07-29T15:00:00+00:00,26.4,997.1,97.66
2021-07-29T18:00:00+00:00,26.4,998.4,97.66
2021-07-29T21:00:00+00:00,26.0,997.5,97.65
2021-07-30T00:00:00+00:00,26.0,997.4,97.65
2021-07-30T03:00:00+00:00,27.4,999.2,93.73
2021-07-30T06:00:00+00:00,28.8,998.7,89.49
2021-07-30T09:00:00+00:00,31.8,996.3,78.96
2021-07-30T12:00:00+00:00,26.8,995.9,96.52
2021-07-30T15:00:00+00:00,26.8,997.4,96.52
2021-07-30T18:00:00+00:00,26.6,998.5,98.24
2021-07-30T21:00:00+00:00,26.8,997.6,96.52
2021-07-31T00:00:00+00:00,26.2,997.7,96.51
2021-07-31T03:00:00+00:00,28.2,999.0,93.77
2021-07-31T06:00:00+00:00,30.6,999.4,84.05
2021-07-31T09:00:00+00:00,32.8,996.9,70.36
2021-07-31T12:00:00+00:00,34.4,995.7,67.82
2021-07-31T15:00:00+00:00,31.4,997.3,85.62
2021-07-31T18:00:00+00:00,29.8,998.5,89.56
2021-07-31T21:00:00+00:00,28.8,997.6,93.79
2021-08-01T00:00:00+00:00,28.2,997.4,86.32
2021-08-01T03:00:00+00:00,25.2,999.4,100.0
2021-08-01T06:00:00+00:00,26.2,998.4,97.66
2021-08-01T09:00:00+00:00,31.4,996.1,74.83
2021-08-01T12:00:00+00:00,32.0,994.6,71.05
2021-08-01T15:00:00+00:00,29.6,996.7,87.99
2021-08-01T18:00:00+00:00,28.4,997.5,90.52
2021-08-01T21:00:00+00:00,27.4,996.6,95.4
2021-08-02T00:00:00+00:00,28.0,997.4,93.76
2021-08-02T03:00:00+00:00,28.8,998.4,90.55
2021-08-02T06:00:00+00:00,30.6,998.9,76.95
2021-08-02T09:00:00+00:00,32.0,996.8,76.26
2021-08-02T12:00:00+00:00,30.6,997.2,81.15
2021-08-02T15:00:00+00:00,29.0,998.2,87.94
2021-08-02T18:00:00+00:00,28.4,998.4,88.94
2021-08-02T21:00:00+00:00,27.6,998.0,92.09
2021-08-03T00:00:00+00:00,27.6,998.0,92.09
2021-08-03T03:00:00+00:00,29.4,999.7,84.92
2021-08-03T06:00:00+00:00,33.2,999.4,67.19
2021-08-03T09:00:00+00:00,33.8,997.9,64.96
2021-08-03T12:00:00+00:00,34.0,996.6,65.39
2021-08-03T15:00:00+00:00,30.4,998.6,76.92
2021-08-03T18:00:00+00:00,29.2,999.6,81.94
2021-08-03T21:00:00+00:00,28.4,999.3,86.34
2021-08-04T00:00:00+00:00,27.6,999.6,88.87
2021-08-04T03:00:00+00:00,28.6,1000.2,78.98
2021-08-04T06:00:00+00:00,33.2,1000.5,62.2
2021-08-04T09:00:00+00:00,34.4,998.6,59.56
2021-08-04T12:00:00+00:00,34.0,997.7,62.74
2021-08-04T15:00:00+00:00,31.0,998.7,73.45
2021-08-04T18:00:00+00:00,29.6,999.9,83.45
2021-08-04T21:00:00+00:00,28.8,999.8,86.38
2021-08-05T00:00:00+00:00,28.4,999.4,86.34
2021-08-05T03:00:00+00:00,30.4,1000.3,78.3
2021-08-05T06:00:00+00:00,33.4,1000.1,66.05
2021-08-05T09:00:00+00:00,34.0,998.5,63.86
2021-08-05T12:00:00+00:00,34.6,996.6,61.04
2021-08-05T15:00:00+00:00,31.4,998.2,76.17
2021-08-05T18:00:00+00:00,30.2,999.5,81.1
2021-08-05T21:00:00+00:00,29.0,999.3,86.4
2021-08-06T00:00:00+00:00,28.6,998.6,87.91
2021-08-06T03:00:00+00:00,30.2,1000.2,84.01
2021-08-06T06:00:00+00:00,34.0,1000.1,65.01
2021-08-06T09:00:00+00:00,36.0,997.8,55.49
2021-08-06T12:00:00+00:00,35.0,996.8,63.32
2021-08-06T15:00:00+00:00,32.0,998.2,72.32
2021-08-06T18:00:00+00:00,31.0,999.9,78.38
2021-08-06T21:00:00+00:00,30.2,999.2,81.1
2021-08-07T00:00:00+00:00,29.0,1000.1,87.94
2021-08-07T03:00:00+00:00,30.8,1001.2,81.17
2021-08-07T06:00:00+00:00,28.2,1002.4,93.77
2021-08-07T09:00:00+00:00,33.0,1000.0,71.65
2021-08-07T12:00:00+00:00,30.6,1000.2,79.73
2021-08-07T15:00:00+00:00,29.6,1001.2,84.94
2021-08-07T18:00:00+00:00,29.2,1002.5,89.52
2021-08-07T21:00:00+00:00,28.8,1000.8,90.55
2021-08-08T00:00:00+00:00,28.6,1002.2,92.15
2021-08-08T03:00:00+00:00,29.8,1003.1,83.48
2021-08-08T06:00:00+00:00,32.4,1002.8,72.82
2021-08-08T09:00:00+00:00,26.6,1002.3,96.52
2021-08-08T12:00:00+00:00,27.2,1001.2,96.53
2021-08-08T15:00:00+00:00,27.4,1002.9,93.73
2021-08-08T18:00:00+00:00,27.0,1003.9,96.53
2021-08-08T21:00:00+00:00,26.4,1002.6,98.24
2021-08-09T00:00:00+00:00,26.6,1002.5,96.52
2021-08-09T03:00:00+00:00,28.4,1003.9,92.14
2021-08-09T06:00:00+00:00,30.4,1004.7,81.12
2021-08-09T09:00:00+00:00,33.4,1001.7,69.64
2021-08-09T12:00:00+00:00,32.8,1000.3,72.89
2021-08-09T15:00:00+00:00,28.6,1001.3,86.36
2021-08-09T18:00:00+00:00,28.2,1002.4,88.92
2021-08-09T21:00:00+00:00,27.8,1002.2,88.89
2021-08-10T00:00:00+00:00,26.8,1000.6,88.81
2021-08-10T03:00:00+00:00,28.8,1002.2,79.01
2021-08-10T06:00:00+00:00,33.4,1001.9,61.13
2021-08-10T09:00:00+00:00,35.4,1000.1,57.02
2021-08-10T12:00:00+00:00,35.0,998.2,58.99
2021-08-10T15:00:00+00:00,32.6,999.1,71.58
2021-08-10T18:00:00+00:00,31.2,1000.7,73.48
2021-08-10T21:00:00+00:00,30.4,1000.5,75.56
2021-08-11T00:00:00+00:00,28.2,1000.5,83.3
2021-08-11T03:00:00+00:00,30.2,1001.7,66.19
2021-08-11T06:00:00+00:00,33.8,1002.0,53.65
2021-08-11T09:00:00+00:00,35.8,1000.5,50.38
2021-08-11T12:00:00+00:00,35.2,999.4,53.99
2021-08-11T15:00:00+00:00,32.2,1000.5,69.01
2021-08-11T18:00:00+00:00,30.6,1001.6,71.65
2021-08-11T21:00:00+00:00,29.8,1001.1,75.47
2021-08-12T00:00:00+00:00,28.2,1002.5,77.52
2021-08-12T03:00:00+00:00,30.4,1003.2,65.04
2021-08-12T06:00:00+00:00,34.2,1003.4,53.1
2021-08-12T09:00:00+00:00,35.8,1001.7,50.38
2021-08-12T12:00:00+00:00,35.6,1000.3,53.13
2021-08-12T15:00:00+00:00,32.6,1001.3,67.87
2021-08-12T18:00:00+00:00,31.4,1001.9,70.94
2021-08-12T21:00:00+00:00,30.2,1001.1,76.89
2021-08-13T00:00:00+00:00,29.0,1001.0,73.11
2021-08-13T03:00:00+00:00,30.4,1001.8,62.72
2021-08-13T06:00:00+00:00,35.0,1001.5,48.68
2021-08-13T09:00:00+00:00,36.2,999.2,43.92
2021-08-13T12:00:00+00:00,35.2,997.6,50.84
2021-08-13T15:00:00+00:00,33.4,998.9,64.88
2021-08-13T18:00:00+00:00,32.0,999.1,68.57
2021-08-13T21:00:00+00:00,30.6,998.6,74.26
2021-08-14T00:00:00+00:00,28.8,998.5,72.2
2021-08-14T03:00:00+00:00,30.6,999.6,63.91
2021-08-14T06:00:00+00:00,34.6,999.4,52.24
2021-08-14T09:00:00+00:00,36.6,997.9,47.06
2021-08-14T12:00:00+00:00,36.0,997.2,49.53
2021-08-14T15:00:00+00:00,33.0,997.8,63.28
2021-08-14T18:00:00+00:00,31.8,998.8,66.12
2021-08-14T21:00:00+00:00,31.0,998.3,67.97
2021-08-15T00:00:00+00:00,29.0,998.4,72.23
2021-08-15T03:00:00+00:00,30.6,999.6,62.76
2021-08-15T06:00:00+00:00,35.0,1000.8,49.57
2021-08-15T09:00:00+00:00,36.8,999.5,46.27
2021-08-15T12:00:00+00:00,35.8,998.4,48.3
2021-08-15T15:00:00+00:00,32.6,1000.0,64.33
2021-08-15T18:00:00+00:00,31.4,1001.5,72.22
2021-08-15T21:00:00+00:00,30.4,1001.8,76.92
2021-08-16T00:00:00+00:00,29.4,1003.1,72.3
2021-08-16T03:00:00+00:00,30.4,1004.0,62.72
2021-08-16T06:00:00+00:00,35.2,1004.2,49.62
2021-08-16T09:00:00+00:00,37.0,1002.6,44.4
2021-08-16T12:00:00+00:00,36.0,1002.6,49.53
2021-08-16T15:00:00+00:00,33.2,1002.4,62.2
2021-08-16T18:00:00+00:00,31.6,1003.6,73.55
2021-08-16T21:00:00+00:00,30.4,1003.3,78.3
2021-08-17T00:00:00+00:00,30.0,1003.5,82.52
2021-08-17T03:00:00+00:00,32.0,1004.4,72.32
2021-08-17T06:00:00+00:00,36.4,1003.9,51.76
2021-08-17T09:00:00+00:00,37.8,1001.9,46.25
2021-08-17T12:00:00+00:00,35.6,999.8,55.06
2021-08-17T15:00:00+00:00,33.4,1001.0,64.88
2021-08-17T18:00:00+00:00,31.6,1001.8,74.86
2021-08-17T21:00:00+00:00,30.6,1001.2,78.33
2021-08-18T00:00:00+00:00,29.2,1001.4,84.9
2021-08-18T03:00:00+00:00,32.2,1002.5,74.08
2021-08-18T06:00:00+00:00,36.0,1001.7,52.28
2021-08-18T09:00:00+00:00,37.6,999.1,45.1
2021-08-18T12:00:00+00:00,35.4,997.6,48.78
2021-08-18T15:00:00+00:00,32.4,999.0,65.45
2021-08-18T18:00:00+00:00,31.0,1002.5,76.11
2021-08-18T21:00:00+00:00,29.8,1000.1,81.05
2021-08-19T00:00:00+00:00,29.6,999.8,83.45
2021-08-19T03:00:00+00:00,32.0,1001.2,69.8
2021-08-19T06:00:00+00:00,35.8,1000.9,55.44
2021-08-19T09:00:00+00:00,35.2,998.8,59.04
2021-08-19T12:00:00+00:00,35.4,997.6,56.01
2021-08-19T15:00:00+00:00,32.6,999.0,70.32
2021-08-19T18:00:00+00:00,30.4,1000.4,74.23
2021-08-19T21:00:00+00:00,29.0,999.3,77.64
2021-08-20T00:00:00+00:00,29.4,1001.2,84.92
2021-08-20T03:00:00+00:00,30.0,1002.5,81.07
2021-08-20T06:00:00+00:00,26.6,1004.2,93.69
2021-08-20T09:00:00+00:00,26.0,1003.7,94.79
2021-08-20T12:00:00+00:00,26.6,1002.0,96.52
2021-08-20T15:00:00+00:00,26.4,1003.3,94.81
2021-08-20T18:00:00+00:00,26.2,1004.9,94.8
2021-08-20T21:00:00+00:00,26.0,1003.9,94.79
2021-08-21T00:00:00+00:00,25.8,1003.4,100.0
2021-08-21T03:00:00+00:00,25.4,1005.2,100.0
2021-08-21T06:00:00+00:00,28.8,1004.8,100.0
2021-08-21T09:00:00+00:00,30.4,1003.0,86.53
2021-08-21T12:00:00+00:00,30.4,1003.1,88.06
2021-08-21T15:00:00+00:00,27.8,1004.3,96.55
2021-08-21T18:00:00+00:00,27.0,1005.9,95.39
2021-08-21T21:00:00+00:00,26.4,1005.1,96.51
2021-08-22T00:00:00+00:00,27.0,1004.6,85.7
2021-08-22T03:00:00+00:00,27.8,1006.2,92.1
2021-08-22T06:00:00+00:00,30.2,1005.8,81.1
2021-08-22T09:00:00+00:00,33.6,1002.8,68.46
2021-08-22T12:00:00+00:00,33.4,1000.9,72.14
2021-08-22T15:00:00+00:00,30.6,1002.8,81.15
2021-08-22T18:00:00+00:00,29.6,1002.2,86.45
2021-08-22T21:00:00+00:00,28.6,1002.0,92.15
2021-08-23T00:00:00+00:00,28.4,1001.8,93.77
2021-08-23T03:00:00+00:00,28.4,1001.8,88.94
2021-08-23T06:00:00+00:00,31.4,1003.4,78.9
2021-08-23T09:00:00+00:00,34.4,1000.4,63.2
2021-08-23T12:00:00+00:00,34.0,998.9,66.17
2021-08-23T15:00:00+00:00,32.0,1000.7,77.61
2021-08-23T18:00:00+00:00,30.8,1001.3,82.61
2021-08-23T21:00:00+00:00,29.8,1000.9,86.47
2021-08-24T00:00:00+00:00,29.0,1000.5,90.56
2021-08-24T03:00:00+00:00,29.8,1001.3,89.56
2021-08-24T06:00:00+00:00,32.6,1001.6,72.85
2021-08-24T09:00:00+00:00,33.8,999.5,64.96
2021-08-24T12:00:00+00:00,33.0,998.4,71.65
2021-08-24T15:00:00+00:00,31.6,998.9,84.16
2021-08-24T18:00:00+00:00,30.6,999.9,85.54
2021-08-24T21:00:00+00:00,29.6,999.6,89.55
2021-08-25T00:00:00+00:00,29.2,998.6,84.9
2021-08-25T03:00:00+00:00,31.0,999.5,64.38
2021-08-25T06:00:00+00:00,34.4,999.1,53.15
2021-08-25T09:00:00+00:00,35.8,997.7,51.3
2021-08-25T12:00:00+00:00,35.4,995.8,51.51
2021-08-25T15:00:00+00:00,32.6,996.2,60.59
2021-08-25T18:00:00+00:00,31.2,996.8,65.21
2021-08-26T00:00:00+00:00,28.8,996.8,67.95
2021-08-26T03:00:00+00:00,29.6,998.4,64.48
2021-08-26T06:00:00+00:00,32.4,998.7,55.97
2021-08-26T09:00:00+00:00,35.0,997.4,49.57
2021-08-26T12:00:00+00:00,34.0,996.0,54.02
2021-08-26T15:00:00+00:00,30.6,997.5,69.12
2021-08-26T18:00:00+00:00,29.0,998.6,70.94
2021-08-26T21:00:00+00:00,28.2,998.2,72.97
2021-08-27T00:00:00+00:00,27.4,998.5,76.93
2021-08-27T03:00:00+00:00,29.0,1000.3,67.99
2021-08-27T06:00:00+00:00,34.0,999.6,51.78
2021-08-27T09:00:00+00:00,35.6,999.5,49.13
2021-08-27T12:00:00+00:00,34.8,998.7,51.36
2021-08-27T15:00:00+00:00,32.0,1000.2,66.16
2021-08-27T18:00:00+00:00,31.0,1000.7,65.56
2021-08-27T21:00:00+00:00,29.6,1000.2,69.77
2021-08-28T00:00:00+00:00,28.8,1000.5,74.86
2021-08-28T03:00:00+00:00,30.6,1001.6,72.94
2021-08-28T06:00:00+00:00,34.2,1001.1,53.1
2021-08-28T09:00:00+00:00,34.6,999.7,52.24
2021-08-28T12:00:00+00:00,33.4,998.4,57.92
2021-08-28T15:00:00+00:00,30.0,1000.4,78.24
2021-08-28T18:00:00+00:00,29.4,1001.4,81.96
2021-08-28T21:00:00+00:00,28.8,1001.2,83.36
2021-08-29T00:00:00+00:00,28.2,1000.4,87.35
2021-08-29T03:00:00+00:00,29.0,1002.1,83.39
2021-08-29T06:00:00+00:00,32.4,1001.9,67.83
2021-08-29T09:00:00+00:00,34.2,1000.5,61.68
2021-08-29T12:00:00+00:00,33.0,999.7,65.57
2021-08-29T15:00:00+00:00,29.8,1002.4,82.5
2021-08-29T18:00:00+00:00,28.2,1004.7,83.3
2021-08-29T21:00:00+00:00,27.4,1004.1,85.73
2021-08-30T00:00:00+00:00,27.0,1005.0,87.25
2021-08-30T03:00:00+00:00,28.6,1005.8,81.87
2021-08-30T06:00:00+00:00,30.8,1005.6,71.69
2021-08-30T09:00:00+00:00,33.0,1003.6,66.75
2021-08-30T12:00:00+00:00,33.4,1001.9,67.23
2021-08-30T15:00:00+00:00,30.0,1005.1,76.86
2021-08-30T18:00:00+00:00,28.6,1006.5,81.87
2021-08-30T21:00:00+00:00,27.4,1005.7,87.28
2021-08-31T00:00:00+00:00,27.2,1006.1,85.71
2021-08-31T03:00:00+00:00,28.0,1006.0,84.78
2021-08-31T09:00:00+00:00,25.8,1007.1,97.65
2021-08-31T12:00:00+00:00,26.8,1005.1,96.52
2021-08-31T15:00:00+00:00,26.2,1007.0,97.66
2021-08-31T18:00:00+00:00,26.2,1008.1,100.0
2021-08-31T21:00:00+00:00,25.8,1007.6,100.0
2021-09-01T00:00:00+00:00,25.8,1006.5,98.23
2021-09-01T03:00:00+00:00,24.6,1008.3,100.0
2021-09-01T06:00:00+00:00,23.6,1008.8,100.0
2021-09-01T09:00:00+00:00,24.8,1005.7,98.22
2021-09-01T12:00:00+00:00,25.8,1004.2,96.5
2021-09-01T15:00:00+00:00,25.8,1004.4,98.23
2021-09-01T18:00:00+00:00,25.4,1005.1,98.23
2021-09-01T21:00:00+00:00,25.2,1004.8,100.0
2021-09-02T00:00:00+00:00,25.0,1004.8,100.0
2021-09-02T03:00:00+00:00,24.4,1006.0,100.0
2021-09-02T06:00:00+00:00,27.4,1005.7,90.46
2021-09-02T09:00:00+00:00,31.6,1003.8,76.2
2021-09-02T12:00:00+00:00,31.2,1000.6,72.18
2021-09-02T15:00:00+00:00,28.8,1002.9,86.38
2021-09-02T18:00:00+00:00,27.8,1003.8,88.89
2021-09-03T00:00:00+00:00,26.0,1003.0,94.79
2021-09-03T03:00:00+00:00,27.4,1003.5,92.08
2021-09-03T06:00:00+00:00,32.4,1003.0,70.29
2021-09-03T09:00:00+00:00,34.4,1000.6,58.5
2021-09-03T12:00:00+00:00,33.0,999.3,62.15
2021-09-03T15:00:00+00:00,30.0,1001.4,83.5
2021-09-03T18:00:00+00:00,27.0,1003.5,88.83
2021-09-03T21:00:00+00:00,26.4,1002.2,90.39
2021-09-04T00:00:00+00:00,26.8,1002.2,93.7
2021-09-04T03:00:00+00:00,27.2,1004.0,88.84
2021-09-04T06:00:00+00:00,31.6,1003.5,70.98
2021-09-04T09:00:00+00:00,30.2,1001.9,71.58
2021-09-04T12:00:00+00:00,28.8,1000.5,77.61
2021-09-04T15:00:00+00:00,28.2,1001.3,86.32
2021-09-04T18:00:00+00:00,27.6,1002.1,85.75
2021-09-04T21:00:00+00:00,27.0,1002.1,88.83
2021-09-05T00:00:00+00:00,26.6,1002.4,92.04
2021-09-05T03:00:00+00:00,28.4,1003.8,86.34
2021-09-05T06:00:00+00:00,33.0,1003.9,70.4
2021-09-05T09:00:00+00:00,33.8,1001.8,66.13
2021-09-05T12:00:00+00:00,32.8,1000.5,70.36
2021-09-05T15:00:00+00:00,30.2,1000.6,81.1
2021-09-05T18:00:00+00:00,29.2,1002.9,86.42
2021-09-05T21:00:00+00:00,28.2,1002.7,88.92
2021-09-06T00:00:00+00:00,28.0,1003.3,92.11
2021-09-06T03:00:00+00:00,30.4,1005.2,82.57
2021-09-06T09:00:00+00:00,35.0,1001.9,57.95
2021-09-06T12:00:00+00:00,35.4,1001.3,57.02
2021-09-06T15:00:00+00:00,31.6,1002.7,81.75
2021-09-06T18:00:00+00:00,30.2,1004.1,86.51
2021-09-06T21:00:00+00:00,29.0,1003.7,92.17
2021-09-07T00:00:00+00:00,30.2,1004.1,86.51
2021-09-07T03:00:00+00:00,29.6,1006.9,86.45
2021-09-07T06:00:00+00:00,32.2,1006.7,74.96
2021-09-07T09:00:00+00:00,33.4,1004.1,69.64
2021-09-07T12:00:00+00:00,32.6,1002.1,74.15
2021-09-07T15:00:00+00:00,28.0,1003.7,93.76
2021-09-07T18:00:00+00:00,27.8,1004.7,94.86
2021-09-07T21:00:00+00:00,27.4,1004.2,96.54
2021-09-08T00:00:00+00:00,27.0,1004.4,93.71
2021-09-08T03:00:00+00:00,28.4,1005.4,84.82
2021-09-08T06:00:00+00:00,31.0,1005.5,76.11
2021-09-08T09:00:00+00:00,32.6,1002.8,67.87
2021-09-08T12:00:00+00:00,31.8,1001.4,72.29
2021-09-08T15:00:00+00:00,29.4,1002.9,81.96
2021-09-08T18:00:00+00:00,28.6,1003.4,84.84
2021-09-08T21:00:00+00:00,28.0,1003.2,87.34
2021-09-09T00:00:00+00:00,27.8,1003.1,88.89
2021-09-09T03:00:00+00:00,28.4,1004.0,86.34
2021-09-09T06:00:00+00:00,32.2,1004.1,72.78
2021-09-09T09:00:00+00:00,33.8,1001.7,73.48
2021-09-09T12:00:00+00:00,32.2,1000.1,80.4
2021-09-09T15:00:00+00:00,29.8,1002.6,84.96
2021-09-09T18:00:00+00:00,29.0,1003.1,86.4
2021-09-09T21:00:00+00:00,28.0,1003.0,87.34
2021-09-10T00:00:00+00:00,25.8,1003.0,94.78
2021-09-10T03:00:00+00:00,28.4,1004.5,81.84
2021-09-10T06:00:00+00:00,30.6,1004.2,78.33
2021-09-10T09:00:00+00:00,33.0,1000.4,74.21
2021-09-10T12:00:00+00:00,31.2,999.9,85.6
2021-09-10T15:00:00+00:00,25.4,1002.6,98.23
2021-09-10T18:00:00+00:00,26.2,1003.2,94.8
2021-09-10T21:00:00+00:00,25.6,1003.2,94.78
2021-09-11T00:00:00+00:00,25.4,1002.6,96.48
2021-09-11T03:00:00+00:00,24.4,1004.7,100.0
2021-09-11T06:00:00+00:00,26.2,1004.4,100.0
2021-09-11T09:00:00+00:00,26.0,1002.6,100.0
2021-09-11T12:00:00+00:00,25.0,1002.2,100.0
2021-09-11T15:00:00+00:00,24.8,1002.4,98.22
2021-09-11T18:00:00+00:00,24.4,1003.0,100.0
2021-09-11T21:00:00+00:00,24.2,1002.5,100.0
2021-09-12T00:00:00+00:00,24.4,1002.1,100.0
2021-09-12T03:00:00+00:00,26.0,1002.6,94.79
2021-09-12T06:00:00+00:00,29.6,1002.2,89.55
2021-09-12T09:00:00+00:00,33.2,999.1,70.43
2021-09-12T12:00:00+00:00,28.4,998.6,93.77
2021-09-12T15:00:00+00:00,27.6,1000.3,93.74
2021-09-12T18:00:00+00:00,27.4,1000.9,95.4
2021-09-12T21:00:00+00:00,27.4,1000.7,95.4
2021-09-13T00:00:00+00:00,27.0,1000.5,96.53
2021-09-13T03:00:00+00:00,28.6,1001.9,92.15
2021-09-13T06:00:00+00:00,32.8,1001.8,72.89
2021-09-13T09:00:00+00:00,29.0,1000.7,93.8
2021-09-13T12:00:00+00:00,26.8,999.3,92.05
2021-09-13T15:00:00+00:00,26.0,1002.9,93.67
2021-09-13T18:00:00+00:00,25.4,1003.6,97.64
2021-09-13T21:00:00+00:00,25.0,1002.9,98.81
2021-09-14T00:00:00+00:00,25.0,1003.0,94.75
2021-09-14T03:00:00+00:00,26.4,1004.6,90.39
2021-09-14T06:00:00+00:00,33.4,1004.5,68.43
2021-09-14T09:00:00+00:00,35.0,1001.9,66.75
2021-09-14T12:00:00+00:00,33.0,1000.8,74.21
2021-09-14T15:00:00+00:00,29.2,1004.1,95.46
2021-09-14T21:00:00+00:00,26.8,1004.6,95.38
2021-09-15T00:00:00+00:00,26.0,1004.3,84.06
2021-09-15T03:00:00+00:00,27.8,1005.5,79.83
2021-09-15T06:00:00+00:00,32.8,1005.5,62.11
2021-09-15T09:00:00+00:00,34.0,1003.5,62.74
2021-09-15T12:00:00+00:00,34.0,1002.2,73.51
2021-09-15T15:00:00+00:00,30.6,1004.7,88.07
2021-09-15T18:00:00+00:00,29.4,1005.0,89.54
2021-09-15T21:00:00+00:00,28.8,1004.5,90.55
2021-09-16T00:00:00+00:00,27.0,1003.1,90.97
2021-09-16T03:00:00+00:00,25.4,1004.8,98.23
2021-09-16T06:00:00+00:00,25.2,1005.9,94.76
2021-09-16T09:00:00+00:00,26.8,1003.6,88.81
2021-09-16T12:00:00+00:00,26.4,1002.2,87.2
2021-09-16T15:00:00+00:00,25.8,1002.8,91.99
2021-09-16T18:00:00+00:00,24.8,1002.4,89.73
2021-09-16T21:00:00+00:00,24.6,1001.8,91.37
2021-09-17T00:00:00+00:00,24.6,1002.4,94.74
2021-09-17T03:00:00+00:00,26.4,1003.4,85.64
2021-09-17T06:00:00+00:00,31.0,1003.8,74.77
2021-09-17T09:00:00+00:00,31.6,1001.9,73.55
2021-09-17T12:00:00+00:00,30.4,1001.1,69.09
2021-09-17T15:00:00+00:00,28.6,1003.2,77.58
2021-09-17T18:00:00+00:00,27.2,1003.8,85.71
2021-09-17T21:00:00+00:00,26.6,1003.8,88.8
2021-09-18T00:00:00+00:00,25.6,1003.8,90.33
2021-09-18T03:00:00+00:00,27.2,1004.7,85.71
2021-09-18T06:00:00+00:00,31.0,1005.6,74.77
2021-09-18T09:00:00+00:00,34.0,1003.3,73.51
2021-09-18T12:00:00+00:00,32.8,1002.6,72.89
2021-09-18T15:00:00+00:00,29.6,1004.2,84.94
2021-09-18T18:00:00+00:00,28.2,1006.0,90.51
2021-09-18T21:00:00+00:00,27.0,1005.6,93.71
2021-09-19T00:00:00+00:00,26.8,1006.1,93.7
2021-09-19T03:00:00+00:00,29.2,1007.7,83.9
2021-09-19T06:00:00+00:00,33.4,1007.3,66.05
2021-09-19T09:00:00+00:00,34.2,1004.8,63.91
2021-09-19T12:00:00+00:00,33.2,1003.6,67.19
2021-09-19T15:00:00+00:00,30.0,1005.3,78.24
2021-09-19T18:00:00+00:00,28.8,1006.1,83.36
2021-09-19T21:00:00+00:00,28.0,1005.5,85.79
2021-09-20T00:00:00+00:00,27.0,1005.8,90.97
2021-09-20T03:00:00+00:00,28.6,1006.8,88.95
2021-09-20T06:00:00+00:00,33.6,1006.0,62.65
2021-09-20T09:00:00+00:00,35.0,1003.9,58.99
2021-09-20T12:00:00+00:00,34.6,1001.8,58.9
2021-09-20T15:00:00+00:00,30.8,1003.7,69.16
2021-09-20T18:00:00+00:00,28.8,1005.4,81.89
2021-09-20T21:00:00+00:00,27.8,1005.0,85.77
2021-09-21T00:00:00+00:00,27.4,1004.6,88.86
2021-09-21T03:00:00+00:00,29.4,1005.0,83.43
2021-09-21T06:00:00+00:00,32.6,1005.2,70.32
2021-09-21T09:00:00+00:00,35.4,1001.2,55.02
2021-09-21T12:00:00+00:00,28.6,1002.0,84.84
2021-09-21T15:00:00+00:00,27.8,1003.3,84.25
2021-09-21T18:00:00+00:00,27.2,1004.4,84.19
2021-09-21T21:00:00+00:00,26.6,1004.0,85.66
2021-09-22T00:00:00+00:00,26.8,1003.0,88.81
2021-09-22T03:00:00+00:00,28.0,1004.6,84.78
2021-09-22T06:00:00+00:00,29.4,1005.7,72.3
2021-09-22T09:00:00+00:00,31.6,1002.8,66.08
2021-09-22T12:00:00+00:00,29.2,1002.5,81.94
2021-09-22T15:00:00+00:00,28.0,1004.0,81.79
2021-09-22T18:00:00+00:00,27.4,1005.0,87.28
2021-09-22T21:00:00+00:00,26.8,1004.5,88.81
2021-09-23T00:00:00+00:00,25.4,1004.9,88.17
2021-09-23T03:00:00+00:00,26.8,1006.5,87.23
2021-09-23T06:00:00+00:00,30.6,1006.7,72.94
2021-09-23T09:00:00+00:00,32.8,1003.7,64.37
2021-09-23T12:00:00+00:00,31.4,1002.9,68.45
2021-09-23T15:00:00+00:00,27.8,1006.9,79.83
2021-09-23T18:00:00+00:00,25.4,1007.4,93.08
2021-09-23T21:00:00+00:00,24.6,1006.9,94.74
2021-09-24T00:00:00+00:00,25.0,1006.9,94.75
2021-09-24T03:00:00+00:00,26.8,1008.2,88.81
2021-09-24T06:00:00+00:00,32.6,1007.6,67.87
2021-09-24T09:00:00+00:00,29.8,1004.9,83.48
2021-09-24T12:00:00+00:00,29.4,1004.0,77.69
2021-09-24T15:00:00+00:00,28.2,1005.7,86.32
2021-09-24T18:00:00+00:00,27.0,1007.3,93.71
2021-09-24T21:00:00+00:00,26.4,1006.1,94.81
2021-09-25T00:00:00+00:00,25.4,1005.4,93.64
2021-09-25T03:00:00+00:00,26.8,1007.0,90.42
2021-09-25T06:00:00+00:00,31.4,1006.0,69.69
2021-09-25T09:00:00+00:00,32.6,1003.3,67.87
2021-09-25T12:00:00+00:00,31.4,1002.2,72.22
2021-09-25T15:00:00+00:00,29.2,1004.3,79.07
2021-09-25T18:00:00+00:00,27.2,1005.6,92.07
2021-09-25T21:00:00+00:00,26.6,1004.7,92.04
2021-09-26T00:00:00+00:00,26.2,1004.9,92.01
2021-09-26T03:00:00+00:00,27.6,1006.0,84.23
2021-09-26T06:00:00+00:00,30.4,1006.1,76.92
2021-09-26T09:00:00+00:00,33.2,1003.8,64.46
2021-09-26T12:00:00+00:00,32.0,1003.1,69.8
2021-09-26T15:00:00+00:00,29.0,1004.9,80.47
2021-09-26T18:00:00+00:00,27.8,1005.9,88.89
2021-09-26T21:00:00+00:00,26.4,1006.0,93.68
2021-09-27T00:00:00+00:00,26.6,1006.1,92.04
2021-09-27T03:00:00+00:00,28.0,1006.6,87.34
2021-09-27T06:00:00+00:00,32.8,1006.2,63.23
2021-09-27T09:00:00+00:00,33.8,1003.4,61.59
2021-09-27T12:00:00+00:00,32.4,1002.8,66.63
2021-09-27T15:00:00+00:00,30.0,1004.4,81.07
2021-09-27T18:00:00+00:00,27.8,1005.5,88.89
2021-09-27T21:00:00+00:00,27.4,1005.5,88.86
2021-09-28T00:00:00+00:00,27.0,1005.4,87.25
2021-09-28T03:00:00+00:00,28.6,1007.5,84.84
2021-09-28T06:00:00+00:00,34.6,1007.2,64.37
2021-09-28T09:00:00+00:00,34.0,1004.7,61.63
2021-09-28T12:00:00+00:00,33.6,1003.5,63.78
2021-09-28T15:00:00+00:00,30.6,1005.1,74.26
2021-09-28T18:00:00+00:00,29.2,1007.2,77.66
2021-09-28T21:00:00+00:00,28.6,1006.4,78.98
2021-09-29T00:00:00+00:00,27.6,1007.1,85.75
2021-09-29T03:00:00+00:00,28.4,1008.8,84.82
2021-09-29T06:00:00+00:00,33.6,1008.2,62.65
2021-09-29T09:00:00+00:00,34.8,1005.9,60.0
2021-09-29T12:00:00+00:00,34.2,1004.9,62.78
2021-09-29T15:00:00+00:00,30.6,1006.9,72.94
2021-09-29T18:00:00+00:00,29.4,1008.1,77.69
2021-09-29T21:00:00+00:00,28.6,1007.1,80.41
2021-09-30T00:00:00+00:00,27.4,1007.3,85.73
2021-09-30T03:00:00+00:00,28.4,1010.2,84.82
2021-09-30T06:00:00+00:00,32.2,1011.4,67.79
2021-09-30T09:00:00+00:00,34.6,1007.2,58.9
2021-09-30T12:00:00+00:00,32.8,1005.7,59.55
2021-09-30T15:00:00+00:00,30.0,1008.2,78.24
2021-09-30T18:00:00+00:00,28.6,1009.0,86.36
2021-09-30T21:00:00+00:00,27.6,1008.6,88.87
2021-10-01T00:00:00+00:00,27.0,1008.3,88.83
2021-10-01T03:00:00+00:00,29.0,1009.7,80.47
2021-10-01T06:00:00+00:00,33.2,1009.0,62.2
2021-10-01T09:00:00+00:00,30.4,1007.0,72.91
2021-10-01T12:00:00+00:00,32.2,1004.9,74.96
2021-10-01T15:00:00+00:00,29.6,1007.6,84.94
2021-10-01T18:00:00+00:00,28.4,1008.2,90.52
2021-10-01T21:00:00+00:00,27.8,1008.6,93.75
2021-10-02T00:00:00+00:00,27.0,1006.1,95.39
2021-10-02T03:00:00+00:00,28.4,1008.1,83.32
2021-10-02T06:00:00+00:00,33.2,1008.5,66.01
2021-10-02T09:00:00+00:00,35.0,1005.2,53.62
2021-10-02T12:00:00+00:00,34.2,1003.3,51.83
2021-10-02T15:00:00+00:00,30.0,1006.3,74.16
2021-10-02T18:00:00+00:00,28.8,1006.1,83.36
2021-10-02T21:00:00+00:00,28.2,1005.3,84.8
2021-10-03T00:00:00+00:00,27.4,1004.9,85.73
2021-10-03T03:00:00+00:00,28.8,1006.0,84.86
2021-10-03T06:00:00+00:00,34.2,1005.3,58.46
2021-10-03T09:00:00+00:00,36.0,1002.5,50.43
2021-10-03T12:00:00+00:00,32.6,1002.3,58.44
2021-10-03T15:00:00+00:00,30.0,1004.1,74.16
2021-10-03T18:00:00+00:00,28.8,1005.0,87.92
2021-10-03T21:00:00+00:00,28.0,1004.2,88.9
2021-10-04T00:00:00+00:00,26.6,1004.4,90.4
2021-10-04T03:00:00+00:00,28.2,1005.9,80.36
2021-10-04T06:00:00+00:00,34.6,1005.1,54.49
2021-10-04T09:00:00+00:00,36.2,1002.9,46.68
2021-10-04T12:00:00+00:00,35.2,1001.7,50.84
2021-10-04T15:00:00+00:00,30.6,1004.5,74.26
2021-10-04T18:00:00+00:00,29.6,1005.6,78.19
2021-10-04T21:00:00+00:00,28.8,1005.3,80.44
2021-10-05T00:00:00+00:00,27.4,1006.0,81.23
2021-10-05T03:00:00+00:00,29.0,1008.7,70.94
2021-10-05T06:00:00+00:00,33.6,1008.7,55.92
2021-10-05T09:00:00+00:00,35.0,1005.9,55.91
2021-10-05T12:00:00+00:00,28.0,1006.1,75.64
2021-10-05T15:00:00+00:00,28.0,1007.5,80.34
2021-10-05T18:00:00+00:00,27.8,1008.3,82.75
2021-10-05T21:00:00+00:00,27.2,1007.7,84.19
2021-10-06T00:00:00+00:00,26.6,1008.3,90.4
2021-10-06T03:00:00+00:00,28.4,1009.5,84.82
2021-10-06T06:00:00+00:00,32.8,1008.9,58.49
2021-10-06T09:00:00+00:00,34.6,1005.7,52.24
2021-10-06T12:00:00+00:00,32.4,1004.6,58.39
2021-10-06T15:00:00+00:00,28.8,1006.2,73.52
2021-10-06T18:00:00+00:00,27.6,1006.7,79.8
2021-10-06T21:00:00+00:00,27.0,1006.4,82.66
2021-10-07T00:00:00+00:00,24.6,1006.3,89.72
2021-10-07T03:00:00+00:00,26.8,1008.1,85.68
2021-10-07T06:00:00+00:00,32.4,1007.8,58.39
2021-10-07T09:00:00+00:00,33.8,1005.0,50.48
2021-10-07T12:00:00+00:00,31.6,1004.3,54.09
2021-10-07T15:00:00+00:00,28.0,1005.0,74.28
2021-10-07T18:00:00+00:00,25.4,1005.1,85.02
2021-10-07T21:00:00+00:00,24.6,1004.4,88.1
2021-10-08T00:00:00+00:00,24.4,1005.0,89.71
2021-10-08T03:00:00+00:00,26.4,1006.5,79.64
2021-10-08T06:00:00+00:00,33.2,1005.9,47.92
2021-10-08T09:00:00+00:00,35.0,1003.9,40.74
2021-10-08T12:00:00+00:00,33.6,1003.2,45.15
2021-10-08T15:00:00+00:00,27.8,1004.7,71.59
2021-10-08T18:00:00+00:00,26.6,1004.6,76.35
2021-10-08T21:00:00+00:00,25.4,1004.2,81.97
2021-10-09T00:00:00+00:00,23.6,1005.1,86.41
2021-10-09T03:00:00+00:00,25.6,1006.6,79.05
2021-10-09T06:00:00+00:00,33.2,1006.3,45.89
2021-10-09T09:00:00+00:00,35.8,1004.1,34.17
2021-10-09T12:00:00+00:00,33.6,1003.8,47.14
2021-10-09T15:00:00+00:00,27.2,1005.3,72.36
2021-10-09T18:00:00+00:00,25.4,1004.8,81.97
2021-10-09T21:00:00+00:00,24.8,1004.8,84.96
2021-10-10T00:00:00+00:00,23.6,1006.0,88.02
2021-10-10T03:00:00+00:00,26.8,1008.0,70.97
2021-10-10T06:00:00+00:00,33.8,1006.8,42.48
2021-10-10T09:00:00+00:00,36.2,1004.6,36.5
2021-10-10T12:00:00+00:00,35.0,1003.7,41.76
2021-10-10T15:00:00+00:00,27.6,1005.3,72.87
2021-10-10T18:00:00+00:00,25.6,1005.7,83.51
2021-10-10T21:00:00+00:00,24.8,1005.5,86.52
2021-10-11T00:00:00+00:00,23.4,1005.5,91.29
2021-10-11T03:00:00+00:00,24.8,1006.6,77.01
2021-10-11T06:00:00+00:00,34.4,1006.4,42.12
2021-10-11T09:00:00+00:00,36.6,1004.2,36.83
2021-10-11T12:00:00+00:00,34.2,1003.6,50.89
2021-10-11T15:00:00+00:00,27.4,1005.2,74.18
2021-10-11T18:00:00+00:00,25.4,1005.3,85.02
2021-10-11T21:00:00+00:00,24.2,1005.1,88.07
2021-10-12T00:00:00+00:00,23.6,1005.7,89.65
2021-10-12T03:00:00+00:00,25.6,1007.4,82.0
2021-10-12T06:00:00+00:00,34.4,1006.9,37.16
2021-10-12T09:00:00+00:00,36.0,1003.9,31.92
2021-10-12T12:00:00+00:00,34.0,1003.9,37.76
2021-10-12T15:00:00+00:00,26.4,1005.7,73.56
2021-10-12T18:00:00+00:00,25.0,1006.3,75.63
2021-10-12T21:00:00+00:00,23.6,1006.1,78.28
2021-10-13T00:00:00+00:00,21.8,1006.9,87.32
2021-10-13T03:00:00+00:00,24.0,1008.4,79.8
2021-10-13T06:00:00+00:00,32.2,1007.6,40.74
2021-10-13T09:00:00+00:00,33.6,1005.3,30.67
2021-10-13T12:00:00+00:00,30.8,1004.9,36.88
2021-10-13T15:00:00+00:00,24.8,1007.0,68.0
2021-10-13T18:00:00+00:00,23.0,1007.7,69.82
2021-10-13T21:00:00+00:00,22.2,1007.3,75.66
2021-10-14T00:00:00+00:00,20.6,1007.4,81.89
2021-10-14T03:00:00+00:00,23.0,1008.4,71.16
2021-10-14T06:00:00+00:00,31.2,1007.5,38.45
2021-10-14T09:00:00+00:00,33.8,1004.8,26.61
2021-10-14T12:00:00+00:00,31.0,1004.7,39.14
2021-10-14T15:00:00+00:00,24.4,1006.4,63.37
2021-10-14T18:00:00+00:00,22.2,1006.0,74.24
2021-10-14T21:00:00+00:00,21.4,1005.8,76.98
2021-10-15T00:00:00+00:00,19.6,1005.0,81.24
2021-10-15T03:00:00+00:00,22.6,1005.9,68.0
2021-10-15T06:00:00+00:00,31.4,1004.9,44.0
2021-10-15T09:00:00+00:00,34.0,1002.6,37.76
2021-10-15T12:00:00+00:00,33.4,1002.0,41.85
2021-10-15T15:00:00+00:00,25.4,1004.0,72.94
2021-10-15T18:00:00+00:00,22.8,1004.4,84.22
2021-10-15T21:00:00+00:00,21.6,1004.2,85.68
2021-10-16T00:00:00+00:00,20.8,1004.9,90.56
2021-10-16T03:00:00+00:00,23.2,1006.4,82.72
2021-10-16T06:00:00+00:00,32.2,1006.4,50.08
2021-10-16T09:00:00+00:00,32.2,1006.4,50.08
2021-10-16T12:00:00+00:00,33.8,1002.7,54.96
2021-10-16T15:00:00+00:00,27.2,1000.6,76.9
2021-10-16T18:00:00+00:00,26.0,1005.4,80.56
2021-10-16T21:00:00+00:00,23.6,1005.1,84.83
2021-10-17T00:00:00+00:00,24.6,1006.0,83.39
2021-10-17T03:00:00+00:00,25.6,1008.0,90.33
2021-10-17T06:00:00+00:00,29.0,1007.2,77.64
2021-10-17T09:00:00+00:00,22.4,1006.3,100.0
2021-10-17T12:00:00+00:00,23.4,1005.6,96.43
2021-10-17T15:00:00+00:00,23.4,1007.1,96.43
2021-10-17T18:00:00+00:00,22.8,1007.2,98.19
2021-10-17T21:00:00+00:00,21.8,1006.0,100.0
2021-10-18T00:00:00+00:00,21.2,1005.5,100.0
2021-10-18T03:00:00+00:00,21.6,1006.5,100.0
2021-10-18T06:00:00+00:00,22.4,1006.3,100.0
2021-10-18T09:00:00+00:00,22.6,1004.6,98.19
2021-10-18T12:00:00+00:00,23.4,1004.5,87.46
2021-10-18T15:00:00+00:00,22.0,1005.5,94.64
2021-10-18T18:00:00+00:00,21.8,1006.0,96.39
2021-10-18T21:00:00+00:00,21.4,1005.3,96.38
2021-10-19T00:00:00+00:00,20.8,1006.2,96.36
2021-10-19T03:00:00+00:00,22.4,1007.9,91.23
2021-10-19T06:00:00+00:00,28.4,1007.3,65.02
2021-10-19T09:00:00+00:00,30.8,1005.5,55.58
2021-10-19T12:00:00+00:00,28.8,1005.3,65.51
2021-10-19T15:00:00+00:00,25.0,1007.8,81.92
2021-10-19T18:00:00+00:00,22.6,1009.1,89.57
2021-10-19T21:00:00+00:00,22.0,1008.8,91.2
2021-10-20T00:00:00+00:00,21.4,1009.6,90.6
2021-10-20T03:00:00+00:00,22.6,1011.9,82.65
2021-10-20T06:00:00+00:00,28.8,1011.4,60.1
2021-10-20T09:00:00+00:00,31.4,1008.9,47.15
2021-10-20T12:00:00+00:00,30.0,1008.0,52.7
2021-10-20T15:00:00+00:00,24.2,1011.3,81.32
2021-10-20T18:00:00+00:00,20.6,1010.1,88.86
2021-10-20T21:00:00+00:00,19.8,1010.1,92.21
2021-10-21T00:00:00+00:00,17.2,1009.9,81.46
2021-10-21T03:00:00+00:00,20.6,1011.2,62.93
2021-10-21T06:00:00+00:00,29.0,1010.8,33.39
2021-10-21T09:00:00+00:00,32.0,1008.2,31.45
2021-10-21T12:00:00+00:00,29.2,1007.6,45.98
2021-10-21T15:00:00+00:00,23.0,1008.9,71.16
2021-10-21T18:00:00+00:00,20.8,1009.4,76.4
2021-10-21T21:00:00+00:00,19.4,1009.3,84.92
2021-10-22T00:00:00+00:00,18.4,1009.4,82.67
2021-10-22T03:00:00+00:00,22.8,1012.1,63.42
2021-10-22T06:00:00+00:00,29.8,1011.4,43.29
2021-10-22T09:00:00+00:00,32.4,1007.8,41.84
2021-10-22T12:00:00+00:00,31.2,1008.2,51.39
2021-10-22T15:00:00+00:00,25.2,1009.7,78.99
2021-10-22T18:00:00+00:00,21.8,1010.9,91.19
2021-10-22T21:00:00+00:00,20.4,1010.5,94.57
2021-10-23T03:00:00+00:00,20.8,1014.2,92.27
2021-10-23T06:00:00+00:00,29.6,1013.1,47.57
2021-10-23T09:00:00+00:00,32.4,1010.1,43.99
2021-10-23T12:00:00+00:00,30.2,1009.8,51.78
2021-10-23T15:00:00+00:00,25.4,1011.7,63.99
2021-10-23T18:00:00+00:00,22.6,1012.6,79.12
2021-10-23T21:00:00+00:00,21.2,1012.3,85.64
2021-10-24T00:00:00+00:00,20.0,1012.5,90.51
2021-10-24T03:00:00+00:00,22.0,1013.8,82.06
2021-10-24T06:00:00+00:00,29.0,1013.2,55.49
2021-10-24T09:00:00+00:00,31.2,1011.2,47.1
2021-10-24T12:00:00+00:00,25.4,1011.7,57.09
2021-10-24T15:00:00+00:00,19.0,1015.1,100.0
2021-10-24T18:00:00+00:00,18.6,1015.4,100.0
2021-10-24T21:00:00+00:00,18.0,1014.7,100.0
2021-10-25T00:00:00+00:00,17.0,1014.1,100.0
2021-10-25T03:00:00+00:00,19.4,1015.8,90.46
2021-10-25T06:00:00+00:00,25.0,1015.5,63.9
2021-10-25T09:00:00+00:00,28.2,1012.8,52.25
2021-10-25T12:00:00+00:00,25.6,1012.2,61.66
2021-10-25T15:00:00+00:00,21.0,1013.4,87.25
2021-10-25T18:00:00+00:00,19.6,1013.2,90.48
2021-10-25T21:00:00+00:00,19.0,1012.2,92.17
2021-10-26T00:00:00+00:00,17.2,1013.0,93.84
2021-10-26T03:00:00+00:00,19.2,1014.8,88.19
2021-10-26T06:00:00+00:00,25.6,1014.6,54.65
2021-10-26T09:00:00+00:00,27.4,1011.9,48.82
2021-10-26T12:00:00+00:00,25.8,1011.9,53.31
2021-10-26T15:00:00+00:00,20.4,1013.9,85.02
2021-10-26T18:00:00+00:00,18.2,1014.7,88.11
2021-10-26T21:00:00+00:00,17.0,1014.6,93.83
2021-10-27T00:00:00+00:00,15.6,1015.3,93.77
2021-10-27T03:00:00+00:00,18.0,1017.3,85.86
2021-10-27T06:00:00+00:00,26.0,1016.4,48.45
2021-10-27T09:00:00+00:00,27.6,1013.7,40.52
2021-10-27T12:00:00+00:00,25.4,1013.0,57.09
2021-10-27T15:00:00+00:00,20.0,1014.6,77.75
2021-10-27T18:00:00+00:00,18.2,1014.7,84.25
2021-10-27T21:00:00+00:00,16.8,1014.2,89.7
2021-10-28T00:00:00+00:00,15.8,1015.0,93.78
2021-10-28T03:00:00+00:00,18.4,1016.8,78.52
2021-10-28T06:00:00+00:00,26.4,1016.3,48.87
2021-10-28T09:00:00+00:00,28.2,1013.5,36.64
2021-10-28T12:00:00+00:00,27.4,1013.2,50.09
2021-10-28T15:00:00+00:00,20.0,1015.1,81.29
2021-10-28T18:00:00+00:00,18.2,1015.6,88.11
2021-10-28T21:00:00+00:00,17.2,1015.1,89.16
2021-10-29T00:00:00+00:00,16.0,1016.4,87.35
2021-10-29T03:00:00+00:00,15.6,1018.3,93.77
2021-10-29T06:00:00+00:00,26.8,1017.6,53.23
2021-10-29T09:00:00+00:00,29.2,1014.9,40.18
2021-10-29T12:00:00+00:00,27.0,1015.0,58.57
2021-10-29T15:00:00+00:00,20.4,1017.0,81.35
2021-10-29T18:00:00+00:00,18.6,1017.3,90.41
2021-10-29T21:00:00+00:00,17.2,1016.7,92.06
2021-10-30T00:00:00+00:00,16.0,1016.9,93.79
2021-10-30T03:00:00+00:00,18.8,1018.6,75.1
2021-10-30T06:00:00+00:00,26.6,1017.4,42.97
2021-10-30T09:00:00+00:00,29.8,1013.9,33.61
2021-10-30T12:00:00+00:00,27.0,1013.2,52.27
2021-10-30T15:00:00+00:00,20.0,1014.6,77.75
2021-10-30T18:00:00+00:00,18.2,1014.7,84.25
2021-10-30T21:00:00+00:00,17.0,1014.0,89.72
2021-10-31T00:00:00+00:00,17.6,1014.5,82.04
2021-10-31T03:00:00+00:00,19.4,1015.8,70.03
2021-10-31T06:00:00+00:00,26.8,1015.3,48.04
2021-10-31T09:00:00+00:00,29.4,1012.1,39.46
2021-10-31T12:00:00+00:00,27.6,1011.5,50.14
2021-10-31T15:00:00+00:00,18.8,1013.8,86.49
2021-10-31T18:00:00+00:00,17.4,1013.3,91.49
2021-10-31T21:00:00+00:00,16.2,1013.0,91.41
2021-11-01T00:00:00+00:00,15.0,1013.1,93.13
2021-11-01T03:00:00+00:00,16.8,1014.5,91.45
2021-11-01T06:00:00+00:00,27.4,1014.1,50.09
2021-11-01T09:00:00+00:00,30.6,1011.3,36.59
2021-11-01T12:00:00+00:00,28.2,1010.8,57.05
2021-11-01T15:00:00+00:00,20.0,1013.6,81.29
2021-11-01T18:00:00+00:00,18.4,1014.3,88.12
2021-11-01T21:00:00+00:00,17.4,1014.4,89.75
2021-11-02T00:00:00+00:00,15.6,1014.7,93.77
2021-11-02T03:00:00+00:00,16.4,1016.2,87.38
2021-11-02T06:00:00+00:00,28.0,1015.4,42.25
2021-11-02T09:00:00+00:00,29.6,1013.2,42.96
2021-11-02T12:00:00+00:00,27.0,1013.0,60.06
2021-11-02T15:00:00+00:00,20.4,1014.8,83.43
2021-11-02T18:00:00+00:00,18.4,1015.3,88.12
2021-11-02T21:00:00+00:00,17.2,1015.1,89.73
2021-11-03T00:00:00+00:00,17.0,1014.9,89.72
2021-11-03T03:00:00+00:00,18.8,1016.6,90.42
2021-11-03T06:00:00+00:00,26.8,1015.8,54.6
2021-11-03T09:00:00+00:00,29.6,1012.2,45.21
2021-11-03T12:00:00+00:00,26.4,1012.0,60.68
2021-11-03T15:00:00+00:00,20.2,1013.4,88.83
2021-11-03T18:00:00+00:00,19.0,1013.9,90.44
2021-11-03T21:00:00+00:00,18.2,1013.6,92.12
2021-11-04T00:00:00+00:00,16.4,1013.7,93.81
2021-11-04T03:00:00+00:00,17.6,1015.3,88.06
2021-11-04T06:00:00+00:00,23.8,1015.3,67.38
2021-11-04T09:00:00+00:00,27.4,1011.7,55.09
2021-11-04T12:00:00+00:00,24.8,1011.5,71.05
2021-11-04T15:00:00+00:00,20.6,1014.0,83.45
2021-11-04T18:00:00+00:00,18.6,1013.9,92.14
2021-11-04T21:00:00+00:00,17.6,1013.4,93.86
2021-11-05T00:00:00+00:00,16.4,1012.7,95.63
2021-11-05T03:00:00+00:00,16.8,1016.2,98.11
2021-11-05T06:00:00+00:00,24.4,1014.6,63.37
2021-11-05T09:00:00+00:00,26.0,1011.9,59.08
2021-11-05T12:00:00+00:00,24.8,1011.1,69.73
2021-11-05T15:00:00+00:00,18.4,1012.6,88.12
2021-11-05T18:00:00+00:00,17.6,1013.2,92.09
2021-11-05T21:00:00+00:00,16.8,1013.0,93.82
2021-11-06T00:00:00+00:00,16.0,1012.4,81.3
2021-11-06T03:00:00+00:00,17.2,1014.1,77.83
2021-11-06T06:00:00+00:00,24.0,1013.8,48.55
2021-11-06T09:00:00+00:00,27.6,1010.0,45.25
2021-11-06T12:00:00+00:00,25.8,1009.5,46.85
2021-11-06T15:00:00+00:00,18.8,1011.1,80.62
2021-11-06T18:00:00+00:00,16.8,1011.4,87.42
2021-11-06T21:00:00+00:00,16.0,1011.4,91.4
2021-11-07T00:00:00+00:00,15.6,1011.0,91.37
2021-11-07T03:00:00+00:00,17.0,1012.7,70.03
2021-11-07T06:00:00+00:00,25.0,1012.5,49.78
2021-11-07T09:00:00+00:00,29.0,1009.8,35.67
2021-11-07T12:00:00+00:00,25.0,1010.1,62.31
2021-11-07T15:00:00+00:00,18.0,1013.0,85.86
2021-11-07T18:00:00+00:00,16.6,1014.0,87.4
2021-11-07T21:00:00+00:00,16.0,1013.6,91.4
2021-11-08T00:00:00+00:00,14.6,1013.7,93.11
2021-11-08T03:00:00+00:00,15.8,1015.3,85.08
2021-11-08T06:00:00+00:00,24.4,1014.1,51.94
2021-11-08T09:00:00+00:00,28.4,1011.6,39.18
2021-11-08T12:00:00+00:00,24.6,1011.4,64.62
2021-11-08T15:00:00+00:00,19.2,1013.5,81.19
2021-11-08T18:00:00+00:00,17.0,1014.6,83.57
2021-11-08T21:00:00+00:00,16.2,1014.1,87.37
2021-11-09T00:00:00+00:00,14.6,1014.8,88.95
2021-11-09T03:00:00+00:00,15.4,1016.1,85.04
2021-11-09T06:00:00+00:00,25.4,1016.3,51.86
2021-11-09T09:00:00+00:00,28.4,1011.9,38.17
2021-11-09T12:00:00+00:00,25.4,1012.3,66.86
2021-11-09T15:00:00+00:00,19.6,1014.3,79.19
2021-11-09T18:00:00+00:00,17.2,1014.4,87.46
2021-11-09T21:00:00+00:00,17.2,1014.4,87.46
2021-11-10T00:00:00+00:00,14.8,1014.2,88.97
2021-11-10T03:00:00+00:00,15.4,1015.8,87.29
2021-11-10T06:00:00+00:00,25.2,1014.6,55.61
2021-11-10T09:00:00+00:00,29.0,1011.5,36.62
2021-11-10T12:00:00+00:00,26.6,1011.2,61.11
2021-11-10T15:00:00+00:00,19.4,1012.8,82.79
2021-11-10T18:00:00+00:00,16.6,1013.6,91.44
2021-11-10T21:00:00+00:00,15.8,1013.2,93.78
2021-11-11T00:00:00+00:00,14.0,1014.1,93.08
2021-11-11T03:00:00+00:00,14.0,1015.1,95.55
2021-11-11T06:00:00+00:00,22.6,1014.5,57.15
2021-11-11T09:00:00+00:00,25.2,1011.4,51.47
2021-11-11T12:00:00+00:00,22.0,1011.5,79.03
2021-11-11T15:00:00+00:00,17.4,1013.0,89.75
2021-11-11T18:00:00+00:00,15.6,1013.8,93.77
2021-11-11T21:00:00+00:00,14.6,1013.5,93.11
2021-11-12T00:00:00+00:00,13.8,1013.8,95.54
2021-11-12T03:00:00+00:00,14.4,1015.4,93.1
2021-11-12T06:00:00+00:00,22.4,1014.6,64.56
2021-11-12T09:00:00+00:00,27.0,1011.7,48.41
2021-11-12T12:00:00+00:00,24.0,1011.9,69.14
2021-11-12T15:00:00+00:00,18.0,1013.8,89.79
2021-11-12T18:00:00+00:00,16.0,1014.5,93.79
2021-11-12T21:00:00+00:00,14.8,1014.0,93.12
2021-11-13T00:00:00+00:00,12.6,1014.6,97.41
2021-11-13T03:00:00+00:00,13.4,1016.0,90.63
2021-11-13T06:00:00+00:00,24.4,1015.0,49.3
2021-11-13T09:00:00+00:00,27.2,1011.7,37.58
2021-11-13T12:00:00+00:00,23.0,1011.3,61.86
2021-11-13T15:00:00+00:00,17.0,1012.8,79.86
2021-11-13T18:00:00+00:00,15.0,1013.0,88.98
2021-11-13T21:00:00+00:00,13.8,1012.8,90.66
2021-11-14T00:00:00+00:00,11.6,1013.2,92.34
2021-11-14T03:00:00+00:00,12.6,1015.1,83.61
2021-11-14T06:00:00+00:00,24.6,1014.1,46.83
2021-11-14T09:00:00+00:00,27.2,1011.2,30.74
2021-11-14T12:00:00+00:00,24.6,1010.2,57.63
2021-11-14T15:00:00+00:00,16.4,1012.2,87.38
2021-11-14T18:00:00+00:00,14.2,1013.0,90.69
2021-11-14T21:00:00+00:00,13.4,1013.1,93.05
2021-11-15T00:00:00+00:00,11.8,1012.6,92.35
2021-11-15T03:00:00+00:00,13.8,1014.5,90.66
2021-11-15T06:00:00+00:00,23.4,1013.3,47.76
2021-11-15T09:00:00+00:00,26.2,1010.0,38.57
2021-11-15T12:00:00+00:00,22.6,1009.8,74.3
2021-11-15T15:00:00+00:00,16.4,1011.7,85.15
2021-11-15T18:00:00+00:00,14.0,1012.5,90.67
2021-11-15T21:00:00+00:00,13.2,1012.1,93.04
2021-11-16T00:00:00+00:00,11.0,1013.1,94.81
2021-11-16T03:00:00+00:00,12.4,1015.1,88.18
2021-11-16T06:00:00+00:00,24.2,1014.0,46.11
2021-11-16T09:00:00+00:00,26.8,1011.6,34.82
2021-11-16T12:00:00+00:00,23.0,1011.6,61.86
2021-11-16T15:00:00+00:00,15.8,1013.6,85.08
2021-11-16T18:00:00+00:00,13.8,1013.9,88.3
2021-11-16T21:00:00+00:00,12.4,1013.7,90.56
2021-11-17T00:00:00+00:00,10.8,1015.3,92.29
2021-11-17T03:00:00+00:00,11.8,1017.6,87.54
2021-11-17T06:00:00+00:00,23.4,1017.7,52.02
2021-11-17T09:00:00+00:00,26.6,1014.1,46.46
2021-11-17T12:00:00+00:00,22.4,1013.5,67.52
2021-11-17T15:00:00+00:00,16.4,1014.9,85.15
2021-11-17T18:00:00+00:00,14.4,1015.3,90.7
2021-11-17T21:00:00+00:00,12.8,1015.1,93.02
2021-11-18T00:00:00+00:00,11.8,1015.3,94.84
2021-11-18T03:00:00+00:00,13.4,1016.6,81.5
2021-11-18T06:00:00+00:00,24.2,1014.0,52.91
2021-11-18T09:00:00+00:00,25.8,1011.3,45.65
2021-11-18T12:00:00+00:00,22.6,1011.1,72.91
2021-11-18T15:00:00+00:00,18.4,1012.5,84.27
2021-11-18T18:00:00+00:00,16.6,1013.3,89.69
2021-11-18T21:00:00+00:00,15.6,1013.4,91.37
2021-11-19T00:00:00+00:00,12.4,1012.4,93.0
2021-11-19T03:00:00+00:00,12.6,1013.8,81.39
2021-11-19T06:00:00+00:00,22.6,1012.8,52.49
2021-11-19T09:00:00+00:00,25.6,1009.8,42.7
2021-11-19T12:00:00+00:00,22.4,1008.9,69.27
2021-11-19T15:00:00+00:00,17.8,1010.5,85.84
2021-11-19T18:00:00+00:00,16.8,1011.5,87.42
2021-11-19T21:00:00+00:00,15.2,1010.9,89.0
2021-11-20T00:00:00+00:00,15.4,1011.4,93.15
2021-11-20T03:00:00+00:00,16.4,1013.3,85.15
2021-11-20T06:00:00+00:00,21.4,1012.9,54.29
2021-11-20T09:00:00+00:00,26.2,1010.6,38.57
2021-11-20T12:00:00+00:00,22.4,1010.8,66.24
2021-11-20T15:00:00+00:00,16.8,1012.8,85.74
2021-11-20T18:00:00+00:00,15.4,1013.8,89.02
2021-11-20T21:00:00+00:00,14.6,1013.0,91.31
2021-11-21T00:00:00+00:00,12.6,1013.4,93.01
2021-11-21T03:00:00+00:00,13.2,1014.9,90.62
2021-11-21T06:00:00+00:00,24.0,1014.6,41.97
2021-11-21T09:00:00+00:00,27.2,1011.3,34.24
2021-11-21T12:00:00+00:00,23.2,1011.3,59.18
2021-11-21T15:00:00+00:00,16.0,1014.0,79.2
2021-11-21T18:00:00+00:00,14.4,1014.3,80.02
2021-11-21T21:00:00+00:00,13.0,1014.1,88.23
2021-11-22T00:00:00+00:00,12.4,1014.6,93.0
2021-11-22T03:00:00+00:00,15.2,1014.9,66.47
2021-11-22T06:00:00+00:00,24.0,1014.1,36.68
2021-11-22T09:00:00+00:00,27.4,1010.9,26.69
2021-11-22T12:00:00+00:00,23.4,1010.5,40.97
2021-11-22T15:00:00+00:00,17.2,1012.1,60.92
2021-11-22T18:00:00+00:00,14.0,1012.4,73.3
2021-11-22T21:00:00+00:00,13.0,1012.0,79.29
2021-11-23T00:00:00+00:00,12.4,1011.5,80.82
2021-11-23T03:00:00+00:00,14.4,1013.6,63.22
2021-11-23T06:00:00+00:00,22.4,1013.1,43.82
2021-11-23T09:00:00+00:00,25.8,1010.5,38.2
2021-11-23T12:00:00+00:00,23.2,1010.3,60.72
2021-11-23T15:00:00+00:00,15.4,1012.0,85.04
2021-11-23T18:00:00+00:00,13.6,1013.6,93.06
2021-11-23T21:00:00+00:00,12.8,1013.1,95.51
2021-11-24T00:00:00+00:00,10.6,1012.9,94.79
2021-11-24T03:00:00+00:00,10.2,1014.8,94.78
2021-11-24T06:00:00+00:00,23.8,1014.6,46.93
2021-11-24T09:00:00+00:00,28.0,1011.6,39.84
2021-11-24T12:00:00+00:00,22.6,1012.0,66.28
2021-11-24T15:00:00+00:00,15.2,1014.5,86.71
2021-11-24T18:00:00+00:00,13.6,1014.6,93.06
2021-11-24T21:00:00+00:00,12.4,1014.4,95.49
2021-11-25T00:00:00+00:00,11.2,1015.0,94.82
2021-11-25T03:00:00+00:00,11.2,1017.2,94.82
2021-11-25T06:00:00+00:00,23.0,1016.4,54.7
2021-11-25T09:00:00+00:00,26.8,1013.1,41.92
2021-11-25T12:00:00+00:00,23.4,1012.5,57.72
2021-11-25T15:00:00+00:00,16.0,1014.1,89.64
2021-11-25T18:00:00+00:00,14.8,1014.4,91.32
2021-11-25T21:00:00+00:00,12.8,1013.6,93.02
2021-11-26T00:00:00+00:00,12.0,1014.5,94.85
2021-11-26T03:00:00+00:00,12.6,1016.2,95.5
2021-11-26T06:00:00+00:00,23.6,1015.8,62.39
2021-11-26T09:00:00+00:00,27.2,1012.7,48.46
2021-11-26T12:00:00+00:00,22.4,1013.1,71.05
2021-11-26T15:00:00+00:00,16.2,1015.3,89.66
2021-11-26T18:00:00+00:00,14.0,1015.6,95.55
2021-11-26T21:00:00+00:00,13.0,1014.6,95.51
2021-11-27T00:00:00+00:00,11.4,1015.0,97.38
2021-11-27T03:00:00+00:00,12.6,1017.2,95.5
2021-11-27T06:00:00+00:00,23.2,1016.5,59.18
2021-11-27T09:00:00+00:00,26.6,1013.4,50.52
2021-11-27T12:00:00+00:00,22.2,1014.1,69.23
2021-11-27T15:00:00+00:00,15.8,1016.0,93.78
2021-11-27T18:00:00+00:00,14.4,1017.2,95.56
2021-11-27T21:00:00+00:00,13.6,1016.8,95.53
2021-11-28T00:00:00+00:00,11.2,1017.2,97.38
2021-11-28T03:00:00+00:00,13.2,1019.2,93.04
2021-11-28T06:00:00+00:00,23.0,1018.1,68.08
2021-11-28T09:00:00+00:00,26.4,1015.0,50.15
2021-11-28T12:00:00+00:00,22.6,1015.0,69.31
2021-11-28T15:00:00+00:00,16.6,1017.3,89.69
2021-11-28T18:00:00+00:00,14.4,1018.3,90.7
2021-11-28T21:00:00+00:00,13.0,1018.0,95.51
2021-11-29T00:00:00+00:00,11.6,1018.5,94.83
2021-11-29T03:00:00+00:00,12.0,1019.9,97.39
2021-11-29T06:00:00+00:00,22.7,1019.5,57.55
2021-11-29T09:00:00+00:00,25.4,1016.1,39.91
2021-11-29T12:00:00+00:00,22.6,1015.3,58.65
2021-11-29T15:00:00+00:00,15.6,1016.9,80.72
2021-11-29T18:00:00+00:00,12.6,1017.2,90.58
2021-11-29T21:00:00+00:00,11.4,1017.1,94.82
2021-11-30T00:00:00+00:00,11.2,1017.7,92.31
2021-11-30T03:00:00+00:00,13.2,1018.6,88.25
2021-11-30T06:00:00+00:00,22.6,1017.4,51.13
2021-11-30T09:00:00+00:00,25.4,1014.4,41.25
2021-11-30T12:00:00+00:00,23.2,1014.9,60.72
2021-11-30T15:00:00+00:00,15.8,1017.1,87.33
2021-11-30T18:00:00+00:00,13.8,1017.6,93.07
2021-11-30T21:00:00+00:00,12.6,1017.6,95.5
2021-12-01T00:00:00+00:00,13.4,1016.9,93.05
2021-12-01T03:00:00+00:00,13.8,1019.3,93.07
2021-12-01T06:00:00+00:00,19.2,1019.1,68.19
2021-12-01T09:00:00+00:00,22.6,1016.0,60.19
2021-12-01T12:00:00+00:00,20.0,1016.0,75.78
2021-12-01T15:00:00+00:00,17.4,1016.6,85.8
2021-12-01T18:00:00+00:00,15.6,1017.2,93.77
2021-12-01T21:00:00+00:00,15.2,1016.7,93.14
2021-12-02T00:00:00+00:00,13.6,1016.4,95.53
2021-12-02T03:00:00+00:00,17.2,1018.2,81.46
2021-12-02T06:00:00+00:00,19.0,1018.5,71.8
2021-12-02T09:00:00+00:00,19.6,1016.2,70.53
2021-12-02T12:00:00+00:00,17.0,1017.1,93.83
2021-12-02T15:00:00+00:00,16.2,1017.3,95.62
2021-12-02T18:00:00+00:00,15.0,1017.1,95.58
2021-12-02T21:00:00+00:00,14.2,1016.4,95.55
2021-12-03T00:00:00+00:00,14.2,1016.8,97.44
2021-12-03T03:00:00+00:00,15.2,1018.2,91.35
2021-12-03T06:00:00+00:00,18.8,1018.9,71.77
2021-12-03T09:00:00+00:00,20.4,1016.6,67.55
2021-12-03T12:00:00+00:00,21.6,1016.3,73.66
2021-12-03T15:00:00+00:00,19.2,1018.2,88.19
2021-12-03T18:00:00+00:00,16.2,1018.3,91.41
2021-12-03T21:00:00+00:00,14.8,1017.2,93.12
2021-12-04T00:00:00+00:00,12.6,1016.6,95.5
2021-12-04T03:00:00+00:00,13.2,1017.3,97.42
2021-12-04T06:00:00+00:00,23.8,1016.5,48.5
2021-12-04T09:00:00+00:00,25.4,1013.5,47.67
2021-12-04T12:00:00+00:00,23.4,1013.4,63.96
2021-12-04T15:00:00+00:00,16.4,1015.4,89.67
2021-12-04T18:00:00+00:00,14.6,1016.8,93.11
2021-12-04T21:00:00+00:00,13.6,1016.6,95.53
2021-12-05T00:00:00+00:00,12.8,1016.2,95.51
2021-12-05T03:00:00+00:00,13.0,1017.7,95.51
2021-12-05T06:00:00+00:00,21.6,1017.7,65.23
2021-12-05T09:00:00+00:00,24.8,1014.2,53.75
2021-12-05T12:00:00+00:00,22.0,1013.7,73.73
2021-12-05T15:00:00+00:00,18.2,1015.6,88.11
2021-12-05T18:00:00+00:00,17.0,1016.6,91.46
2021-12-05T21:00:00+00:00,16.4,1015.9,93.81
2021-12-06T00:00:00+00:00,15.2,1015.1,95.59
2021-12-06T03:00:00+00:00,17.2,1016.8,92.06
2021-12-06T06:00:00+00:00,22.2,1017.0,64.52
2021-12-06T09:00:00+00:00,24.8,1015.4,52.38
2021-12-06T12:00:00+00:00,21.8,1015.4,68.71
2021-12-06T15:00:00+00:00,16.6,1017.6,87.4
2021-12-06T18:00:00+00:00,14.4,1018.3,95.56
2021-12-06T21:00:00+00:00,13.6,1017.3,95.53
2021-12-07T00:00:00+00:00,12.4,1017.4,97.4
2021-12-07T03:00:00+00:00,15.4,1018.7,80.69
2021-12-07T06:00:00+00:00,20.6,1018.6,64.59
2021-12-07T09:00:00+00:00,24.6,1016.0,40.22
2021-12-07T12:00:00+00:00,22.6,1015.9,42.71
2021-12-07T15:00:00+00:00,15.0,1017.6,85.0
2021-12-07T18:00:00+00:00,12.8,1017.7,90.59
2021-12-07T21:00:00+00:00,11.8,1017.3,92.35
2021-12-08T00:00:00+00:00,11.4,1016.7,94.82
2021-12-08T03:00:00+00:00,12.0,1018.8,92.98
2021-12-08T06:00:00+00:00,20.8,1018.7,53.43
2021-12-08T09:00:00+00:00,23.6,1016.0,38.61
2021-12-08T12:00:00+00:00,20.6,1016.4,64.59
2021-12-08T15:00:00+00:00,14.8,1018.5,80.61
2021-12-08T18:00:00+00:00,12.6,1019.0,93.01
2021-12-08T21:00:00+00:00,11.4,1018.8,92.33
2021-12-09T00:00:00+00:00,9.6,1018.9,97.34
2021-12-09T03:00:00+00:00,10.6,1021.0,92.28
2021-12-09T06:00:00+00:00,20.0,1021.3,57.26
2021-12-09T09:00:00+00:00,23.4,1018.8,46.51
2021-12-09T12:00:00+00:00,20.4,1019.0,65.82
2021-12-09T15:00:00+00:00,14.6,1020.7,86.65
2021-12-09T18:00:00+00:00,13.2,1021.4,93.04
2021-12-09T21:00:00+00:00,12.6,1021.2,94.25
2021-12-10T00:00:00+00:00,11.4,1020.0,97.38
2021-12-10T03:00:00+00:00,11.0,1021.5,92.3
2021-12-10T06:00:00+00:00,20.2,1021.0,55.81
2021-12-10T09:00:00+00:00,23.4,1018.4,46.51
2021-12-10T12:00:00+00:00,20.6,1018.3,56.28
2021-12-10T15:00:00+00:00,14.0,1020.0,86.59
2021-12-10T18:00:00+00:00,11.6,1019.9,89.9
2021-12-10T21:00:00+00:00,10.4,1019.5,94.78
2021-12-11T00:00:00+00:00,10.0,1018.4,94.77
2021-12-11T03:00:00+00:00,11.8,1020.2,87.54
2021-12-11T06:00:00+00:00,20.8,1020.5,45.79
2021-12-11T09:00:00+00:00,23.2,1017.9,35.47
2021-12-11T12:00:00+00:00,20.8,1018.0,54.86
2021-12-11T15:00:00+00:00,12.8,1019.8,83.63
2021-12-11T18:00:00+00:00,10.8,1019.9,88.64
2021-12-11T21:00:00+00:00,10.0,1019.3,92.24
2021-12-12T00:00:00+00:00,7.8,1019.9,94.03
2021-12-12T03:00:00+00:00,8.4,1021.9,94.7
2021-12-12T06:00:00+00:00,19.6,1021.1,52.06
2021-12-12T09:00:00+00:00,23.2,1017.4,36.7
2021-12-12T12:00:00+00:00,20.6,1017.3,58.17
2021-12-12T15:00:00+00:00,13.4,1019.5,85.96
2021-12-12T18:00:00+00:00,11.2,1019.6,89.87
2021-12-12T21:00:00+00:00,9.8,1019.5,94.76
2021-12-13T00:00:00+00:00,7.8,1018.7,94.03
2021-12-13T03:00:00+00:00,8.6,1020.7,97.32
2021-12-13T06:00:00+00:00,21.2,1019.8,44.98
2021-12-13T09:00:00+00:00,21.8,1016.7,41.35
2021-12-13T12:00:00+00:00,17.8,1016.1,72.53
2021-12-13T15:00:00+00:00,13.8,1017.3,86.57
2021-12-13T18:00:00+00:00,11.6,1017.7,89.9
2021-12-13T21:00:00+00:00,10.4,1017.5,94.78
2021-12-14T00:00:00+00:00,9.2,1017.1,97.34
2021-12-14T03:00:00+00:00,9.4,1019.0,94.74
2021-12-14T06:00:00+00:00,20.0,1018.6,53.93
2021-12-14T09:00:00+00:00,22.0,1016.3,47.37
2021-12-14T12:00:00+00:00,18.4,1016.0,73.11
2021-12-14T15:00:00+00:00,13.4,1018.0,90.63
2021-12-14T18:00:00+00:00,11.6,1019.3,92.96
2021-12-14T21:00:00+00:00,10.8,1019.3,97.37
2021-12-15T00:00:00+00:00,9.0,1018.9,97.33
2021-12-15T03:00:00+00:00,10.0,1020.2,92.24
2021-12-15T06:00:00+00:00,17.4,1019.3,66.49
2021-12-15T09:00:00+00:00,22.0,1016.3,46.12
2021-12-15T12:00:00+00:00,19.2,1015.2,56.31
2021-12-15T15:00:00+00:00,11.4,1017.9,92.33
2021-12-15T18:00:00+00:00,10.4,1018.0,89.81
2021-12-15T21:00:00+00:00,9.8,1017.8,94.76
2021-12-16T00:00:00+00:00,10.0,1018.0,94.77
2021-12-16T03:00:00+00:00,10.6,1019.9,89.83
2021-12-16T06:00:00+00:00,17.8,1020.1,56.33
2021-12-16T09:00:00+00:00,19.8,1017.8,50.73
2021-12-16T12:00:00+00:00,17.0,1017.3,53.52
2021-12-16T15:00:00+00:00,13.6,1019.9,77.28
2021-12-16T18:00:00+00:00,12.4,1020.5,83.59
2021-12-16T21:00:00+00:00,10.8,1020.2,92.29
2021-12-17T00:00:00+00:00,9.6,1020.0,81.55
2021-12-17T03:00:00+00:00,10.2,1022.0,77.27
2021-12-17T06:00:00+00:00,17.6,1021.9,43.97
2021-12-17T09:00:00+00:00,20.2,1019.0,38.7
2021-12-17T12:00:00+00:00,16.4,1018.9,56.36
2021-12-17T15:00:00+00:00,12.0,1020.8,78.61
2021-12-17T18:00:00+00:00,10.6,1021.2,84.51
2021-12-17T21:00:00+00:00,9.8,1020.7,89.76
2021-12-18T00:00:00+00:00,9.2,1020.6,94.74
2021-12-18T03:00:00+00:00,7.4,1022.9,94.01
2021-12-18T06:00:00+00:00,13.0,1022.7,66.0
2021-12-18T09:00:00+00:00,17.4,1019.4,43.61
2021-12-18T12:00:00+00:00,14.8,1019.1,50.07
2021-12-18T15:00:00+00:00,11.2,1020.2,66.07
2021-12-18T18:00:00+00:00,9.6,1020.5,76.64
2021-12-18T21:00:00+00:00,8.8,1019.6,83.73
2021-12-19T00:00:00+00:00,7.0,1020.0,82.35
2021-12-19T03:00:00+00:00,7.0,1021.6,85.29
2021-12-19T06:00:00+00:00,16.2,1021.6,45.13
2021-12-19T09:00:00+00:00,18.6,1019.1,39.05
2021-12-19T12:00:00+00:00,16.2,1019.3,54.05
2021-12-19T15:00:00+00:00,9.6,1020.6,81.55
2021-12-19T18:00:00+00:00,6.8,1020.4,91.42
2021-12-19T21:00:00+00:00,6.0,1019.9,93.95
2021-12-20T00:00:00+00:00,4.4,1019.4,96.55
2021-12-20T03:00:00+00:00,5.4,1020.8,90.68
2021-12-20T06:00:00+00:00,15.8,1020.8,55.45
2021-12-20T09:00:00+00:00,20.0,1016.6,34.07
2021-12-20T12:00:00+00:00,17.2,1016.5,53.94
2021-12-20T15:00:00+00:00,9.8,1019.2,84.42
2021-12-20T18:00:00+00:00,7.8,1019.3,88.99
2021-12-20T21:00:00+00:00,6.2,1019.0,90.74
2021-12-21T00:00:00+00:00,5.4,1018.0,93.92
2021-12-21T03:00:00+00:00,6.4,1019.1,93.97
2021-12-21T06:00:00+00:00,19.4,1018.2,42.1
2021-12-21T09:00:00+00:00,22.2,1015.2,29.55
2021-12-21T12:00:00+00:00,18.0,1015.5,58.31
2021-12-21T15:00:00+00:00,11.2,1017.0,82.88
2021-12-21T18:00:00+00:00,8.8,1017.9,89.08
2021-12-21T21:00:00+00:00,8.0,1016.6,91.49
2021-12-22T00:00:00+00:00,6.8,1016.4,93.99
2021-12-22T03:00:00+00:00,6.6,1017.0,93.98
2021-12-22T06:00:00+00:00,18.2,1015.3,54.93
2021-12-22T09:00:00+00:00,23.4,1012.5,29.27
2021-12-22T12:00:00+00:00,18.2,1012.6,60.35
2021-12-22T15:00:00+00:00,11.4,1014.9,85.18
2021-12-22T18:00:00+00:00,9.4,1015.5,89.12
2021-12-22T21:00:00+00:00,8.4,1014.3,91.52
2021-12-23T00:00:00+00:00,7.2,1014.2,94.0
2021-12-23T03:00:00+00:00,8.6,1016.7,94.71
2021-12-23T06:00:00+00:00,18.4,1016.3,62.43
2021-12-23T09:00:00+00:00,22.4,1012.1,45.01
2021-12-23T12:00:00+00:00,19.2,1012.1,61.39
2021-12-23T15:00:00+00:00,12.4,1014.6,85.86
2021-12-23T18:00:00+00:00,10.2,1014.9,89.8
2021-12-23T21:00:00+00:00,8.8,1013.8,90.3
2021-12-24T00:00:00+00:00,7.8,1013.8,97.31
2021-12-24T03:00:00+00:00,8.0,1015.1,94.04
2021-12-24T06:00:00+00:00,19.6,1014.7,60.28
2021-12-24T09:00:00+00:00,22.6,1012.2,51.13
2021-12-24T12:00:00+00:00,19.4,1012.4,70.03
2021-12-24T15:00:00+00:00,13.2,1015.0,88.25
2021-12-24T18:00:00+00:00,11.0,1015.6,92.3
2021-12-24T21:00:00+00:00,9.6,1015.6,92.22
2021-12-25T00:00:00+00:00,8.2,1015.6,94.7
2021-12-25T03:00:00+00:00,8.4,1017.5,94.7
2021-12-25T06:00:00+00:00,18.2,1017.0,76.48
2021-12-25T09:00:00+00:00,23.2,1014.1,53.34
2021-12-25T12:00:00+00:00,19.2,1014.7,73.72
2021-12-25T15:00:00+00:00,14.6,1016.5,84.4
2021-12-25T18:00:00+00:00,12.4,1017.1,88.18
2021-12-25T21:00:00+00:00,11.6,1016.9,92.34
2021-12-26T00:00:00+00:00,10.8,1016.7,97.37
2021-12-26T03:00:00+00:00,11.8,1018.8,92.35
2021-12-26T06:00:00+00:00,17.4,1018.9,83.62
2021-12-26T09:00:00+00:00,21.2,1016.4,61.85
2021-12-26T12:00:00+00:00,18.0,1016.8,80.51
2021-12-26T15:00:00+00:00,16.2,1020.4,91.41
2021-12-26T18:00:00+00:00,15.2,1020.3,95.59
2021-12-26T21:00:00+00:00,13.8,1019.5,93.07
2021-12-27T00:00:00+00:00,11.4,1018.9,97.38
2021-12-27T03:00:00+00:00,11.8,1020.7,90.52
2021-12-27T06:00:00+00:00,19.2,1020.5,59.78
2021-12-27T09:00:00+00:00,22.4,1017.9,46.54
2021-12-27T12:00:00+00:00,19.6,1017.8,66.95
2021-12-27T15:00:00+00:00,13.4,1019.6,88.27
2021-12-27T18:00:00+00:00,11.6,1020.8,89.9
2021-12-27T21:00:00+00:00,10.4,1019.5,94.78
2021-12-28T00:00:00+00:00,10.0,1018.6,94.77
2021-12-28T03:00:00+00:00,12.0,1019.6,90.53
2021-12-28T09:00:00+00:00,14.6,1017.5,93.11
2021-12-28T12:00:00+00:00,14.2,1017.4,90.69
2021-12-28T15:00:00+00:00,13.6,1018.3,97.43
2021-12-28T18:00:00+00:00,13.6,1018.6,97.43
2021-12-28T21:00:00+00:00,12.6,1017.7,97.41
2021-12-29T00:00:00+00:00,10.2,1017.7,97.36
2021-12-29T03:00:00+00:00,9.8,1019.7,97.35
2021-12-29T06:00:00+00:00,17.8,1020.0,70.65
2021-12-29T09:00:00+00:00,20.8,1018.6,45.48
2021-12-29T12:00:00+00:00,18.0,1018.1,53.06
2021-12-29T15:00:00+00:00,11.2,1021.4,82.88
2021-12-29T18:00:00+00:00,9.8,1023.0,86.76
2021-12-29T21:00:00+00:00,9.0,1022.6,89.09
2021-12-30T00:00:00+00:00,8.2,1023.1,94.7
2021-12-30T03:00:00+00:00,5.2,1025.2,93.91
2021-12-30T06:00:00+00:00,16.2,1024.4,45.13
2021-12-30T09:00:00+00:00,18.4,1022.6,42.1
2021-12-30T12:00:00+00:00,17.2,1022.3,48.33
2021-12-30T15:00:00+00:00,9.8,1024.9,84.42
2021-12-30T18:00:00+00:00,7.2,1025.6,91.44
2021-12-30T21:00:00+00:00,6.0,1024.1,93.95
2021-12-31T00:00:00+00:00,4.6,1024.0,96.56
2021-12-31T03:00:00+00:00,5.8,1025.1,90.71
2021-12-31T06:00:00+00:00,15.6,1024.6,53.15
2021-12-31T09:00:00+00:00,18.2,1022.0,41.76
2021-12-31T12:00:00+00:00,16.6,1021.5,58.36
2021-12-31T15:00:00+00:00,10.0,1023.1,86.78
2021-12-31T18:00:00+00:00,7.8,1023.4,88.99
2021-12-31T21:00:00+00:00,6.6,1023.0,90.77
2022-01-01T00:00:00+00:00,5.6,1023.1,90.7
2022-01-01T03:00:00+00:00,6.4,1024.4,88.26
2022-01-01T06:00:00+00:00,15.6,1023.8,60.96
2022-01-01T09:00:00+00:00,20.0,1020.5,52.51
2022-01-01T12:00:00+00:00,17.4,1019.7,66.49
2022-01-01T15:00:00+00:00,10.6,1021.9,88.02
2022-01-01T18:00:00+00:00,8.6,1022.3,97.32
2022-01-01T21:00:00+00:00,7.4,1021.9,97.3
2022-01-02T00:00:00+00:00,6.8,1021.4,97.29
2022-01-02T03:00:00+00:00,7.4,1022.7,94.01
2022-01-02T06:00:00+00:00,16.0,1022.2,67.09
2022-01-02T09:00:00+00:00,20.2,1018.4,46.25
2022-01-02T12:00:00+00:00,17.6,1017.7,65.22
2022-01-02T15:00:00+00:00,12.2,1021.1,90.55
2022-01-02T18:00:00+00:00,9.8,1021.3,92.23
2022-01-02T21:00:00+00:00,9.0,1020.2,94.73
2022-01-03T00:00:00+00:00,7.0,1019.2,97.29
2022-01-03T03:00:00+00:00,6.8,1020.9,93.99
2022-01-03T06:00:00+00:00,17.6,1019.3,55.9
2022-01-03T09:00:00+00:00,20.8,1016.9,42.79
2022-01-03T12:00:00+00:00,19.0,1016.6,62.99
2022-01-03T15:00:00+00:00,13.0,1017.8,83.66
2022-01-03T18:00:00+00:00,12.4,1018.9,88.18
2022-01-03T21:00:00+00:00,11.2,1018.1,92.31
2022-01-04T00:00:00+00:00,9.2,1017.5,94.74
2022-01-04T03:00:00+00:00,10.8,1019.0,94.8
2022-01-04T06:00:00+00:00,19.4,1019.3,53.42
2022-01-04T09:00:00+00:00,22.8,1015.9,41.63
2022-01-04T12:00:00+00:00,20.4,1015.9,52.97
2022-01-04T15:00:00+00:00,16.2,1016.8,79.22
2022-01-04T18:00:00+00:00,14.2,1017.0,88.92
2022-01-04T21:00:00+00:00,12.8,1016.7,90.59
2022-01-05T00:00:00+00:00,12.2,1015.2,92.99
2022-01-05T03:00:00+00:00,12.6,1018.0,95.5
2022-01-05T06:00:00+00:00,14.6,1019.0,95.57
2022-01-05T09:00:00+00:00,15.0,1015.5,95.58
2022-01-05T12:00:00+00:00,12.2,1015.3,94.86
2022-01-05T15:00:00+00:00,13.6,1015.9,95.53
2022-01-05T18:00:00+00:00,13.6,1017.3,95.53
2022-01-05T21:00:00+00:00,12.4,1016.4,95.49
2022-01-06T00:00:00+00:00,12.8,1016.5,97.41
2022-01-06T03:00:00+00:00,14.0,1018.4,95.55
2022-01-06T06:00:00+00:00,18.6,1018.0,72.67
2022-01-06T09:00:00+00:00,20.4,1015.2,64.13
2022-01-06T12:00:00+00:00,18.0,1018.9,70.69
2022-01-06T15:00:00+00:00,15.6,1016.6,89.03
2022-01-06T18:00:00+00:00,15.4,1016.8,91.36
2022-01-06T21:00:00+00:00,15.0,1015.3,93.13
2022-01-07T00:00:00+00:00,13.8,1015.2,97.43
2022-01-07T03:00:00+00:00,15.2,1017.0,98.09
2022-01-07T06:00:00+00:00,18.4,1018.0,76.51
2022-01-07T09:00:00+00:00,19.2,1015.6,75.65
2022-01-07T12:00:00+00:00,18.2,1014.9,80.54
2022-01-07T15:00:00+00:00,17.2,1016.1,87.46
2022-01-07T18:00:00+00:00,17.4,1015.4,88.04
2022-01-07T21:00:00+00:00,16.4,1014.4,95.63
2022-01-08T00:00:00+00:00,16.0,1014.3,100.0
2022-01-08T03:00:00+00:00,15.8,1016.1,100.0
2022-01-08T06:00:00+00:00,16.0,1018.2,100.0
2022-01-08T09:00:00+00:00,16.2,1015.6,100.0
2022-01-08T12:00:00+00:00,16.2,1015.2,100.0
2022-01-08T15:00:00+00:00,15.6,1016.0,100.0
2022-01-08T18:00:00+00:00,15.2,1015.2,98.09
2022-01-08T21:00:00+00:00,14.4,1014.5,97.44
2022-01-09T00:00:00+00:00,14.2,1013.5,100.0
2022-01-09T03:00:00+00:00,14.8,1014.9,100.0
2022-01-09T06:00:00+00:00,14.6,1016.1,98.08
2022-01-09T09:00:00+00:00,14.0,1014.6,97.43
2022-01-09T12:00:00+00:00,13.4,1014.9,95.53
2022-01-09T15:00:00+00:00,13.2,1016.0,93.04
2022-01-09T18:00:00+00:00,12.8,1016.7,95.51
2022-01-09T21:00:00+00:00,12.0,1016.6,97.39
2022-01-10T00:00:00+00:00,11.2,1016.6,97.38
2022-01-10T03:00:00+00:00,11.2,1018.6,94.82
2022-01-10T06:00:00+00:00,15.6,1019.3,68.83
2022-01-10T09:00:00+00:00,17.4,1017.0,66.49
2022-01-10T12:00:00+00:00,15.2,1017.0,76.5
2022-01-10T15:00:00+00:00,11.4,1019.2,92.33
2022-01-10T18:00:00+00:00,9.8,1019.8,97.35
2022-01-10T21:00:00+00:00,9.2,1019.1,97.34
2022-01-11T00:00:00+00:00,8.4,1018.8,97.32
2022-01-11T03:00:00+00:00,8.6,1019.7,100.0
2022-01-11T06:00:00+00:00,14.8,1019.5,78.5
2022-01-11T09:00:00+00:00,17.6,1016.7,61.43
2022-01-11T12:00:00+00:00,15.0,1016.4,78.53
2022-01-11T15:00:00+00:00,12.2,1017.4,80.8
2022-01-11T18:00:00+00:00,11.0,1017.5,89.86
2022-01-11T21:00:00+00:00,9.7,1017.0,95.4
2022-01-12T00:00:00+00:00,8.6,1017.0,97.32
2022-01-12T03:00:00+00:00,9.6,1019.1,94.75
2022-01-12T06:00:00+00:00,14.4,1019.1,67.66
2022-01-12T09:00:00+00:00,17.4,1016.5,59.35
2022-01-12T12:00:00+00:00,16.2,1016.2,63.62
2022-01-12T15:00:00+00:00,11.2,1018.2,87.49
2022-01-12T18:00:00+00:00,9.6,1018.6,94.75
2022-01-12T21:00:00+00:00,8.2,1017.6,100.0
2022-01-13T00:00:00+00:00,7.0,1017.3,100.0
2022-01-13T03:00:00+00:00,7.8,1019.3,100.0
2022-01-13T06:00:00+00:00,13.4,1019.6,83.7
2022-01-13T09:00:00+00:00,16.4,1016.4,69.45
2022-01-13T12:00:00+00:00,15.2,1016.1,82.82
2022-01-13T15:00:00+00:00,11.2,1016.7,89.87
2022-01-13T18:00:00+00:00,9.0,1018.7,94.73
2022-01-13T21:00:00+00:00,7.8,1018.0,97.31
2022-01-14T00:00:00+00:00,6.8,1018.0,97.29
2022-01-14T03:00:00+00:00,9.4,1019.9,97.34
2022-01-14T06:00:00+00:00,13.4,1020.1,83.7
2022-01-14T09:00:00+00:00,15.2,1017.9,76.5
2022-01-14T12:00:00+00:00,13.0,1017.4,85.92
2022-01-14T15:00:00+00:00,10.2,1018.8,92.26
2022-01-14T18:00:00+00:00,9.0,1019.8,94.73
2022-01-14T21:00:00+00:00,8.4,1019.2,94.7
2022-01-15T00:00:00+00:00,7.8,1019.3,99.32
2022-01-15T03:00:00+00:00,9.2,1021.6,100.0
2022-01-15T06:00:00+00:00,10.2,1022.3,100.0
2022-01-15T09:00:00+00:00,14.2,1019.0,71.38
2022-01-15T12:00:00+00:00,12.4,1019.5,83.59
2022-01-15T15:00:00+00:00,10.8,1021.5,87.45
2022-01-15T18:00:00+00:00,10.2,1020.8,89.8
2022-01-15T21:00:00+00:00,9.4,1020.0,92.21
2022-01-16T00:00:00+00:00,8.8,1019.7,91.55
2022-01-16T03:00:00+00:00,9.4,1022.0,86.72
2022-01-16T06:00:00+00:00,12.2,1022.1,71.98
2022-01-16T09:00:00+00:00,15.2,1019.9,62.54
2022-01-16T12:00:00+00:00,14.8,1019.9,70.07
2022-01-16T15:00:00+00:00,11.2,1021.5,89.87
2022-01-16T18:00:00+00:00,11.0,1022.0,89.86
2022-01-16T21:00:00+00:00,9.8,1021.6,94.76
2022-01-17T00:00:00+00:00,9.4,1020.6,94.74
2022-01-17T03:00:00+00:00,9.6,1022.4,86.74
2022-01-17T06:00:00+00:00,10.8,1023.1,82.27
2022-01-17T09:00:00+00:00,15.0,1020.1,62.07
2022-01-17T12:00:00+00:00,14.8,1020.2,73.93
2022-01-17T15:00:00+00:00,11.6,1021.8,85.2
2022-01-17T18:00:00+00:00,10.0,1022.4,87.97
2022-01-17T21:00:00+00:00,9.0,1022.0,94.73
2022-01-18T00:00:00+00:00,9.0,1019.5,96.02
2022-01-18T03:00:00+00:00,10.2,1020.4,89.8
2022-01-18T06:00:00+00:00,12.2,1020.7,73.98
2022-01-18T09:00:00+00:00,15.2,1017.7,62.54
2022-01-18T12:00:00+00:00,13.4,1017.1,77.25
2022-01-18T15:00:00+00:00,10.4,1018.2,89.81
2022-01-18T18:00:00+00:00,9.6,1019.3,94.75
2022-01-18T21:00:00+00:00,9.0,1018.9,97.33
2022-01-19T00:00:00+00:00,8.4,1018.0,97.32
2022-01-19T03:00:00+00:00,10.0,1018.6,97.35
2022-01-19T06:00:00+00:00,12.6,1018.0,78.7
2022-01-19T09:00:00+00:00,17.8,1014.5,59.85
2022-01-19T12:00:00+00:00,16.2,1013.4,63.62
2022-01-19T15:00:00+00:00,12.6,1014.5,88.79
2022-01-19T18:00:00+00:00,11.6,1014.5,92.34
2022-01-19T21:00:00+00:00,11.0,1014.0,94.81
2022-01-20T00:00:00+00:00,11.6,1011.7,97.39
2022-01-20T03:00:00+00:00,11.4,1013.3,94.82
2022-01-20T06:00:00+00:00,13.6,1014.1,84.28
2022-01-20T09:00:00+00:00,18.2,1010.5,65.79
2022-01-20T12:00:00+00:00,15.8,1010.1,80.74
2022-01-20T15:00:00+00:00,12.2,1011.6,90.55
2022-01-20T18:00:00+00:00,10.2,1013.0,100.0
2022-01-20T21:00:00+00:00,9.8,1012.1,100.0
2022-01-21T00:00:00+00:00,9.8,1011.9,100.0
2022-01-21T03:00:00+00:00,11.6,1013.6,94.83
2022-01-21T06:00:00+00:00,14.4,1014.8,67.66
2022-01-21T09:00:00+00:00,19.4,1010.6,59.83
2022-01-21T12:00:00+00:00,17.0,1010.0,71.91
2022-01-21T15:00:00+00:00,13.0,1011.5,90.6
2022-01-21T18:00:00+00:00,13.8,1011.2,90.66
2022-01-21T21:00:00+00:00,13.4,1009.1,95.53
2022-01-22T00:00:00+00:00,12.4,1007.9,95.49
2022-01-22T03:00:00+00:00,12.0,1008.6,100.0
2022-01-22T06:00:00+00:00,12.6,1009.2,97.41
2022-01-22T09:00:00+00:00,14.4,1005.7,86.63
2022-01-22T12:00:00+00:00,14.4,1005.3,84.37
2022-01-22T15:00:00+00:00,14.2,1007.0,88.92
2022-01-22T18:00:00+00:00,12.4,1008.7,95.49
2022-01-22T21:00:00+00:00,12.2,1007.8,97.4
2022-01-23T00:00:00+00:00,12.2,1007.8,97.4
2022-01-23T03:00:00+00:00,11.6,1009.9,100.0
2022-01-23T06:00:00+00:00,14.2,1010.9,88.92
2022-01-23T09:00:00+00:00,14.8,1009.8,78.5
2022-01-23T12:00:00+00:00,14.2,1009.9,84.35
2022-01-23T15:00:00+00:00,11.6,1012.4,92.34
2022-01-23T18:00:00+00:00,10.2,1012.8,97.36
2022-01-23T21:00:00+00:00,9.6,1012.4,100.0
2022-01-24T00:00:00+00:00,10.0,1012.5,100.0
2022-01-24T03:00:00+00:00,9.8,1014.2,94.76
2022-01-24T06:00:00+00:00,13.6,1016.0,81.53
2022-01-24T09:00:00+00:00,14.2,1014.4,75.83
2022-01-24T12:00:00+00:00,14.4,1013.7,73.86
2022-01-24T15:00:00+00:00,10.0,1015.8,94.77
2022-01-24T18:00:00+00:00,8.6,1016.5,97.32
2022-01-24T21:00:00+00:00,7.6,1016.0,97.3
2022-01-25T00:00:00+00:00,8.4,1015.0,97.32
2022-01-25T03:00:00+00:00,10.0,1016.2,94.77
2022-01-25T06:00:00+00:00,14.4,1016.4,69.05
2022-01-25T09:00:00+00:00,12.0,1014.5,80.77
2022-01-25T12:00:00+00:00,11.4,1014.1,82.9
2022-01-25T15:00:00+00:00,10.4,1015.5,92.27
2022-01-25T18:00:00+00:00,7.6,1016.3,94.02
2022-01-25T21:00:00+00:00,6.6,1015.8,97.28
2022-01-26T00:00:00+00:00,9.4,1015.1,94.74
2022-01-26T03:00:00+00:00,9.8,1016.4,94.76
2022-01-26T06:00:00+00:00,14.2,1016.9,71.38
2022-01-26T09:00:00+00:00,16.2,1015.2,63.62
2022-01-26T12:00:00+00:00,14.4,1015.0,75.87
2022-01-26T15:00:00+00:00,11.4,1017.0,92.33
2022-01-26T18:00:00+00:00,10.2,1017.7,94.78
2022-01-26T21:00:00+00:00,8.8,1017.0,97.33
2022-01-27T00:00:00+00:00,7.0,1016.6,97.29
2022-01-27T03:00:00+00:00,8.4,1017.8,97.32
2022-01-27T06:00:00+00:00,15.8,1018.7,64.83
2022-01-27T09:00:00+00:00,18.2,1016.1,53.47
2022-01-27T12:00:00+00:00,17.2,1015.4,55.43
2022-01-27T15:00:00+00:00,12.0,1017.0,85.24
2022-01-27T18:00:00+00:00,11.2,1017.5,92.31
2022-01-27T21:00:00+00:00,10.0,1017.0,94.77
2022-01-28T00:00:00+00:00,8.0,1016.3,89.01
2022-01-28T03:00:00+00:00,8.4,1017.4,80.83
2022-01-28T06:00:00+00:00,17.2,1017.9,45.1
2022-01-28T09:00:00+00:00,19.6,1015.7,34.68
2022-01-28T12:00:00+00:00,18.6,1015.6,43.95
2022-01-28T15:00:00+00:00,11.0,1017.6,85.13
2022-01-28T18:00:00+00:00,8.6,1018.3,94.71
2022-01-28T21:00:00+00:00,8.0,1017.8,97.31
2022-01-29T00:00:00+00:00,6.6,1017.5,97.28
2022-01-29T03:00:00+00:00,7.2,1018.8,94.0
2022-01-29T06:00:00+00:00,18.0,1018.6,49.56
2022-01-29T09:00:00+00:00,21.8,1015.4,32.94
2022-01-29T12:00:00+00:00,20.2,1014.7,43.5
2022-01-29T15:00:00+00:00,12.2,1016.3,80.8
2022-01-29T18:00:00+00:00,9.6,1016.7,89.14
2022-01-29T21:00:00+00:00,8.4,1015.2,94.7
2022-01-30T00:00:00+00:00,8.6,1013.0,94.71
2022-01-30T03:00:00+00:00,11.2,1013.5,85.16
2022-01-30T06:00:00+00:00,17.2,1013.1,53.57
2022-01-30T09:00:00+00:00,21.6,1010.3,42.43
2022-01-30T12:00:00+00:00,20.0,1009.2,52.51
2022-01-30T15:00:00+00:00,15.2,1011.1,74.5
2022-01-30T18:00:00+00:00,13.6,1011.9,81.53
2022-01-30T21:00:00+00:00,11.4,1011.4,89.89
2022-01-31T00:00:00+00:00,9.6,1011.6,94.75
2022-01-31T03:00:00+00:00,7.4,1013.4,94.01
2022-01-31T06:00:00+00:00,19.5,1013.2,56.38
2022-01-31T09:00:00+00:00,20.6,1010.5,62.93
2022-01-31T12:00:00+00:00,17.4,1010.4,75.36
2022-01-31T15:00:00+00:00,14.0,1012.2,88.9
2022-01-31T18:00:00+00:00,12.0,1013.0,94.85
2022-01-31T21:00:00+00:00,11.0,1012.1,97.37
2022-02-01T00:00:00+00:00,8.0,1011.9,100.0
2022-02-01T03:00:00+00:00,8.4,1012.9,97.32
2022-02-01T06:00:00+00:00,18.0,1013.1,69.31
2022-02-01T09:00:00+00:00,20.6,1009.9,53.37
2022-02-01T12:00:00+00:00,19.0,1009.3,68.15
2022-02-01T15:00:00+00:00,14.4,1010.9,88.94
2022-02-01T18:00:00+00:00,13.0,1011.5,93.03
2022-02-01T21:00:00+00:00,11.8,1011.2,94.84
2022-02-02T00:00:00+00:00,11.8,1010.9,94.84
2022-02-02T03:00:00+00:00,12.0,1012.4,92.98
2022-02-02T06:00:00+00:00,15.4,1013.4,76.54
2022-02-02T18:00:00+00:00,14.2,1011.5,86.61
2022-02-02T21:00:00+00:00,13.6,1011.3,88.29
2022-02-03T00:00:00+00:00,12.4,1007.1,88.18
2022-02-03T03:00:00+00:00,12.0,1008.0,92.98
2022-02-03T06:00:00+00:00,14.2,1007.6,73.83
2022-02-03T09:00:00+00:00,14.4,1005.3,77.92
2022-02-03T12:00:00+00:00,13.2,1005.3,93.04
2022-02-03T15:00:00+00:00,13.0,1007.2,95.51
2022-02-03T18:00:00+00:00,11.8,1007.7,87.54
2022-02-03T21:00:00+00:00,11.0,1006.7,92.3
2022-02-04T00:00:00+00:00,11.6,1007.0,97.39
2022-02-04T03:00:00+00:00,11.6,1009.6,97.39
2022-02-04T06:00:00+00:00,13.4,1010.9,83.7
2022-02-04T09:00:00+00:00,16.6,1009.2,62.02
2022-02-04T12:00:00+00:00,16.4,1009.7,63.67
2022-02-04T15:00:00+00:00,12.2,1011.9,88.16
2022-02-04T18:00:00+00:00,11.4,1012.7,89.89
2022-02-04T21:00:00+00:00,10.2,1012.3,92.26
2022-02-05T00:00:00+00:00,9.0,1012.1,100.0
2022-02-05T03:00:00+00:00,9.4,1014.2,100.0
2022-02-05T06:00:00+00:00,14.8,1015.2,67.75
2022-02-05T09:00:00+00:00,18.4,1013.4,55.36
2022-02-05T12:00:00+00:00,18.6,1013.1,45.49
2022-02-05T15:00:00+00:00,11.6,1016.1,85.2
2022-02-05T18:00:00+00:00,9.2,1017.4,89.11
2022-02-05T21:00:00+00:00,8.4,1016.8,94.7
2022-02-06T00:00:00+00:00,6.6,1015.8,97.28
2022-02-06T03:00:00+00:00,6.0,1017.3,97.27
2022-02-06T06:00:00+00:00,17.0,1017.5,55.37
2022-02-06T09:00:00+00:00,23.0,1014.3,28.55
2022-02-06T12:00:00+00:00,21.6,1013.6,42.43
2022-02-06T15:00:00+00:00,14.2,1016.1,82.15
2022-02-06T18:00:00+00:00,11.0,1017.0,94.81
2022-02-06T21:00:00+00:00,9.8,1016.4,97.35
2022-02-07T00:00:00+00:00,9.6,1015.6,97.34
2022-02-07T03:00:00+00:00,11.8,1016.3,87.54
2022-02-07T06:00:00+00:00,20.0,1016.0,58.8
2022-02-07T09:00:00+00:00,25.8,1012.7,35.72
2022-02-07T12:00:00+00:00,23.4,1012.3,59.61
2022-02-07T15:00:00+00:00,19.6,1014.4,73.79
2022-02-07T18:00:00+00:00,18.4,1014.4,78.52
2022-02-07T21:00:00+00:00,16.2,1013.6,83.48
2022-02-08T00:00:00+00:00,13.6,1013.2,95.53
2022-02-08T03:00:00+00:00,12.8,1014.8,90.59
2022-02-08T06:00:00+00:00,22.4,1014.4,56.73
2022-02-08T09:00:00+00:00,25.6,1011.4,45.3
2022-02-08T12:00:00+00:00,22.8,1010.2,63.42
2022-02-08T15:00:00+00:00,18.6,1012.7,80.59
2022-02-08T18:00:00+00:00,15.8,1013.5,87.33
2022-02-08T21:00:00+00:00,15.0,1012.2,91.34
2022-02-09T00:00:00+00:00,13.8,1014.2,100.0
2022-02-09T03:00:00+00:00,13.6,1015.4,97.43
2022-02-09T06:00:00+00:00,18.4,1015.8,73.11
2022-02-09T09:00:00+00:00,20.6,1014.6,53.37
2022-02-09T12:00:00+00:00,20.4,1014.8,62.48
2022-02-09T15:00:00+00:00,15.2,1018.1,86.71
2022-02-09T18:00:00+00:00,13.0,1018.6,90.6
2022-02-09T21:00:00+00:00,11.8,1016.5,94.84
2022-02-10T00:00:00+00:00,10.4,1017.1,94.78
2022-02-10T03:00:00+00:00,12.4,1019.5,97.4
2022-02-10T06:00:00+00:00,18.8,1019.9,60.89
2022-02-10T09:00:00+00:00,22.4,1016.6,40.96
2022-02-10T12:00:00+00:00,20.4,1015.7,46.62
2022-02-10T15:00:00+00:00,13.8,1017.6,79.94
2022-02-10T18:00:00+00:00,11.4,1017.7,87.5
2022-02-10T21:00:00+00:00,10.4,1015.9,94.78
2022-02-11T00:00:00+00:00,9.4,1016.3,94.74
2022-02-11T03:00:00+00:00,11.6,1017.3,78.02
2022-02-11T06:00:00+00:00,19.2,1017.0,46.61
2022-02-11T09:00:00+00:00,22.0,1014.7,32.09
2022-02-11T12:00:00+00:00,20.8,1014.2,41.35
2022-02-11T15:00:00+00:00,14.6,1015.7,75.9
2022-02-11T18:00:00+00:00,13.2,1016.2,81.47
2022-02-11T21:00:00+00:00,12.0,1014.9,90.53
2022-02-12T00:00:00+00:00,10.6,1014.7,94.79
2022-02-12T03:00:00+00:00,11.6,1016.3,75.92
2022-02-12T06:00:00+00:00,19.6,1016.1,43.93
2022-02-12T09:00:00+00:00,23.2,1013.5,27.62
2022-02-12T12:00:00+00:00,21.8,1012.5,37.06
2022-02-12T15:00:00+00:00,15.0,1014.0,72.01
2022-02-12T18:00:00+00:00,12.0,1014.9,82.98
2022-02-12T21:00:00+00:00,11.0,1014.2,85.13
2022-02-13T00:00:00+00:00,8.0,1013.5,97.31
2022-02-13T03:00:00+00:00,9.0,1015.1,89.09
2022-02-13T06:00:00+00:00,23.2,1014.6,35.47
2022-02-13T09:00:00+00:00,26.6,1011.6,32.07
2022-02-13T12:00:00+00:00,25.0,1010.7,38.23
2022-02-13T15:00:00+00:00,17.6,1013.4,63.09
2022-02-13T18:00:00+00:00,14.4,1014.3,82.17
2022-02-13T21:00:00+00:00,12.6,1013.9,88.2
2022-02-14T00:00:00+00:00,9.8,1013.3,92.23
2022-02-14T03:00:00+00:00,10.6,1015.0,87.43
2022-02-14T06:00:00+00:00,24.0,1014.6,35.46
2022-02-14T09:00:00+00:00,26.8,1011.5,26.9
2022-02-14T12:00:00+00:00,25.0,1011.1,52.43
2022-02-14T15:00:00+00:00,16.8,1013.2,77.77
2022-02-14T18:00:00+00:00,13.6,1014.1,88.29
2022-02-14T21:00:00+00:00,12.2,1013.7,90.55
2022-02-15T00:00:00+00:00,10.4,1013.6,92.27
2022-02-15T03:00:00+00:00,10.8,1015.5,92.29
2022-02-15T06:00:00+00:00,24.0,1015.3,39.25
2022-02-15T09:00:00+00:00,26.0,1011.8,27.62
2022-02-15T12:00:00+00:00,24.6,1010.4,32.6
2022-02-15T15:00:00+00:00,18.6,1012.2,78.54
2022-02-15T18:00:00+00:00,16.4,1012.9,83.5
2022-02-15T21:00:00+00:00,16.4,1012.9,83.5
2022-02-16T00:00:00+00:00,11.8,1011.4,94.84
2022-02-16T03:00:00+00:00,11.0,1013.3,94.81
2022-02-16T06:00:00+00:00,22.4,1012.9,46.54
2022-02-16T09:00:00+00:00,25.6,1009.8,35.43
2022-02-16T12:00:00+00:00,23.8,1008.3,43.05
2022-02-16T15:00:00+00:00,17.0,1009.7,77.8
2022-02-16T18:00:00+00:00,14.0,1011.0,90.67
2022-02-16T21:00:00+00:00,12.6,1010.6,90.58
2022-02-17T00:00:00+00:00,11.6,1010.6,92.34
2022-02-17T03:00:00+00:00,13.0,1012.4,85.92
2022-02-17T06:00:00+00:00,23.2,1012.5,42.03
2022-02-17T09:00:00+00:00,26.0,1010.5,27.62
2022-02-17T12:00:00+00:00,24.6,1009.0,28.8
2022-02-17T15:00:00+00:00,16.0,1010.8,73.16
2022-02-17T18:00:00+00:00,13.4,1011.9,90.63
2022-02-17T21:00:00+00:00,12.0,1011.6,92.98
2022-02-18T00:00:00+00:00,10.2,1011.6,97.36
2022-02-18T03:00:00+00:00,11.2,1013.7,92.31
2022-02-18T06:00:00+00:00,24.0,1014.1,34.03
2022-02-18T09:00:00+00:00,27.8,1011.0,19.99
2022-02-18T12:00:00+00:00,25.2,1009.8,32.33
2022-02-18T15:00:00+00:00,18.4,1012.9,71.22
2022-02-18T18:00:00+00:00,17.2,1013.2,78.85
2022-02-18T21:00:00+00:00,15.8,1012.8,82.89
2022-02-19T00:00:00+00:00,12.0,1014.0,90.53
2022-02-19T03:00:00+00:00,12.6,1015.5,90.58
2022-02-19T06:00:00+00:00,23.2,1015.4,34.04
2022-02-19T09:00:00+00:00,25.0,1012.8,28.31
2022-02-19T12:00:00+00:00,23.4,1011.2,42.37
2022-02-19T15:00:00+00:00,18.6,1012.5,64.16
2022-02-19T18:00:00+00:00,16.8,1012.4,68.16
2022-02-19T21:00:00+00:00,15.4,1009.5,76.54
2022-02-20T00:00:00+00:00,13.2,1009.2,93.04
2022-02-20T03:00:00+00:00,13.0,1009.9,83.66
2022-02-20T06:00:00+00:00,21.2,1008.9,50.76
2022-02-20T09:00:00+00:00,23.8,1005.8,37.63
2022-02-20T12:00:00+00:00,22.4,1005.6,51.08
2022-02-20T15:00:00+00:00,17.6,1007.2,70.61
2022-02-20T18:00:00+00:00,14.8,1008.2,84.42
2022-02-20T21:00:00+00:00,13.6,1007.4,88.29
2022-02-21T00:00:00+00:00,11.8,1007.4,87.54
2022-02-21T03:00:00+00:00,12.6,1009.6,72.06
2022-02-21T06:00:00+00:00,21.6,1009.2,29.8
2022-02-21T09:00:00+00:00,25.8,1006.4,22.81
2022-02-21T12:00:00+00:00,25.0,1006.4,28.31
2022-02-21T15:00:00+00:00,16.2,1008.8,67.58
2022-02-21T18:00:00+00:00,13.2,1010.9,85.94
2022-02-21T21:00:00+00:00,11.8,1010.8,90.52
2022-02-22T00:00:00+00:00,11.0,1010.5,92.3
2022-02-22T03:00:00+00:00,12.6,1011.8,85.88
2022-02-22T06:00:00+00:00,23.8,1010.8,43.05
2022-02-22T09:00:00+00:00,26.2,1008.1,36.32
2022-02-22T12:00:00+00:00,24.2,1007.4,44.91
2022-02-22T15:00:00+00:00,20.8,1010.2,58.22
2022-02-22T18:00:00+00:00,19.4,1011.2,65.18
2022-02-22T21:00:00+00:00,18.6,1012.5,68.52
2022-02-23T00:00:00+00:00,16.4,1012.3,83.5
2022-02-23T03:00:00+00:00,16.2,1015.0,87.37
2022-02-23T06:00:00+00:00,20.6,1015.5,66.29
2022-02-23T09:00:00+00:00,23.4,1013.5,62.34
2022-02-23T12:00:00+00:00,23.6,1012.4,65.65
2022-02-23T15:00:00+00:00,18.6,1014.8,86.47
2022-02-23T18:00:00+00:00,17.4,1016.2,89.75
2022-02-23T21:00:00+00:00,15.6,1015.8,91.37
2022-02-24T00:00:00+00:00,14.6,1015.4,93.11
2022-02-24T03:00:00+00:00,14.0,1016.9,93.08
2022-02-24T06:00:00+00:00,23.0,1016.5,59.13
2022-02-24T09:00:00+00:00,25.8,1013.8,40.55
2022-02-24T12:00:00+00:00,24.8,1012.6,36.66
2022-02-24T15:00:00+00:00,18.0,1015.1,76.45
2022-02-24T18:00:00+00:00,16.0,1016.4,87.35
2022-02-24T21:00:00+00:00,14.6,1015.7,91.31
2022-02-25T00:00:00+00:00,13.4,1015.9,95.53
2022-02-25T03:00:00+00:00,13.8,1017.9,93.07
2022-02-25T06:00:00+00:00,25.0,1017.4,47.25
2022-02-25T09:00:00+00:00,27.2,1014.0,43.7
2022-02-25T12:00:00+00:00,25.6,1013.1,50.59
2022-02-25T15:00:00+00:00,19.2,1015.2,75.65
2022-02-25T18:00:00+00:00,17.0,1014.3,85.76
2022-02-25T21:00:00+00:00,14.6,1015.2,88.95
2022-02-26T00:00:00+00:00,15.0,1015.0,76.47
2022-02-26T03:00:00+00:00,15.4,1018.9,78.59
2022-02-26T06:00:00+00:00,21.4,1019.7,51.15
2022-02-26T09:00:00+00:00,23.0,1016.2,51.23
2022-02-26T12:00:00+00:00,21.2,1015.2,57.18
2022-02-26T15:00:00+00:00,17.6,1018.3,76.38
2022-02-26T18:00:00+00:00,17.2,1018.8,79.88
2022-02-26T21:00:00+00:00,15.6,1018.6,93.77
2022-02-27T00:00:00+00:00,13.8,1018.0,93.07
2022-02-27T03:00:00+00:00,14.2,1019.9,88.92
2022-02-27T06:00:00+00:00,22.0,1019.8,47.37
2022-02-27T09:00:00+00:00,24.6,1016.7,40.22
2022-02-27T12:00:00+00:00,23.0,1015.9,46.09
2022-02-27T15:00:00+00:00,18.8,1017.9,64.62
2022-02-27T18:00:00+00:00,16.6,1018.5,79.28
2022-02-27T21:00:00+00:00,15.2,1017.8,85.02
2022-02-28T00:00:00+00:00,13.8,1016.6,93.07
2022-02-28T03:00:00+00:00,13.4,1018.1,77.25
2022-02-28T06:00:00+00:00,21.4,1017.8,40.68
2022-02-28T09:00:00+00:00,24.8,1015.0,29.25
2022-02-28T12:00:00+00:00,24.0,1014.1,31.55
2022-02-28T15:00:00+00:00,17.6,1015.6,66.98
2022-02-28T18:00:00+00:00,14.8,1016.4,78.5
2022-02-28T21:00:00+00:00,13.8,1015.8,82.1
2022-03-01T00:00:00+00:00,10.6,1016.4,94.79
2022-03-01T03:00:00+00:00,12.0,1017.8,85.24
2022-03-01T06:00:00+00:00,22.0,1018.6,44.6
2022-03-01T09:00:00+00:00,25.2,1015.6,37.27
2022-03-01T12:00:00+00:00,24.6,1014.9,45.32
2022-03-01T15:00:00+00:00,18.6,1016.7,77.04
2022-03-01T18:00:00+00:00,16.0,1017.4,85.1
2022-03-01T21:00:00+00:00,14.8,1016.7,88.97
2022-03-02T00:00:00+00:00,12.0,1016.5,94.85
2022-03-02T03:00:00+00:00,14.0,1018.7,95.55
2022-03-02T06:00:00+00:00,21.8,1018.8,64.02
2022-03-02T09:00:00+00:00,26.4,1015.1,35.42
2022-03-02T12:00:00+00:00,25.8,1013.9,40.55
2022-03-02T15:00:00+00:00,17.8,1015.5,76.41
2022-03-02T18:00:00+00:00,15.4,1016.1,87.29
2022-03-02T21:00:00+00:00,14.6,1015.5,88.95
2022-03-03T00:00:00+00:00,16.4,1015.0,87.38
2022-03-03T03:00:00+00:00,17.0,1015.9,83.57
2022-03-03T06:00:00+00:00,26.0,1016.0,44.52
2022-03-03T09:00:00+00:00,28.6,1013.5,30.72
2022-03-03T12:00:00+00:00,27.0,1012.2,42.25
2022-03-03T15:00:00+00:00,21.6,1014.5,70.45
2022-03-03T18:00:00+00:00,20.8,1016.6,73.06
2022-03-03T21:00:00+00:00,19.4,1015.9,79.17
2022-03-04T00:00:00+00:00,17.2,1015.6,85.78
2022-03-04T03:00:00+00:00,16.4,1016.8,89.67
2022-03-04T06:00:00+00:00,22.6,1017.5,54.24
2022-03-04T09:00:00+00:00,25.4,1015.1,46.44
2022-03-04T12:00:00+00:00,24.2,1014.0,50.22
2022-03-04T15:00:00+00:00,20.0,1014.8,72.45
2022-03-04T18:00:00+00:00,18.6,1015.6,78.54
2022-03-04T21:00:00+00:00,17.6,1015.2,82.04
2022-03-05T00:00:00+00:00,15.0,1014.1,88.98
2022-03-05T03:00:00+00:00,15.6,1016.3,85.06
2022-03-05T06:00:00+00:00,22.4,1017.0,62.93
2022-03-05T09:00:00+00:00,25.8,1013.7,38.2
2022-03-05T12:00:00+00:00,25.2,1012.4,47.31
2022-03-05T15:00:00+00:00,20.0,1012.6,65.74
2022-03-05T18:00:00+00:00,15.8,1012.8,82.89
2022-03-05T21:00:00+00:00,14.2,1012.0,86.61
2022-03-06T00:00:00+00:00,14.6,1012.6,86.65
2022-03-06T03:00:00+00:00,16.4,1014.2,85.15
2022-03-06T06:00:00+00:00,22.6,1015.4,63.38
2022-03-06T09:00:00+00:00,27.2,1012.0,40.14
2022-03-06T12:00:00+00:00,26.4,1011.5,45.22
2022-03-06T15:00:00+00:00,20.8,1013.7,73.06
2022-03-06T18:00:00+00:00,18.6,1014.2,84.29
2022-03-06T21:00:00+00:00,17.6,1014.1,88.06
2022-03-07T00:00:00+00:00,15.8,1014.0,93.78
2022-03-07T03:00:00+00:00,16.0,1016.1,91.4
2022-03-07T06:00:00+00:00,26.0,1016.0,40.88
2022-03-07T09:00:00+00:00,28.6,1013.2,35.09
2022-03-07T12:00:00+00:00,28.4,1011.9,44.03
2022-03-07T15:00:00+00:00,21.4,1014.5,73.63
2022-03-07T18:00:00+00:00,19.8,1015.2,79.22
2022-03-07T21:00:00+00:00,18.2,1014.6,86.44
2022-03-08T00:00:00+00:00,17.0,1014.4,91.46
2022-03-08T03:00:00+00:00,16.6,1015.9,89.69
2022-03-08T06:00:00+00:00,27.2,1014.5,41.21
2022-03-08T09:00:00+00:00,30.2,1011.7,33.07
2022-03-08T12:00:00+00:00,28.8,1010.5,35.38
2022-03-08T15:00:00+00:00,19.8,1012.9,70.57
2022-03-08T18:00:00+00:00,17.8,1013.8,84.75
2022-03-08T21:00:00+00:00,17.0,1012.0,89.72
2022-03-09T00:00:00+00:00,15.4,1012.7,91.36
2022-03-09T03:00:00+00:00,18.6,1014.5,78.54
2022-03-09T06:00:00+00:00,28.0,1013.8,30.97
2022-03-09T09:00:00+00:00,30.6,1011.2,24.73
2022-03-09T12:00:00+00:00,28.4,1010.6,24.15
2022-03-09T15:00:00+00:00,22.2,1012.3,61.28
2022-03-09T18:00:00+00:00,20.2,1012.6,69.28
2022-03-09T21:00:00+00:00,19.2,1011.8,73.72
2022-03-10T00:00:00+00:00,18.4,1011.7,80.57
2022-03-10T03:00:00+00:00,18.6,1014.2,77.04
2022-03-10T06:00:00+00:00,26.6,1013.8,42.97
2022-03-10T09:00:00+00:00,29.2,1011.1,31.72
2022-03-10T12:00:00+00:00,28.0,1010.4,39.84
2022-03-10T15:00:00+00:00,22.0,1012.5,70.53
2022-03-10T18:00:00+00:00,18.8,1013.1,84.32
2022-03-10T21:00:00+00:00,17.8,1012.8,85.84
2022-03-11T00:00:00+00:00,16.2,1013.1,91.41
2022-03-11T03:00:00+00:00,18.4,1014.7,85.9
2022-03-11T15:00:00+00:00,23.6,1011.2,59.65
2022-03-11T18:00:00+00:00,21.4,1011.6,63.52
2022-03-11T21:00:00+00:00,19.2,1011.5,68.19
2022-03-12T00:00:00+00:00,16.8,1010.7,85.74
2022-03-12T03:00:00+00:00,19.2,1012.6,69.99
2022-03-12T06:00:00+00:00,27.6,1012.3,42.97
2022-03-12T09:00:00+00:00,30.4,1009.9,34.23
2022-03-12T12:00:00+00:00,28.8,1009.1,42.19
2022-03-12T15:00:00+00:00,23.2,1009.8,60.72
2022-03-12T18:00:00+00:00,20.0,1010.8,79.76
2022-03-12T21:00:00+00:00,18.4,1010.4,84.27
2022-03-13T00:00:00+00:00,17.2,1010.0,89.73
2022-03-13T03:00:00+00:00,19.4,1012.4,75.69
2022-03-13T06:00:00+00:00,28.4,1012.0,49.72
2022-03-13T09:00:00+00:00,31.6,1009.5,35.93
2022-03-13T12:00:00+00:00,30.8,1008.4,40.1
2022-03-13T15:00:00+00:00,24.4,1010.4,69.22
2022-03-13T18:00:00+00:00,20.6,1010.8,83.45
2022-03-13T21:00:00+00:00,18.8,1010.4,88.16
2022-03-14T00:00:00+00:00,17.8,1010.5,93.87
2022-03-14T03:00:00+00:00,20.6,1012.2,85.05
2022-03-14T06:00:00+00:00,29.6,1011.5,48.78
2022-03-14T09:00:00+00:00,32.6,1007.9,37.14
2022-03-14T12:00:00+00:00,31.6,1007.4,46.33
2022-03-14T15:00:00+00:00,25.2,1009.3,75.66
2022-03-14T18:00:00+00:00,22.0,1009.7,87.34
2022-03-14T21:00:00+00:00,20.8,1008.5,90.56
2022-03-15T00:00:00+00:00,19.8,1008.3,92.21
2022-03-15T03:00:00+00:00,21.6,1009.2,85.68
2022-03-15T06:00:00+00:00,30.6,1008.8,50.92
2022-03-15T09:00:00+00:00,33.4,1005.5,35.05
2022-03-15T12:00:00+00:00,32.8,1003.9,40.39
2022-03-15T15:00:00+00:00,28.4,1004.9,65.02
2022-03-15T18:00:00+00:00,26.8,1006.0,69.24
2022-03-15T21:00:00+00:00,25.2,1004.9,74.27
2022-03-16T00:00:00+00:00,23.0,1004.6,87.96
2022-03-16T03:00:00+00:00,23.4,1006.5,81.22
2022-03-16T06:00:00+00:00,31.2,1006.5,47.99
2022-03-16T09:00:00+00:00,34.4,1002.9,31.69
2022-03-16T12:00:00+00:00,33.4,1002.3,36.19
2022-03-16T15:00:00+00:00,27.0,1004.2,65.54
2022-03-16T18:00:00+00:00,25.8,1004.6,67.36
2022-03-16T21:00:00+00:00,24.4,1004.0,72.31
2022-03-17T00:00:00+00:00,21.0,1004.8,87.25
2022-03-17T03:00:00+00:00,22.6,1006.9,77.64
2022-03-17T06:00:00+00:00,31.0,1007.1,53.61
2022-03-17T09:00:00+00:00,34.6,1004.3,42.17
2022-03-17T12:00:00+00:00,34.8,1003.7,38.7
2022-03-17T15:00:00+00:00,29.4,1005.8,69.73
2022-03-17T18:00:00+00:00,27.0,1007.0,79.72
2022-03-17T21:00:00+00:00,24.8,1006.5,88.12
2022-03-18T00:00:00+00:00,22.4,1006.6,91.23
2022-03-18T03:00:00+00:00,25.6,1008.9,77.61
2022-03-18T06:00:00+00:00,32.2,1008.8,50.08
2022-03-18T09:00:00+00:00,34.8,1004.5,44.36
2022-03-18T12:00:00+00:00,33.2,1004.3,46.75
2022-03-18T15:00:00+00:00,28.4,1006.3,67.87
2022-03-18T18:00:00+00:00,23.4,1006.4,84.29
2022-03-18T21:00:00+00:00,21.8,1006.1,91.19
2022-03-19T00:00:00+00:00,20.2,1005.1,94.57
2022-03-19T03:00:00+00:00,22.6,1007.5,85.78
2022-03-19T06:00:00+00:00,32.6,1006.7,46.3
2022-03-19T09:00:00+00:00,36.4,1003.0,39.38
2022-03-19T12:00:00+00:00,34.4,1001.2,49.12
2022-03-19T15:00:00+00:00,28.6,1002.7,70.44
2022-03-19T18:00:00+00:00,27.2,1003.3,76.9
2022-03-19T21:00:00+00:00,25.8,1002.4,82.02
2022-03-20T00:00:00+00:00,23.4,1003.1,91.29
2022-03-20T03:00:00+00:00,24.4,1004.7,75.53
2022-03-20T06:00:00+00:00,33.8,1004.3,29.17
2022-03-20T09:00:00+00:00,37.4,1001.6,20.01
2022-03-20T12:00:00+00:00,36.2,1000.8,26.21
2022-03-20T15:00:00+00:00,27.0,1002.9,60.06
2022-03-20T18:00:00+00:00,24.0,1004.2,75.0
2022-03-20T21:00:00+00:00,22.6,1003.8,82.65
2022-03-21T00:00:00+00:00,21.4,1004.3,85.66
2022-03-21T03:00:00+00:00,23.0,1006.6,77.7
2022-03-21T06:00:00+00:00,33.0,1007.0,52.16
2022-03-21T09:00:00+00:00,36.2,1004.3,30.39
2022-03-21T12:00:00+00:00,34.6,1003.7,28.44
2022-03-21T15:00:00+00:00,28.6,1005.7,60.06
2022-03-21T18:00:00+00:00,25.2,1006.3,74.27
2022-03-21T21:00:00+00:00,23.8,1005.6,79.78
2022-03-22T00:00:00+00:00,22.8,1005.9,72.94
2022-03-22T03:00:00+00:00,24.2,1007.4,69.18
2022-03-22T06:00:00+00:00,32.6,1007.7,38.1
2022-03-22T09:00:00+00:00,34.2,1005.5,24.52
2022-03-22T12:00:00+00:00,32.8,1004.5,27.78
2022-03-22T15:00:00+00:00,26.8,1006.4,55.65
2022-03-22T18:00:00+00:00,25.4,1007.1,60.07
2022-03-22T21:00:00+00:00,23.6,1006.5,70.38
2022-03-23T00:00:00+00:00,19.6,1006.4,82.81
2022-03-23T03:00:00+00:00,23.8,1008.6,64.05
2022-03-23T06:00:00+00:00,31.4,1008.3,42.9
2022-03-23T09:00:00+00:00,35.0,1005.4,24.73
2022-03-23T12:00:00+00:00,33.8,1003.7,25.07
2022-03-23T15:00:00+00:00,27.6,1004.8,56.55
2022-03-23T18:00:00+00:00,26.2,1005.2,62.18
2022-03-23T21:00:00+00:00,24.6,1005.1,66.28
2022-03-24T00:00:00+00:00,22.4,1004.3,80.59
2022-03-24T03:00:00+00:00,23.4,1006.0,74.9
2022-03-24T06:00:00+00:00,32.4,1005.8,27.31
2022-03-24T09:00:00+00:00,35.0,1002.6,21.5
2022-03-24T12:00:00+00:00,32.6,1002.1,29.42
2022-03-24T15:00:00+00:00,25.6,1004.7,60.12
2022-03-24T18:00:00+00:00,23.0,1005.7,69.82
2022-03-24T21:00:00+00:00,21.8,1004.7,77.04
2022-03-25T00:00:00+00:00,20.0,1004.9,88.82
2022-03-25T03:00:00+00:00,24.2,1006.8,69.18
2022-03-25T06:00:00+00:00,31.8,1006.7,34.17
2022-03-25T09:00:00+00:00,34.6,1004.4,23.35
2022-03-25T12:00:00+00:00,33.6,1004.4,24.53
2022-03-25T15:00:00+00:00,24.8,1007.6,65.08
2022-03-25T18:00:00+00:00,22.8,1008.9,71.12
2022-03-25T21:00:00+00:00,21.2,1007.6,81.96
2022-03-26T00:00:00+00:00,20.2,1007.8,83.41
2022-03-26T03:00:00+00:00,23.4,1009.4,56.61
2022-03-26T06:00:00+00:00,31.8,1009.4,30.18
2022-03-26T09:00:00+00:00,34.0,1006.5,22.58
2022-03-26T12:00:00+00:00,32.8,1005.8,24.32
2022-03-26T15:00:00+00:00,28.0,1007.5,38.81
2022-03-26T18:00:00+00:00,25.4,1008.5,51.86
2022-03-26T21:00:00+00:00,24.0,1007.4,65.73
2022-03-27T00:00:00+00:00,21.0,1007.0,68.11
2022-03-27T03:00:00+00:00,24.2,1008.9,46.11
2022-03-27T06:00:00+00:00,32.8,1009.4,30.65
2022-03-27T09:00:00+00:00,35.8,1006.5,21.7
2022-03-27T12:00:00+00:00,34.6,1005.4,20.83
2022-03-27T15:00:00+00:00,27.2,1007.1,51.01
2022-03-27T18:00:00+00:00,25.6,1008.2,58.61
2022-03-27T21:00:00+00:00,24.0,1007.4,64.5
2022-03-28T00:00:00+00:00,22.8,1007.1,69.79
2022-03-28T03:00:00+00:00,24.0,1008.8,55.67
2022-03-28T06:00:00+00:00,36.2,1007.7,21.51
2022-03-28T09:00:00+00:00,38.4,1004.2,15.7
2022-03-28T12:00:00+00:00,37.2,1003.3,22.79
2022-03-28T15:00:00+00:00,26.8,1005.2,54.6
2022-03-28T18:00:00+00:00,22.6,1005.7,71.09
2022-03-28T21:00:00+00:00,21.4,1005.4,76.98
2022-03-29T00:00:00+00:00,19.2,1004.9,79.14
2022-03-29T03:00:00+00:00,24.8,1006.4,48.45
2022-03-29T06:00:00+00:00,35.0,1005.7,23.92
2022-03-29T09:00:00+00:00,38.8,1002.9,14.15
2022-03-29T12:00:00+00:00,37.2,1002.0,19.05
2022-03-29T15:00:00+00:00,27.6,1003.9,52.76
2022-03-29T18:00:00+00:00,23.6,1004.7,65.65
2022-03-29T21:00:00+00:00,22.0,1004.1,73.73
2022-03-30T00:00:00+00:00,20.4,1004.3,77.81
2022-03-30T03:00:00+00:00,23.8,1006.6,68.67
2022-03-30T06:00:00+00:00,35.8,1006.1,25.76
2022-03-30T09:00:00+00:00,38.8,1003.2,17.0
2022-03-30T12:00:00+00:00,38.0,1002.7,30.87
2022-03-30T15:00:00+00:00,27.8,1004.8,58.03
2022-03-30T18:00:00+00:00,23.8,1005.5,68.67
2022-03-30T21:00:00+00:00,22.6,1005.2,71.09
2022-03-31T00:00:00+00:00,20.8,1005.3,79.87
2022-03-31T03:00:00+00:00,24.6,1006.8,72.35
2022-03-31T06:00:00+00:00,35.6,1006.4,27.98
2022-03-31T09:00:00+00:00,38.6,1003.7,29.14
2022-03-31T12:00:00+00:00,36.0,1002.7,30.92
2022-03-31T15:00:00+00:00,29.2,1004.8,49.61
2022-03-31T18:00:00+00:00,27.8,1006.4,54.16
2022-03-31T21:00:00+00:00,25.6,1006.0,61.66
2022-04-01T00:00:00+00:00,23.8,1005.3,70.42
2022-04-01T03:00:00+00:00,26.0,1007.0,48.45
2022-04-01T06:00:00+00:00,33.4,1006.7,26.86
2022-04-01T09:00:00+00:00,36.0,1004.4,16.71
2022-04-01T12:00:00+00:00,35.0,1003.6,19.04
2022-04-01T15:00:00+00:00,25.2,1005.9,50.16
2022-04-01T18:00:00+00:00,23.0,1007.2,59.13
2022-04-01T21:00:00+00:00,21.8,1006.7,60.79
2022-04-02T00:00:00+00:00,18.8,1007.0,69.92
2022-04-02T03:00:00+00:00,22.8,1008.9,51.52
2022-04-02T06:00:00+00:00,35.4,1009.0,18.88
2022-04-02T09:00:00+00:00,38.2,1006.8,18.28
2022-04-02T12:00:00+00:00,37.2,1004.9,33.28
2022-04-02T15:00:00+00:00,28.0,1006.5,53.19
2022-04-02T18:00:00+00:00,23.8,1007.4,64.05
2022-04-02T21:00:00+00:00,22.6,1006.3,68.0
2022-04-03T00:00:00+00:00,20.2,1006.5,69.28
2022-04-03T03:00:00+00:00,23.0,1008.3,59.13
2022-04-03T06:00:00+00:00,35.6,1007.7,19.84
2022-04-03T09:00:00+00:00,38.8,1005.1,13.58
2022-04-03T12:00:00+00:00,37.0,1003.9,21.0
2022-04-03T15:00:00+00:00,27.6,1005.6,47.64
2022-04-03T18:00:00+00:00,23.4,1006.2,62.34
2022-04-03T21:00:00+00:00,22.0,1006.1,65.73
2022-04-04T00:00:00+00:00,20.0,1005.4,65.74
2022-04-04T03:00:00+00:00,25.8,1006.7,34.31
2022-04-04T06:00:00+00:00,34.4,1006.3,26.42
2022-04-04T09:00:00+00:00,37.6,1004.9,18.15
2022-04-04T12:00:00+00:00,37.0,1004.6,18.13
2022-04-04T15:00:00+00:00,27.8,1007.3,48.0
2022-04-04T18:00:00+00:00,23.4,1008.8,60.77
2022-04-04T21:00:00+00:00,21.8,1008.7,64.02
2022-04-05T00:00:00+00:00,19.6,1009.2,72.38
2022-04-05T03:00:00+00:00,24.8,1010.7,45.67
2022-04-05T06:00:00+00:00,35.8,1010.3,23.34
2022-04-05T09:00:00+00:00,38.2,1008.2,14.82
2022-04-05T12:00:00+00:00,36.8,1007.2,15.56
2022-04-05T15:00:00+00:00,28.4,1009.0,40.48
2022-04-05T18:00:00+00:00,24.0,1009.7,57.12
2022-04-05T21:00:00+00:00,22.4,1009.1,64.56
2022-04-06T00:00:00+00:00,20.0,1009.5,70.6
2022-04-06T03:00:00+00:00,25.8,1011.2,41.91
2022-04-06T06:00:00+00:00,36.4,1010.9,21.0
2022-04-06T09:00:00+00:00,38.8,1008.3,15.57
2022-04-06T12:00:00+00:00,37.2,1006.6,17.57
2022-04-06T18:00:00+00:00,24.5,1009.3,55.79
2022-04-06T21:00:00+00:00,22.2,1008.6,62.88
2022-04-07T00:00:00+00:00,20.0,1009.2,67.47
2022-04-07T03:00:00+00:00,25.8,1010.6,39.23
2022-04-07T06:00:00+00:00,36.7,1009.9,23.27
2022-04-07T09:00:00+00:00,39.6,1006.6,16.62
2022-04-07T12:00:00+00:00,38.5,1005.1,18.35
2022-04-07T15:00:00+00:00,29.0,1007.0,48.01
2022-04-07T21:00:00+00:00,23.0,1006.5,66.79
2022-04-08T00:00:00+00:00,20.7,1006.7,63.37
2022-04-08T03:00:00+00:00,25.6,1007.8,41.58
2022-04-08T06:00:00+00:00,38.0,1006.8,20.83
2022-04-08T09:00:00+00:00,41.2,1003.8,14.85
2022-04-08T12:00:00+00:00,40.7,1001.9,13.78
2022-04-08T15:00:00+00:00,28.4,1004.0,48.78
2022-04-08T18:00:00+00:00,25.0,1004.6,61.13
2022-04-08T21:00:00+00:00,23.2,1004.1,65.15
2022-04-09T00:00:00+00:00,21.0,1004.4,69.89
2022-04-09T03:00:00+00:00,26.0,1005.5,48.45
2022-04-09T06:00:00+00:00,39.0,1005.1,17.87
2022-04-09T09:00:00+00:00,41.6,1002.3,12.96
2022-04-09T12:00:00+00:00,40.2,1000.4,16.75
2022-04-09T15:00:00+00:00,30.2,1002.4,45.95
2022-04-09T18:00:00+00:00,27.0,1003.4,49.67
2022-04-09T21:00:00+00:00,24.8,1002.4,58.05
2022-04-10T00:00:00+00:00,25.6,1003.3,71.63
2022-04-10T03:00:00+00:00,29.2,1005.0,31.72
2022-04-10T06:00:00+00:00,38.5,1004.5,24.19
2022-04-10T09:00:00+00:00,41.6,1002.1,18.47
2022-04-10T12:00:00+00:00,40.2,1000.2,15.45
2022-04-10T15:00:00+00:00,30.2,1002.1,47.13
2022-04-10T18:00:00+00:00,26.2,1002.8,53.76
2022-04-10T21:00:00+00:00,24.2,1002.5,62.92
2022-04-11T00:00:00+00:00,23.5,1003.2,66.47
2022-04-11T03:00:00+00:00,27.8,1004.7,42.47
2022-04-11T06:00:00+00:00,38.6,1004.2,20.17
2022-04-11T09:00:00+00:00,41.8,1000.8,15.59
2022-04-11T12:00:00+00:00,40.5,999.0,16.93
2022-04-11T15:00:00+00:00,30.4,1001.5,45.14
2022-04-11T18:00:00+00:00,26.6,1002.6,58.11
2022-04-11T21:00:00+00:00,25.0,1002.4,65.12
2022-04-12T00:00:00+00:00,23.6,1003.2,55.21
2022-04-12T03:00:00+00:00,30.4,1004.3,25.36
2022-04-12T06:00:00+00:00,37.0,1004.1,22.59
2022-04-12T09:00:00+00:00,38.4,1001.7,19.99
2022-04-12T12:00:00+00:00,35.0,999.9,29.87
2022-04-12T18:00:00+00:00,25.7,1002.7,67.76
2022-04-12T21:00:00+00:00,24.4,1002.5,72.31
2022-04-13T00:00:00+00:00,22.4,1003.5,75.69
2022-04-13T03:00:00+00:00,27.0,1004.6,63.93
2022-04-13T06:00:00+00:00,37.0,1003.5,21.86
2022-04-13T09:00:00+00:00,40.0,1000.2,16.48
2022-04-13T12:00:00+00:00,38.6,998.5,21.68
2022-04-13T15:00:00+00:00,30.4,1000.5,47.18
2022-04-13T18:00:00+00:00,28.5,1002.1,46.08
2022-04-13T21:00:00+00:00,27.0,1001.5,48.41
2022-04-14T00:00:00+00:00,27.0,1001.2,47.18
2022-04-14T03:00:00+00:00,29.6,1003.0,35.37
2022-04-14T06:00:00+00:00,35.0,1003.3,25.55
2022-04-14T09:00:00+00:00,38.6,1000.5,19.51
2022-04-14T12:00:00+00:00,38.6,998.5,20.17
2022-04-14T15:00:00+00:00,29.4,1000.9,42.63
2022-04-14T18:00:00+00:00,28.5,1003.1,44.34
2022-04-14T21:00:00+00:00,27.2,1002.5,48.46
2022-04-15T00:00:00+00:00,25.0,1001.5,55.2
2022-04-15T03:00:00+00:00,28.2,1003.2,46.0
2022-04-15T06:00:00+00:00,36.2,1002.6,27.07
2022-04-15T09:00:00+00:00,38.2,1000.1,23.34
2022-04-15T12:00:00+00:00,37.5,998.7,29.22
2022-04-15T15:00:00+00:00,31.0,1001.0,44.73
2022-04-15T18:00:00+00:00,26.7,1002.6,58.87
2022-04-15T21:00:00+00:00,25.5,1002.2,62.42
2022-04-16T00:00:00+00:00,23.2,1001.2,69.86
2022-04-16T03:00:00+00:00,26.2,1003.5,60.64
2022-04-16T06:00:00+00:00,37.5,1002.3,24.4
2022-04-16T09:00:00+00:00,39.4,999.3,21.18
2022-04-16T12:00:00+00:00,38.0,998.3,20.83
2022-04-16T15:00:00+00:00,29.2,1000.9,48.37
2022-04-16T18:00:00+00:00,27.4,1001.9,52.71
2022-04-16T21:00:00+00:00,25.6,1001.5,58.61
2022-04-17T00:00:00+00:00,23.6,1002.1,66.91
2022-04-17T03:00:00+00:00,28.4,1003.6,47.55
2022-04-17T06:00:00+00:00,37.4,1003.5,24.54
2022-04-17T09:00:00+00:00,40.0,1000.6,20.51
2022-04-17T12:00:00+00:00,39.0,999.1,24.95
2022-04-17T15:00:00+00:00,31.0,1001.2,47.94
2022-04-17T18:00:00+00:00,28.6,1003.2,52.35
2022-04-17T21:00:00+00:00,26.8,1002.6,54.6
2022-04-18T00:00:00+00:00,23.4,1003.7,73.05
2022-04-18T03:00:00+00:00,28.2,1005.1,52.25
2022-04-18T06:00:00+00:00,38.0,1005.1,23.14
2022-04-18T09:00:00+00:00,41.6,1002.8,20.1
2022-04-18T12:00:00+00:00,40.4,1001.1,18.31
2022-04-18T15:00:00+00:00,30.8,1002.6,53.56
2022-04-18T18:00:00+00:00,28.8,1005.2,57.55
2022-04-18T21:00:00+00:00,26.6,1004.5,65.05
2022-04-19T00:00:00+00:00,24.2,1005.6,69.18
2022-04-19T03:00:00+00:00,31.0,1007.9,31.17
2022-04-19T06:00:00+00:00,38.0,1007.7,23.75
2022-04-19T09:00:00+00:00,42.0,1004.4,14.05
2022-04-19T12:00:00+00:00,40.0,1003.0,17.16
2022-04-19T15:00:00+00:00,32.6,1004.5,40.08
2022-04-19T18:00:00+00:00,27.6,1005.1,52.76
2022-04-19T21:00:00+00:00,26.4,1004.2,56.61
2022-04-20T00:00:00+00:00,27.6,1004.7,42.97
2022-04-20T03:00:00+00:00,29.8,1006.2,38.81
2022-04-20T06:00:00+00:00,38.4,1005.2,24.32
2022-04-20T09:00:00+00:00,41.0,1002.8,15.84
2022-04-20T12:00:00+00:00,39.8,1001.1,18.91
2022-04-20T15:00:00+00:00,32.2,1002.8,38.72
2022-04-20T18:00:00+00:00,29.4,1004.3,45.16
2022-04-20T21:00:00+00:00,28.0,1003.7,48.05
2022-04-21T00:00:00+00:00,26.6,1003.9,58.11
2022-04-21T03:00:00+00:00,31.8,1006.0,34.17
2022-04-21T06:00:00+00:00,34.8,1006.8,22.78
2022-04-21T09:00:00+00:00,33.4,1006.3,28.68
2022-04-21T12:00:00+00:00,33.6,1004.6,36.25
2022-04-21T15:00:00+00:00,27.8,1005.8,52.81
2022-04-21T18:00:00+00:00,25.0,1007.0,58.1
2022-04-21T21:00:00+00:00,28.2,1006.8,37.86
2022-04-22T00:00:00+00:00,24.2,1007.1,62.92
2022-04-22T03:00:00+00:00,27.6,1007.9,55.14
2022-04-22T06:00:00+00:00,35.6,1007.8,25.54
2022-04-22T09:00:00+00:00,38.2,1005.5,24.74
2022-04-22T12:00:00+00:00,37.0,1003.6,27.28
2022-04-22T15:00:00+00:00,29.6,1005.2,45.21
2022-04-22T18:00:00+00:00,25.4,1007.1,57.09
2022-04-22T21:00:00+00:00,24.0,1006.3,62.88
2022-04-23T00:00:00+00:00,21.6,1006.9,66.93
2022-04-23T03:00:00+00:00,28.4,1008.5,44.03
2022-04-23T06:00:00+00:00,35.6,1008.0,23.92
2022-04-23T09:00:00+00:00,38.6,1005.8,17.42
2022-04-23T12:00:00+00:00,37.4,1004.2,20.83
2022-04-23T15:00:00+00:00,29.4,1005.4,46.32
2022-04-23T18:00:00+00:00,25.8,1006.2,56.11
2022-04-23T21:00:00+00:00,24.6,1005.8,60.65
2022-04-24T00:00:00+00:00,23.0,1005.8,61.86
2022-04-24T03:00:00+00:00,28.6,1007.1,37.24
2022-04-24T06:00:00+00:00,36.0,1005.9,21.18
2022-04-24T09:00:00+00:00,38.8,1002.7,14.95
2022-04-24T12:00:00+00:00,38.0,1001.4,18.0
2022-04-24T15:00:00+00:00,31.8,1003.1,36.21
2022-04-24T18:00:00+00:00,30.0,1004.0,34.79
2022-04-24T21:00:00+00:00,27.6,1002.6,39.47
2022-04-25T00:00:00+00:00,23.6,1003.6,58.14
2022-04-25T03:00:00+00:00,29.4,1005.2,40.49
2022-04-25T06:00:00+00:00,37.0,1004.7,24.92
2022-04-25T09:00:00+00:00,40.2,1001.8,18.75
2022-04-25T12:00:00+00:00,38.8,1000.2,19.69
2022-04-25T15:00:00+00:00,30.6,1003.7,37.79
2022-04-25T18:00:00+00:00,29.8,1005.5,35.66
2022-04-25T21:00:00+00:00,28.6,1005.2,37.24
2022-04-26T00:00:00+00:00,27.2,1004.2,42.3
2022-04-26T03:00:00+00:00,30.2,1005.1,37.19
2022-04-26T06:00:00+00:00,37.0,1005.1,24.92
2022-04-26T09:00:00+00:00,39.6,1002.4,18.0
2022-04-26T12:00:00+00:00,38.8,1001.1,21.87
2022-04-26T15:00:00+00:00,31.4,1003.3,44.0
2022-04-26T18:00:00+00:00,26.8,1004.4,58.53
2022-04-26T21:00:00+00:00,24.6,1003.5,64.62
2022-04-27T00:00:00+00:00,23.2,1004.4,68.55
2022-04-27T03:00:00+00:00,29.8,1005.2,37.81
2022-04-27T06:00:00+00:00,38.4,1004.9,19.99
2022-04-27T09:00:00+00:00,41.0,1002.1,14.03
2022-04-27T12:00:00+00:00,39.4,1000.2,16.46
2022-04-27T15:00:00+00:00,32.0,1002.9,42.53
2022-04-27T18:00:00+00:00,27.6,1003.2,54.11
2022-04-27T21:00:00+00:00,26.2,1002.3,59.13
2022-04-28T00:00:00+00:00,22.5,1003.4,71.98
2022-04-28T03:00:00+00:00,30.0,1005.4,33.67
2022-04-28T06:00:00+00:00,39.6,1004.2,22.8
2022-04-28T09:00:00+00:00,42.8,1001.6,16.23
2022-04-28T12:00:00+00:00,41.4,1000.2,23.54
2022-04-28T15:00:00+00:00,31.8,1002.6,50.91
2022-04-28T18:00:00+00:00,28.6,1004.3,58.58
2022-04-28T21:00:00+00:00,26.4,1003.5,63.4
2022-04-29T00:00:00+00:00,26.8,1004.0,48.04
2022-04-29T03:00:00+00:00,32.4,1005.4,28.23
2022-04-29T06:00:00+00:00,40.4,1003.8,17.02
2022-04-29T09:00:00+00:00,43.4,1000.3,12.36
2022-04-29T12:00:00+00:00,42.0,998.1,14.05
2022-04-29T15:00:00+00:00,32.4,999.9,40.8
2022-04-29T18:00:00+00:00,29.6,1001.5,40.81
2022-04-29T21:00:00+00:00,28.2,1001.1,43.69
2022-04-30T00:00:00+00:00,26.6,1000.2,42.97
2022-04-30T03:00:00+00:00,30.6,1001.2,35.65
2022-04-30T06:00:00+00:00,40.8,1001.1,16.22
2022-04-30T09:00:00+00:00,43.0,998.6,13.51
2022-04-30T12:00:00+00:00,42.2,996.4,16.75
2022-04-30T15:00:00+00:00,32.0,998.1,45.57
2022-04-30T18:00:00+00:00,28.4,998.9,56.04
2022-04-30T21:00:00+00:00,26.8,998.2,58.53
2022-05-01T00:00:00+00:00,28.2,999.7,61.85
2022-05-01T03:00:00+00:00,30.6,1001.2,35.65
2022-05-01T06:00:00+00:00,34.6,1001.2,50.38
2022-05-01T09:00:00+00:00,38.6,997.8,36.47
2022-05-01T12:00:00+00:00,39.0,995.4,35.91
2022-05-01T15:00:00+00:00,33.6,998.5,38.13
2022-05-01T18:00:00+00:00,31.6,999.1,46.33
2022-05-01T21:00:00+00:00,30.0,998.4,52.7
2022-05-02T00:00:00+00:00,28.4,999.8,67.87
2022-05-02T03:00:00+00:00,30.0,1001.8,61.12
2022-05-02T06:00:00+00:00,36.8,1000.6,39.73
2022-05-02T09:00:00+00:00,39.6,997.3,31.69
2022-05-02T12:00:00+00:00,38.8,995.3,38.35
2022-05-02T15:00:00+00:00,33.4,998.0,53.55
2022-05-02T18:00:00+00:00,31.8,999.8,57.9
2022-05-02T21:00:00+00:00,30.2,999.3,63.06
2022-05-03T00:00:00+00:00,29.4,1001.6,68.48
2022-05-03T03:00:00+00:00,31.0,1003.4,60.6
2022-05-03T06:00:00+00:00,34.4,1003.9,53.15
2022-05-03T09:00:00+00:00,37.6,1001.1,37.1
2022-05-03T12:00:00+00:00,37.0,999.5,43.6
2022-05-03T15:00:00+00:00,33.2,1001.8,52.21
2022-05-03T18:00:00+00:00,32.0,1003.1,60.09
2022-05-03T21:00:00+00:00,30.4,1002.7,63.87
2022-05-04T00:00:00+00:00,29.6,1003.7,66.07
2022-05-04T03:00:00+00:00,31.6,1006.0,63.74
2022-05-04T06:00:00+00:00,36.4,1005.2,48.74
2022-05-04T09:00:00+00:00,37.2,1002.5,43.65
2022-05-04T12:00:00+00:00,34.6,1001.6,37.45
2022-05-04T15:00:00+00:00,24.0,1006.6,78.34
2022-05-04T18:00:00+00:00,24.8,1006.2,68.0
2022-05-04T21:00:00+00:00,23.4,1004.7,71.68
2022-05-05T00:00:00+00:00,23.4,1005.7,81.22
2022-05-05T03:00:00+00:00,26.2,1007.9,67.44
2022-05-05T06:00:00+00:00,32.2,1007.2,45.91
2022-05-05T09:00:00+00:00,35.4,1005.3,38.38
2022-05-05T12:00:00+00:00,36.0,1002.0,39.76
2022-05-05T15:00:00+00:00,30.8,1003.2,58.02
2022-05-05T18:00:00+00:00,27.8,1003.9,72.91
2022-05-05T21:00:00+00:00,26.6,1002.7,76.35
2022-05-06T00:00:00+00:00,25.2,1004.6,80.46
2022-05-06T03:00:00+00:00,29.8,1006.6,61.07
2022-05-06T06:00:00+00:00,36.2,1006.2,40.06
2022-05-06T09:00:00+00:00,38.0,1002.7,39.08
2022-05-06T12:00:00+00:00,35.4,1001.5,36.51
2022-05-06T15:00:00+00:00,32.4,1002.6,45.11
2022-05-06T18:00:00+00:00,30.6,1004.0,46.35
2022-05-06T21:00:00+00:00,29.2,1003.6,49.61
2022-05-07T00:00:00+00:00,27.4,1004.1,69.79
2022-05-07T03:00:00+00:00,28.4,1006.3,66.23
2022-05-07T06:00:00+00:00,36.8,1005.5,36.21
2022-05-07T09:00:00+00:00,39.0,1002.7,28.7
2022-05-07T12:00:00+00:00,36.4,1000.5,32.23
2022-05-07T15:00:00+00:00,32.0,1001.9,53.2
2022-05-07T18:00:00+00:00,28.4,1002.1,63.83
2022-05-07T21:00:00+00:00,27.0,1001.8,68.01
2022-05-08T06:00:00+00:00,37.6,1003.7,39.7
2022-05-08T09:00:00+00:00,39.8,1000.9,31.94
2022-05-08T12:00:00+00:00,38.4,998.6,40.4
2022-05-08T15:00:00+00:00,32.4,1000.8,58.39
2022-05-08T18:00:00+00:00,30.8,1001.3,58.02
2022-05-08T21:00:00+00:00,29.2,1001.3,61.69
2022-05-09T00:00:00+00:00,28.4,1003.0,69.12
2022-05-09T03:00:00+00:00,31.0,1004.5,60.6
2022-05-09T06:00:00+00:00,36.0,1003.5,44.41
2022-05-09T09:00:00+00:00,39.4,1000.2,36.24
2022-05-09T12:00:00+00:00,38.8,998.1,40.02
2022-05-09T15:00:00+00:00,33.8,1000.2,50.48
2022-05-09T18:00:00+00:00,31.6,1002.1,58.92
2022-05-09T21:00:00+00:00,30.2,1001.7,63.83
2022-05-10T00:00:00+00:00,29.8,1002.7,63.36
2022-05-10T03:00:00+00:00,30.6,1005.0,61.63
2022-05-10T06:00:00+00:00,36.0,1003.6,45.5
2022-05-10T09:00:00+00:00,39.2,1000.8,37.76
2022-05-10T12:00:00+00:00,38.2,998.4,44.72
2022-05-10T15:00:00+00:00,34.2,1000.1,53.1
2022-05-10T18:00:00+00:00,32.6,1001.6,58.44
2022-05-10T21:00:00+00:00,31.2,1000.7,62.13
2022-05-11T00:00:00+00:00,29.4,1000.6,64.44
2022-05-11T03:00:00+00:00,31.0,1002.3,59.5
2022-05-11T06:00:00+00:00,37.2,1001.2,43.65
2022-05-11T09:00:00+00:00,40.4,998.4,39.02
2022-05-11T12:00:00+00:00,39.6,996.2,40.72
2022-05-11T15:00:00+00:00,35.0,997.6,54.59
2022-05-11T18:00:00+00:00,33.2,999.7,60.0
2022-05-11T21:00:00+00:00,31.4,998.9,67.23
2022-05-12T00:00:00+00:00,30.0,1000.0,69.01
2022-05-12T03:00:00+00:00,32.6,1001.2,61.69
2022-05-12T06:00:00+00:00,38.4,1000.2,39.67
2022-05-12T09:00:00+00:00,41.2,996.8,33.32
2022-05-12T12:00:00+00:00,41.2,993.4,31.92
2022-05-12T15:00:00+00:00,35.0,995.1,51.1
2022-05-12T18:00:00+00:00,34.0,997.4,56.01
2022-05-13T00:00:00+00:00,28.8,997.3,69.2
2022-05-13T03:00:00+00:00,31.8,997.9,62.64
2022-05-13T06:00:00+00:00,36.4,997.4,48.74
2022-05-13T09:00:00+00:00,41.6,993.9,29.38
2022-05-13T12:00:00+00:00,41.0,992.1,34.72
2022-05-13T15:00:00+00:00,25.2,993.5,97.64
2022-05-13T18:00:00+00:00,31.6,994.8,69.72
2022-05-14T00:00:00+00:00,28.6,995.1,83.34
2022-05-14T03:00:00+00:00,31.8,997.3,62.64
2022-05-14T06:00:00+00:00,40.8,997.4,22.8
2022-05-14T09:00:00+00:00,43.6,995.2,14.28
2022-05-14T12:00:00+00:00,42.8,993.9,17.45
2022-05-14T15:00:00+00:00,39.6,995.0,25.75
2022-05-14T18:00:00+00:00,36.4,996.2,33.27
2022-05-15T00:00:00+00:00,26.8,997.3,55.65
2022-05-15T03:00:00+00:00,31.4,998.6,39.75
2022-05-15T06:00:00+00:00,41.4,998.4,21.53
2022-05-15T09:00:00+00:00,45.4,996.0,12.5
2022-05-15T12:00:00+00:00,43.6,994.6,15.36
2022-05-15T15:00:00+00:00,36.6,996.6,43.23
2022-05-15T18:00:00+00:00,33.2,997.5,52.21
2022-05-15T21:00:00+00:00,31.4,996.9,58.52
2022-05-16T00:00:00+00:00,35.0,997.0,19.83
2022-05-16T03:00:00+00:00,36.2,998.8,22.24
2022-05-16T06:00:00+00:00,39.4,998.5,15.08
2022-05-16T09:00:00+00:00,41.6,996.6,16.62
2022-05-16T12:00:00+00:00,40.8,994.3,19.52
2022-05-16T15:00:00+00:00,34.6,996.3,40.37
2022-05-16T18:00:00+00:00,31.0,999.0,51.34
2022-05-17T00:00:00+00:00,28.2,998.9,54.6
2022-05-17T03:00:00+00:00,30.6,1000.4,56.92
2022-05-17T06:00:00+00:00,36.8,999.7,35.31
2022-05-17T09:00:00+00:00,40.4,997.1,26.62
2022-05-17T12:00:00+00:00,39.2,995.7,32.18
2022-05-17T15:00:00+00:00,34.6,997.6,45.13
2022-05-17T18:00:00+00:00,32.2,999.0,54.24
2022-05-18T00:00:00+00:00,34.0,999.6,25.97
2022-05-18T03:00:00+00:00,34.2,1001.3,36.18
2022-05-18T06:00:00+00:00,39.0,1001.3,31.93
2022-05-18T09:00:00+00:00,39.6,1000.2,29.41
2022-05-18T12:00:00+00:00,38.6,998.1,29.89
2022-05-18T15:00:00+00:00,33.2,1000.0,47.92
2022-05-18T18:00:00+00:00,31.0,1000.7,46.75
2022-05-18T21:00:00+00:00,30.4,1000.8,49.61
2022-05-19T00:00:00+00:00,28.2,1001.4,64.98
2022-05-19T03:00:00+00:00,31.2,1002.5,56.02
2022-05-19T06:00:00+00:00,38.4,1001.6,39.67
2022-05-19T09:00:00+00:00,42.6,998.0,24.15
2022-05-19T12:00:00+00:00,41.4,996.0,21.53
2022-05-19T15:00:00+00:00,36.0,996.5,48.35
2022-05-19T18:00:00+00:00,33.2,997.1,54.15
2022-05-19T21:00:00+00:00,31.8,996.5,56.51
2022-05-20T00:00:00+00:00,29.0,997.9,70.94
2022-05-20T03:00:00+00:00,31.8,998.9,57.9
2022-05-20T06:00:00+00:00,41.4,998.0,21.53
2022-05-20T09:00:00+00:00,44.2,995.4,14.99
2022-05-20T12:00:00+00:00,42.8,993.6,21.73
2022-05-20T15:00:00+00:00,38.2,993.3,25.55
2022-05-20T18:00:00+00:00,33.4,996.3,32.24
2022-05-20T21:00:00+00:00,32.6,995.2,33.3
2022-05-21T00:00:00+00:00,30.2,995.6,48.33
2022-05-21T03:00:00+00:00,33.2,997.6,36.83
2022-05-21T06:00:00+00:00,39.4,994.2,25.54
2022-05-21T09:00:00+00:00,42.2,992.6,21.17
2022-05-21T12:00:00+00:00,39.4,990.3,19.83
2022-05-21T15:00:00+00:00,32.8,995.7,28.71
2022-05-21T18:00:00+00:00,26.6,994.6,67.94
2022-05-21T21:00:00+00:00,25.0,994.2,75.63
2022-05-22T00:00:00+00:00,24.2,994.3,76.92
2022-05-22T03:00:00+00:00,28.8,995.6,49.82
2022-05-22T06:00:00+00:00,35.2,995.1,32.73
2022-05-22T09:00:00+00:00,38.4,992.9,30.4
2022-05-22T12:00:00+00:00,38.6,991.3,31.42
2022-05-22T15:00:00+00:00,33.6,993.2,45.15
2022-05-22T18:00:00+00:00,32.4,994.7,48.3
2022-05-22T21:00:00+00:00,31.0,993.7,50.08
2022-05-23T00:00:00+00:00,27.8,995.6,62.15
2022-05-23T06:00:00+00:00,21.6,998.6,87.3
2022-05-23T09:00:00+00:00,30.4,997.1,53.13
2022-05-23T12:00:00+00:00,28.4,997.0,61.14
2022-05-23T15:00:00+00:00,25.2,997.2,74.73
2022-05-23T18:00:00+00:00,23.8,1003.8,86.43
2022-05-24T00:00:00+00:00,19.8,1001.9,93.96
2022-05-24T03:00:00+00:00,24.6,1004.7,76.98
2022-05-24T06:00:00+00:00,28.6,1005.0,63.88
2022-05-24T09:00:00+00:00,30.6,1003.6,60.51
2022-05-24T12:00:00+00:00,31.4,1003.0,55.05
2022-05-24T15:00:00+00:00,28.4,1003.9,65.02
2022-05-24T18:00:00+00:00,26.4,1004.8,79.16
2022-05-24T21:00:00+00:00,25.0,1004.6,84.98
2022-05-25T00:00:00+00:00,24.2,1005.0,91.34
2022-05-25T03:00:00+00:00,26.6,1006.0,81.13
2022-05-25T06:00:00+00:00,31.6,1004.9,56.46
2022-05-25T09:00:00+00:00,32.2,1003.4,51.33
2022-05-25T12:00:00+00:00,33.2,1001.6,44.76
2022-05-25T15:00:00+00:00,29.4,1002.7,59.5
2022-05-25T18:00:00+00:00,26.2,1003.6,76.28
2022-05-25T21:00:00+00:00,25.0,1003.4,81.92
2022-05-26T06:00:00+00:00,33.2,1003.0,47.92
2022-05-26T09:00:00+00:00,35.8,1000.6,35.93
2022-05-26T12:00:00+00:00,35.2,998.7,43.93
2022-05-26T15:00:00+00:00,31.8,999.3,55.48
2022-05-26T18:00:00+00:00,30.4,999.7,60.1
2022-05-26T21:00:00+00:00,28.2,999.1,70.36
2022-05-27T00:00:00+00:00,26.6,999.2,78.23
2022-05-27T03:00:00+00:00,30.0,1000.6,66.15
2022-05-27T06:00:00+00:00,36.0,999.9,39.03
2022-05-27T09:00:00+00:00,38.4,997.2,34.45
2022-05-27T12:00:00+00:00,34.2,996.2,37.11
2022-05-27T15:00:00+00:00,31.2,996.5,45.93
2022-05-27T18:00:00+00:00,30.0,997.8,56.08
2022-05-27T21:00:00+00:00,28.6,997.4,60.06
2022-05-28T00:00:00+00:00,27.8,997.0,62.15
2022-05-28T03:00:00+00:00,33.2,998.5,45.89
2022-05-28T06:00:00+00:00,37.0,997.8,43.6
2022-05-28T09:00:00+00:00,38.6,995.9,40.7
2022-05-28T12:00:00+00:00,39.4,993.6,36.24
2022-05-28T15:00:00+00:00,35.4,995.4,45.9
2022-05-28T18:00:00+00:00,34.0,996.5,59.47
2022-05-28T21:00:00+00:00,32.8,996.1,64.37
2022-05-29T00:00:00+00:00,29.4,996.3,65.63
2022-05-29T03:00:00+00:00,31.6,998.0,61.1
2022-05-29T06:00:00+00:00,37.0,997.8,40.77
2022-05-29T09:00:00+00:00,40.4,996.2,31.13
2022-05-29T12:00:00+00:00,38.4,994.4,48.67
2022-05-29T15:00:00+00:00,30.8,997.1,53.56
2022-05-29T18:00:00+00:00,30.6,998.1,52.2
2022-05-29T21:00:00+00:00,29.4,997.6,55.58
2022-05-30T00:00:00+00:00,28.8,998.5,67.95
2022-05-30T03:00:00+00:00,31.2,1000.0,63.27
2022-05-30T06:00:00+00:00,36.4,999.1,47.87
2022-05-30T09:00:00+00:00,39.4,997.0,39.7
2022-05-30T12:00:00+00:00,24.6,998.5,100.0
2022-05-30T15:00:00+00:00,24.2,998.2,98.21
2022-05-30T18:00:00+00:00,23.8,999.0,96.44
2022-05-30T21:00:00+00:00,23.2,998.4,94.68
2022-05-31T00:00:00+00:00,25.6,998.2,83.51
2022-05-31T03:00:00+00:00,29.0,1000.1,70.94
2022-05-31T06:00:00+00:00,35.0,999.3,46.65
2022-05-31T09:00:00+00:00,38.0,997.8,42.82
2022-05-31T12:00:00+00:00,38.4,996.1,34.45
2022-05-31T15:00:00+00:00,35.2,997.9,45.85
2022-05-31T18:00:00+00:00,30.8,998.6,67.93
2022-05-31T21:00:00+00:00,28.0,998.3,81.79
2022-06-01T00:00:00+00:00,26.0,999.1,88.75
2022-06-01T03:00:00+00:00,32.2,1000.8,41.78
2022-06-01T06:00:00+00:00,38.8,1000.0,24.74
2022-06-01T09:00:00+00:00,40.8,997.3,21.52
2022-06-01T12:00:00+00:00,39.8,996.0,32.74
2022-06-01T15:00:00+00:00,35.6,998.4,36.79
2022-06-01T18:00:00+00:00,32.8,998.9,42.21
2022-06-01T21:00:00+00:00,30.4,998.0,46.3
2022-06-02T00:00:00+00:00,28.4,998.8,54.65
2022-06-02T03:00:00+00:00,32.4,1000.1,45.96
2022-06-02T06:00:00+00:00,38.8,999.3,30.89
2022-06-02T09:00:00+00:00,41.4,997.5,23.54
2022-06-02T12:00:00+00:00,39.2,996.0,31.39
2022-06-02T15:00:00+00:00,35.0,997.4,42.54
2022-06-02T18:00:00+00:00,31.8,997.7,56.51
2022-06-02T21:00:00+00:00,30.4,997.0,61.58
2022-06-03T00:00:00+00:00,26.2,998.1,64.96
2022-06-03T03:00:00+00:00,32.4,998.8,41.84
2022-06-03T06:00:00+00:00,39.4,998.3,23.34
2022-06-03T09:00:00+00:00,42.6,997.3,11.88
2022-06-03T12:00:00+00:00,41.6,995.5,14.15
2022-06-03T15:00:00+00:00,35.2,996.5,39.05
2022-06-03T18:00:00+00:00,33.6,997.5,47.14
2022-06-04T00:00:00+00:00,29.2,997.6,60.56
2022-06-04T03:00:00+00:00,32.8,999.2,34.44
2022-06-04T06:00:00+00:00,40.8,998.3,16.89
2022-06-04T09:00:00+00:00,43.2,996.6,12.66
2022-06-04T12:00:00+00:00,42.4,995.4,15.72
2022-06-04T15:00:00+00:00,33.4,997.4,42.91
2022-06-04T18:00:00+00:00,30.4,998.6,55.48
2022-06-04T21:00:00+00:00,29.4,997.7,58.05
2022-06-05T00:00:00+00:00,30.4,998.2,31.21
2022-06-05T06:00:00+00:00,40.2,999.2,18.14
2022-06-05T09:00:00+00:00,43.6,996.8,14.28
2022-06-05T12:00:00+00:00,42.8,995.6,16.23
2022-06-05T15:00:00+00:00,35.0,996.1,41.76
2022-06-05T18:00:00+00:00,33.2,997.8,44.76
2022-06-05T21:00:00+00:00,30.0,997.4,58.55
2022-06-06T00:00:00+00:00,28.0,997.9,67.38
2022-06-06T03:00:00+00:00,33.6,998.6,25.35
2022-06-06T06:00:00+00:00,40.2,998.1,19.38
2022-06-06T09:00:00+00:00,43.0,996.0,15.85
2022-06-06T12:00:00+00:00,42.0,994.9,21.53
2022-06-06T15:00:00+00:00,34.2,996.2,39.02
2022-06-06T18:00:00+00:00,30.6,997.4,52.2
2022-06-06T21:00:00+00:00,29.4,996.9,56.98
2022-06-07T00:00:00+00:00,31.4,996.9,36.57
2022-06-07T03:00:00+00:00,34.6,998.4,28.44
2022-06-07T06:00:00+00:00,39.4,997.6,20.49
2022-06-07T09:00:00+00:00,42.6,995.8,15.97
2022-06-07T12:00:00+00:00,42.8,994.6,16.77
2022-06-07T15:00:00+00:00,37.8,995.1,28.93
2022-06-07T18:00:00+00:00,35.6,996.3,33.05
2022-06-07T21:00:00+00:00,33.4,995.7,38.08
2022-06-08T00:00:00+00:00,31.6,997.4,43.23
2022-06-08T03:00:00+00:00,34.2,999.0,26.19
2022-06-08T06:00:00+00:00,39.6,998.0,20.68
2022-06-08T09:00:00+00:00,43.4,995.3,14.05
2022-06-08T12:00:00+00:00,42.6,993.4,15.35
2022-06-08T15:00:00+00:00,35.2,994.5,37.15
2022-06-08T18:00:00+00:00,31.6,995.9,58.92
2022-06-08T21:00:00+00:00,29.8,995.6,47.92
2022-06-09T00:00:00+00:00,29.4,995.6,50.93
2022-06-09T03:00:00+00:00,34.4,996.2,32.73
2022-06-09T06:00:00+00:00,39.6,996.8,25.75
2022-06-09T09:00:00+00:00,42.6,994.4,19.06
2022-06-09T12:00:00+00:00,42.6,992.8,21.0
2022-06-09T15:00:00+00:00,35.6,994.5,46.24
2022-06-09T18:00:00+00:00,35.6,996.4,30.62
2022-06-09T21:00:00+00:00,34.4,995.6,32.73
2022-06-10T00:00:00+00:00,31.6,997.3,40.06
2022-06-10T03:00:00+00:00,35.6,998.0,35.88
2022-06-10T06:00:00+00:00,39.2,997.4,32.18
2022-06-10T09:00:00+00:00,42.4,995.1,22.05
2022-06-10T12:00:00+00:00,43.0,993.1,16.49
2022-06-10T15:00:00+00:00,36.2,995.4,35.59
2022-06-10T18:00:00+00:00,33.0,995.9,36.54
2022-06-10T21:00:00+00:00,31.4,995.3,40.78
2022-06-11T00:00:00+00:00,31.4,996.7,31.7
2022-06-11T03:00:00+00:00,34.2,998.2,29.66
2022-06-11T06:00:00+00:00,40.0,998.2,28.42
2022-06-11T09:00:00+00:00,43.2,995.3,19.7
2022-06-11T12:00:00+00:00,42.6,993.3,15.35
2022-06-11T15:00:00+00:00,38.4,994.4,27.3
2022-06-11T18:00:00+00:00,35.8,996.8,31.67
2022-06-11T21:00:00+00:00,34.2,995.6,33.31
2022-06-12T00:00:00+00:00,33.4,997.4,30.42
2022-06-12T03:00:00+00:00,35.2,999.0,29.17
2022-06-12T06:00:00+00:00,41.0,998.7,24.51
2022-06-12T09:00:00+00:00,42.8,996.9,19.23
2022-06-12T12:00:00+00:00,42.6,995.2,19.69
2022-06-12T15:00:00+00:00,36.2,997.0,41.06
2022-06-12T18:00:00+00:00,35.4,999.8,33.85
2022-06-12T21:00:00+00:00,34.2,1000.0,36.18
2022-06-13T00:00:00+00:00,33.6,1001.1,40.1
2022-06-13T03:00:00+00:00,33.4,1002.6,41.85
2022-06-13T06:00:00+00:00,39.6,1001.1,30.91
2022-06-13T09:00:00+00:00,41.8,998.4,28.19
2022-06-13T12:00:00+00:00,42.2,995.5,21.72
2022-06-13T15:00:00+00:00,37.0,997.9,35.59
2022-06-13T18:00:00+00:00,36.0,998.3,33.58
2022-06-13T21:00:00+00:00,34.2,997.9,36.18
2022-06-14T00:00:00+00:00,32.2,999.7,43.67
2022-06-14T03:00:00+00:00,33.8,1000.9,40.41
2022-06-14T06:00:00+00:00,37.4,1000.7,37.74
2022-06-14T09:00:00+00:00,39.4,999.4,34.71
2022-06-14T12:00:00+00:00,36.4,997.9,42.13
2022-06-14T15:00:00+00:00,35.2,997.7,41.81
2022-06-14T18:00:00+00:00,33.4,998.5,47.09
2022-06-14T21:00:00+00:00,32.0,997.9,48.8
2022-06-15T00:00:00+00:00,30.6,998.2,53.18
2022-06-15T03:00:00+00:00,33.0,1000.0,53.13
2022-06-15T06:00:00+00:00,37.6,999.0,40.44
2022-06-15T09:00:00+00:00,41.8,996.3,28.89
2022-06-15T12:00:00+00:00,41.6,993.9,27.27
2022-06-15T15:00:00+00:00,37.2,994.8,37.46
2022-06-15T18:00:00+00:00,36.0,997.0,39.76
2022-06-15T21:00:00+00:00,34.6,996.7,41.14
2022-06-16T00:00:00+00:00,27.0,997.1,84.17
2022-06-16T03:00:00+00:00,31.0,1000.9,55.97
2022-06-16T06:00:00+00:00,36.6,1000.2,39.67
2022-06-16T09:00:00+00:00,38.4,997.4,36.19
2022-06-16T12:00:00+00:00,36.6,997.1,44.3
2022-06-16T15:00:00+00:00,31.6,998.3,58.92
2022-06-16T18:00:00+00:00,31.2,998.2,58.47
2022-06-16T21:00:00+00:00,30.8,998.1,60.55
2022-06-17T00:00:00+00:00,25.0,1000.7,96.47
2022-06-17T03:00:00+00:00,25.6,1001.6,88.72
2022-06-17T06:00:00+00:00,32.6,1000.7,57.39
2022-06-17T09:00:00+00:00,31.4,1000.5,72.22
2022-06-17T12:00:00+00:00,27.4,999.8,78.34
2022-06-17T15:00:00+00:00,26.6,999.1,87.21
2022-06-17T18:00:00+00:00,26.4,1000.4,81.1
2022-06-17T21:00:00+00:00,25.8,999.2,82.02
2022-06-18T00:00:00+00:00,25.8,1000.7,91.99
2022-06-18T03:00:00+00:00,26.4,1002.8,90.39
2022-06-18T06:00:00+00:00,29.0,1003.2,74.89
2022-06-18T09:00:00+00:00,31.4,1001.1,66.04
2022-06-18T12:00:00+00:00,32.0,999.0,62.68
2022-06-18T15:00:00+00:00,29.4,1000.1,72.3
2022-06-18T18:00:00+00:00,28.6,1001.2,77.58
2022-06-18T21:00:00+00:00,27.6,999.5,81.25
2022-06-19T00:00:00+00:00,24.8,1000.8,96.47
2022-06-19T03:00:00+00:00,26.8,1001.9,85.68
2022-06-19T06:00:00+00:00,28.6,1001.9,72.16
2022-06-19T09:00:00+00:00,30.0,1000.8,64.96
2022-06-19T12:00:00+00:00,29.8,998.1,67.32
2022-06-19T15:00:00+00:00,28.6,998.9,67.91
2022-06-19T18:00:00+00:00,27.4,999.7,72.84
2022-06-19T21:00:00+00:00,25.2,998.9,80.46
2022-06-20T00:00:00+00:00,25.2,998.9,80.46
2022-06-20T03:00:00+00:00,27.8,999.8,76.99
2022-06-20T06:00:00+00:00,31.4,999.8,61.06
2022-06-20T09:00:00+00:00,32.2,998.0,66.2
2022-06-20T12:00:00+00:00,32.4,995.7,49.21
2022-06-20T15:00:00+00:00,29.2,998.0,66.8
2022-06-20T18:00:00+00:00,28.2,998.7,69.09
2022-06-21T00:00:00+00:00,26.0,996.4,84.06
2022-06-21T03:00:00+00:00,28.8,998.5,70.9
2022-06-21T06:00:00+00:00,26.2,1000.1,84.08
2022-06-21T09:00:00+00:00,32.6,996.7,54.01
2022-06-21T12:00:00+00:00,33.2,996.2,55.48
2022-06-21T15:00:00+00:00,30.6,998.3,70.38
2022-06-21T18:00:00+00:00,29.2,999.0,72.27
2022-06-21T21:00:00+00:00,28.4,999.9,74.8
2022-06-22T00:00:00+00:00,27.6,1001.3,81.25
2022-06-22T03:00:00+00:00,26.2,1004.8,71.74
2022-06-22T06:00:00+00:00,29.6,1003.9,63.31
2022-06-22T09:00:00+00:00,35.6,1001.8,56.39
2022-06-22T12:00:00+00:00,35.6,1000.4,58.43
2022-06-22T15:00:00+00:00,31.4,1002.6,67.23
2022-06-22T18:00:00+00:00,29.8,1004.7,69.81
2022-06-22T21:00:00+00:00,28.6,1004.9,73.49
2022-06-23T00:00:00+00:00,26.6,1003.9,82.61
2022-06-23T03:00:00+00:00,30.2,1004.6,67.81
2022-06-23T06:00:00+00:00,34.4,1004.1,55.44
2022-06-23T09:00:00+00:00,37.0,1001.4,40.77
2022-06-23T12:00:00+00:00,37.0,999.4,47.45
2022-06-23T15:00:00+00:00,34.2,1000.6,50.89
2022-06-23T18:00:00+00:00,32.4,1001.9,55.97
2022-06-23T21:00:00+00:00,30.6,1001.7,59.05
2022-06-24T00:00:00+00:00,27.8,1002.1,67.34
2022-06-24T03:00:00+00:00,30.4,1002.9,59.0
2022-06-24T06:00:00+00:00,36.6,1001.9,41.42
2022-06-24T09:00:00+00:00,38.6,998.8,40.7
2022-06-24T12:00:00+00:00,38.2,996.2,40.35
2022-06-24T15:00:00+00:00,32.6,997.9,50.49
2022-06-24T18:00:00+00:00,29.0,998.9,59.04
2022-06-25T00:00:00+00:00,25.8,998.5,73.01
2022-06-25T03:00:00+00:00,29.6,999.6,58.46
2022-06-25T06:00:00+00:00,37.8,998.9,41.74
2022-06-25T09:00:00+00:00,39.6,995.9,40.72
2022-06-25T12:00:00+00:00,39.0,994.3,35.04
2022-06-25T15:00:00+00:00,33.6,996.7,57.28
2022-06-25T18:00:00+00:00,31.0,996.9,55.97
2022-06-25T21:00:00+00:00,29.4,997.9,60.61
2022-06-26T00:00:00+00:00,29.6,998.6,77.26
2022-06-26T03:00:00+00:00,32.4,999.9,67.83
2022-06-26T06:00:00+00:00,36.6,999.7,52.74
2022-06-26T09:00:00+00:00,40.0,997.8,44.39
2022-06-26T12:00:00+00:00,39.0,996.7,49.11
2022-06-26T15:00:00+00:00,35.2,998.2,60.09
2022-06-26T18:00:00+00:00,33.2,1000.0,67.19
2022-06-26T21:00:00+00:00,31.4,999.9,72.22
2022-06-27T00:00:00+00:00,31.0,1000.0,72.15
2022-06-27T03:00:00+00:00,33.4,1001.8,62.24
2022-06-27T06:00:00+00:00,37.8,1000.5,51.8
2022-06-27T09:00:00+00:00,40.2,998.4,45.51
2022-06-27T12:00:00+00:00,39.8,996.8,51.68
2022-06-27T15:00:00+00:00,37.4,997.6,54.52
2022-06-27T18:00:00+00:00,35.6,998.6,58.43
2022-06-27T21:00:00+00:00,33.4,998.3,66.05
2022-06-28T00:00:00+00:00,31.4,999.0,73.51
2022-06-28T03:00:00+00:00,33.6,998.1,63.78
2022-06-28T06:00:00+00:00,39.0,997.1,46.29
2022-06-28T09:00:00+00:00,40.4,994.4,44.76
2022-06-28T12:00:00+00:00,37.8,992.9,57.57
2022-06-28T15:00:00+00:00,35.0,994.2,67.93
2022-06-28T18:00:00+00:00,34.0,995.5,67.34
2022-06-28T21:00:00+00:00,32.8,995.0,67.91
2022-06-29T00:00:00+00:00,30.0,994.3,76.86
2022-06-29T03:00:00+00:00,32.0,995.0,69.8
2022-06-29T06:00:00+00:00,39.2,993.8,41.11
2022-06-29T09:00:00+00:00,40.4,992.5,42.94
2022-06-29T12:00:00+00:00,38.0,991.2,50.93
2022-06-29T15:00:00+00:00,34.0,994.6,61.63
2022-06-29T18:00:00+00:00,32.8,995.8,63.23
2022-06-29T21:00:00+00:00,31.0,995.1,78.38
2022-06-30T00:00:00+00:00,29.2,995.9,79.07
2022-06-30T03:00:00+00:00,29.4,998.5,80.52
2022-06-30T06:00:00+00:00,25.0,1001.2,100.0
2022-06-30T09:00:00+00:00,24.8,999.3,100.0
2022-06-30T12:00:00+00:00,26.4,997.3,90.39
2022-06-30T15:00:00+00:00,27.6,998.1,82.73
2022-06-30T18:00:00+00:00,26.2,999.6,96.51
2022-06-30T21:00:00+00:00,25.0,998.7,98.22
2022-07-01T00:00:00+00:00,26.0,999.0,98.24
2022-07-01T03:00:00+00:00,27.4,999.8,93.73
2022-07-01T06:00:00+00:00,30.0,999.6,79.65
2022-07-01T09:00:00+00:00,31.0,997.5,82.64
2022-07-01T12:00:00+00:00,28.4,996.5,84.82
2022-07-01T15:00:00+00:00,28.8,997.0,84.86
2022-07-01T18:00:00+00:00,27.6,998.0,87.3
2022-07-01T21:00:00+00:00,27.0,997.8,88.83
2022-07-02T00:00:00+00:00,26.8,997.0,90.42
2022-07-02T03:00:00+00:00,28.4,997.9,92.14
2022-07-02T06:00:00+00:00,31.8,997.1,72.29
2022-07-02T09:00:00+00:00,33.6,995.1,63.78
2022-07-02T12:00:00+00:00,33.8,993.9,63.82
2022-07-02T15:00:00+00:00,31.8,995.9,73.58
2022-07-02T18:00:00+00:00,30.0,998.1,78.24
2022-07-03T00:00:00+00:00,27.6,997.7,82.73
2022-07-03T03:00:00+00:00,29.0,999.5,79.04
2022-07-03T06:00:00+00:00,32.8,998.4,66.71
2022-07-03T09:00:00+00:00,35.2,996.6,62.63
2022-07-03T12:00:00+00:00,31.6,995.4,77.55
2022-07-04T00:00:00+00:00,28.6,998.6,88.95
2022-07-04T03:00:00+00:00,31.4,998.8,77.52
2022-07-04T06:00:00+00:00,35.4,998.0,62.67
2022-07-04T09:00:00+00:00,35.0,996.0,62.22
2022-07-04T12:00:00+00:00,35.4,994.6,62.67
2022-07-04T15:00:00+00:00,33.2,995.5,75.55
2022-07-04T18:00:00+00:00,31.6,997.4,79.39
2022-07-04T21:00:00+00:00,30.4,997.5,84.03
2022-07-05T00:00:00+00:00,30.0,997.6,88.02
2022-07-05T03:00:00+00:00,32.0,998.8,80.38
2022-07-05T06:00:00+00:00,34.8,997.4,67.89
2022-07-05T09:00:00+00:00,36.8,995.9,56.01
2022-07-05T12:00:00+00:00,37.4,994.6,54.52
2022-07-05T15:00:00+00:00,34.6,996.1,63.24
2022-07-05T18:00:00+00:00,33.2,997.9,67.19
2022-07-05T21:00:00+00:00,31.4,997.6,73.51
2022-07-06T00:00:00+00:00,30.2,999.7,82.54
2022-07-06T03:00:00+00:00,32.4,1000.6,74.11
2022-07-06T06:00:00+00:00,36.8,1000.8,57.01
2022-07-06T09:00:00+00:00,35.4,998.8,64.91
2022-07-06T12:00:00+00:00,38.0,997.6,52.15
2022-07-06T15:00:00+00:00,35.0,999.5,63.32
2022-07-06T18:00:00+00:00,33.4,1001.7,70.88
2022-07-06T21:00:00+00:00,32.0,1001.1,74.93
2022-07-07T00:00:00+00:00,31.2,1001.9,82.66
2022-07-07T03:00:00+00:00,33.0,1003.8,75.52
2022-07-07T06:00:00+00:00,36.4,1003.0,58.96
2022-07-07T09:00:00+00:00,37.6,1000.4,51.75
2022-07-07T12:00:00+00:00,37.4,997.3,52.62
2022-07-07T15:00:00+00:00,34.8,999.4,61.08
2022-07-07T18:00:00+00:00,33.4,1000.7,67.23
2022-07-07T21:00:00+00:00,31.8,1000.2,72.29
2022-07-08T00:00:00+00:00,30.6,1000.1,74.26
2022-07-08T03:00:00+00:00,32.8,1001.1,69.12
2022-07-08T06:00:00+00:00,36.2,999.4,54.56
2022-07-08T09:00:00+00:00,38.0,997.3,49.15
2022-07-08T12:00:00+00:00,37.8,995.3,50.88
2022-07-08T15:00:00+00:00,35.0,996.8,58.99
2022-07-08T18:00:00+00:00,33.6,997.8,64.92
2022-07-08T21:00:00+00:00,32.4,997.5,70.29
2022-07-09T00:00:00+00:00,31.8,996.2,72.29
2022-07-09T03:00:00+00:00,33.6,997.6,69.68
2022-07-09T06:00:00+00:00,34.8,998.1,65.55
2022-07-09T09:00:00+00:00,31.6,997.5,68.49
2022-07-09T12:00:00+00:00,30.6,997.0,67.89
2022-07-09T15:00:00+00:00,29.0,997.7,77.64
2022-07-09T18:00:00+00:00,28.6,998.5,83.34
2022-07-09T21:00:00+00:00,28.2,998.2,84.8
2022-07-10T00:00:00+00:00,28.0,998.2,88.9
2022-07-10T03:00:00+00:00,29.6,1000.2,81.99
2022-07-10T06:00:00+00:00,33.8,999.7,66.13
2022-07-10T09:00:00+00:00,32.4,998.6,67.83
2022-07-10T12:00:00+00:00,33.2,997.2,69.2
2022-07-10T15:00:00+00:00,31.2,998.8,74.8
2022-07-10T18:00:00+00:00,29.8,1000.4,79.62
2022-07-10T21:00:00+00:00,28.8,1000.2,83.36
2022-07-11T00:00:00+00:00,28.4,1000.0,87.89
2022-07-11T03:00:00+00:00,30.6,1000.9,75.59
2022-07-11T06:00:00+00:00,35.2,999.9,56.97
2022-07-11T09:00:00+00:00,34.6,997.9,58.9
2022-07-11T12:00:00+00:00,32.4,997.3,63.91
2022-07-11T15:00:00+00:00,31.6,998.4,74.86
2022-07-11T18:00:00+00:00,31.0,999.4,76.11
2022-07-11T21:00:00+00:00,30.2,999.0,79.67
2022-07-12T00:00:00+00:00,29.4,998.8,86.44
2022-07-12T03:00:00+00:00,28.0,1000.9,93.76
2022-07-12T06:00:00+00:00,28.0,1001.7,92.11
2022-07-12T09:00:00+00:00,29.4,999.1,83.43
2022-07-12T12:00:00+00:00,32.6,996.2,66.67
2022-07-12T15:00:00+00:00,31.0,997.6,77.47
2022-07-12T18:00:00+00:00,29.6,999.1,89.55
2022-07-12T21:00:00+00:00,28.8,999.0,92.16
2022-07-13T00:00:00+00:00,28.8,997.6,92.16
2022-07-13T03:00:00+00:00,28.0,999.0,95.42
2022-07-13T06:00:00+00:00,31.8,998.3,71.01
2022-07-13T09:00:00+00:00,35.6,995.6,58.43
2022-07-13T12:00:00+00:00,33.8,994.0,68.5
2022-07-13T15:00:00+00:00,32.2,995.5,72.78
2022-07-13T18:00:00+00:00,31.4,997.4,74.83
2022-07-13T21:00:00+00:00,30.6,997.0,79.73
2022-07-14T00:00:00+00:00,29.4,995.8,83.43
2022-07-14T03:00:00+00:00,32.0,996.9,72.32
2022-07-14T06:00:00+00:00,35.6,997.3,64.95
2022-07-14T09:00:00+00:00,37.6,995.5,66.11
2022-07-14T12:00:00+00:00,33.6,994.6,64.92
2022-07-14T15:00:00+00:00,31.4,996.8,73.51
2022-07-14T18:00:00+00:00,29.6,998.6,78.19
2022-07-14T21:00:00+00:00,28.6,998.4,81.87
2022-07-15T00:00:00+00:00,28.4,998.0,83.32
2022-07-15T03:00:00+00:00,31.6,998.2,68.49
2022-07-15T06:00:00+00:00,35.4,999.5,56.01
2022-07-15T09:00:00+00:00,37.0,997.7,51.29
2022-07-15T12:00:00+00:00,36.2,996.0,54.56
2022-07-15T15:00:00+00:00,33.0,998.3,67.95
2022-07-15T18:00:00+00:00,32.4,999.1,69.05
2022-07-15T21:00:00+00:00,31.6,998.6,72.25
2022-07-16T00:00:00+00:00,29.2,999.3,80.49
2022-07-16T03:00:00+00:00,31.6,999.8,72.25
2022-07-16T06:00:00+00:00,35.5,999.6,61.23
2022-07-16T09:00:00+00:00,25.4,999.9,100.0
2022-07-16T12:00:00+00:00,25.7,998.4,97.07
2022-07-16T15:00:00+00:00,26.6,1000.3,98.24
2022-07-16T18:00:00+00:00,26.6,1001.7,98.24
2022-07-16T21:00:00+00:00,26.0,1000.9,98.24
2022-07-17T00:00:00+00:00,26.5,1002.1,97.66
2022-07-17T03:00:00+00:00,25.8,1003.5,98.23
2022-07-17T06:00:00+00:00,30.0,1002.7,92.22
2022-07-17T09:00:00+00:00,34.0,1000.6,70.99
2022-07-17T12:00:00+00:00,33.5,999.5,71.73
2022-07-17T15:00:00+00:00,32.0,1000.3,78.98
2022-07-17T18:00:00+00:00,31.2,1002.0,79.81
2022-07-17T21:00:00+00:00,30.4,1001.6,82.57
2022-07-18T00:00:00+00:00,28.8,1000.4,89.49
2022-07-18T03:00:00+00:00,30.6,1001.3,82.59
2022-07-18T06:00:00+00:00,35.0,1000.8,67.93
2022-07-18T09:00:00+00:00,37.2,998.8,65.65
2022-07-18T12:00:00+00:00,37.2,997.7,71.14
2022-07-18T15:00:00+00:00,34.2,998.4,75.71
2022-07-18T18:00:00+00:00,32.4,999.6,83.76
2022-07-18T21:00:00+00:00,31.6,998.8,85.64
2022-07-19T00:00:00+00:00,30.2,998.5,89.59
2022-07-19T03:00:00+00:00,32.4,999.9,79.04
2022-07-19T06:00:00+00:00,35.7,999.3,57.77
2022-07-19T09:00:00+00:00,28.8,997.4,93.24
2022-07-19T12:00:00+00:00,31.0,996.3,83.12
2022-07-19T15:00:00+00:00,29.8,998.1,86.47
2022-07-19T18:00:00+00:00,29.0,999.2,94.35
2022-07-19T21:00:00+00:00,29.0,997.9,93.8
2022-07-20T00:00:00+00:00,28.7,997.0,94.34
2022-07-20T03:00:00+00:00,31.0,999.4,84.1
2022-07-20T06:00:00+00:00,33.7,999.2,68.89
2022-07-20T09:00:00+00:00,25.4,1000.3,100.0
2022-07-20T12:00:00+00:00,26.2,998.3,94.8
2022-07-20T15:00:00+00:00,26.2,999.6,98.24
2022-07-20T18:00:00+00:00,26.2,1000.3,98.24
2022-07-20T21:00:00+00:00,26.0,1000.1,98.24
2022-07-21T00:00:00+00:00,25.8,1000.2,98.23
2022-07-21T03:00:00+00:00,26.8,1002.4,90.42
2022-07-21T06:00:00+00:00,29.0,1003.1,79.04
2022-07-21T09:00:00+00:00,31.0,1000.7,77.47
2022-07-21T12:00:00+00:00,32.6,999.9,67.87
2022-07-21T15:00:00+00:00,30.8,1001.2,76.98
2022-07-21T18:00:00+00:00,30.2,1002.8,79.67
2022-07-21T21:00:00+00:00,29.0,1002.4,84.88
2022-07-22T00:00:00+00:00,28.2,1002.5,87.35
2022-07-22T03:00:00+00:00,29.2,1003.9,90.58
2022-07-22T06:00:00+00:00,32.0,1003.5,77.61
2022-07-22T09:00:00+00:00,33.8,1001.0,68.5
2022-07-22T12:00:00+00:00,28.6,1000.1,98.27
2022-07-22T15:00:00+00:00,28.2,1001.9,100.0
2022-07-22T18:00:00+00:00,27.6,1002.1,100.0
2022-07-22T21:00:00+00:00,27.2,1001.5,100.0
2022-07-23T00:00:00+00:00,27.0,1001.8,96.53
2022-07-23T03:00:00+00:00,28.2,1001.9,96.56
2022-07-23T06:00:00+00:00,31.6,1001.7,80.33
2022-07-23T09:00:00+00:00,33.2,998.7,70.43
2022-07-23T12:00:00+00:00,33.0,997.8,69.16
2022-07-23T15:00:00+00:00,30.0,999.9,79.65
2022-07-23T18:00:00+00:00,29.2,1001.2,83.41
2022-07-23T21:00:00+00:00,28.2,1000.9,88.92
2022-07-24T00:00:00+00:00,27.8,1000.4,88.89
2022-07-24T03:00:00+00:00,30.0,1000.6,79.65
2022-07-24T06:00:00+00:00,33.6,1000.8,66.09
2022-07-24T09:00:00+00:00,34.8,999.4,61.08
2022-07-24T12:00:00+00:00,32.4,997.7,70.29
2022-07-24T15:00:00+00:00,28.8,1001.7,84.86
2022-07-24T18:00:00+00:00,29.0,1002.3,86.4
2022-07-24T21:00:00+00:00,28.2,1001.7,88.92
2022-07-25T00:00:00+00:00,28.2,1002.4,84.8
2022-07-25T03:00:00+00:00,29.0,1003.7,81.91
2022-07-25T06:00:00+00:00,31.6,1004.4,73.55
2022-07-25T09:00:00+00:00,33.4,1002.1,66.05
2022-07-25T12:00:00+00:00,34.4,1000.2,62.09
2022-07-25T15:00:00+00:00,32.4,1002.7,69.05
2022-07-25T18:00:00+00:00,28.8,1004.8,90.55
2022-07-25T21:00:00+00:00,28.0,1004.3,92.11
2022-07-26T00:00:00+00:00,27.6,1004.3,93.74
2022-07-26T03:00:00+00:00,28.6,1005.1,84.84
2022-07-26T06:00:00+00:00,31.6,1005.3,70.98
2022-07-26T09:00:00+00:00,32.6,1003.3,67.87
2022-07-26T12:00:00+00:00,33.2,1001.3,68.39
2022-07-26T15:00:00+00:00,30.2,1003.1,76.89
2022-07-26T18:00:00+00:00,29.4,1004.3,81.96
2022-07-26T21:00:00+00:00,28.8,1003.6,84.86
2022-07-27T00:00:00+00:00,28.0,1003.0,87.34
2022-07-27T03:00:00+00:00,29.4,1004.7,83.43
2022-07-27T06:00:00+00:00,30.6,1005.0,76.95
2022-07-27T09:00:00+00:00,33.8,1002.8,64.96
2022-07-27T12:00:00+00:00,33.6,1000.7,64.92
2022-07-27T15:00:00+00:00,30.2,1003.4,76.89
2022-07-27T18:00:00+00:00,28.6,1003.8,86.36
2022-07-27T21:00:00+00:00,27.8,1003.7,92.1
2022-07-28T00:00:00+00:00,27.0,1003.7,93.71
2022-07-28T03:00:00+00:00,28.6,1005.8,84.84
2022-07-28T06:00:00+00:00,30.8,1005.7,79.75
2022-07-28T09:00:00+00:00,30.4,1003.8,85.52
2022-07-28T12:00:00+00:00,27.2,1003.5,95.4
2022-07-28T15:00:00+00:00,26.8,1004.8,92.05
2022-07-28T18:00:00+00:00,26.6,1006.0,93.69
2022-07-28T21:00:00+00:00,26.0,1005.7,94.79
2022-07-29T00:00:00+00:00,26.0,1004.3,94.79
2022-07-29T03:00:00+00:00,27.4,1005.6,92.08
2022-07-29T06:00:00+00:00,30.0,1005.3,81.07
2022-07-29T09:00:00+00:00,31.8,1002.5,73.58
2022-07-29T12:00:00+00:00,28.2,1002.1,90.51
2022-07-29T15:00:00+00:00,26.6,1003.9,92.04
2022-07-29T18:00:00+00:00,26.2,1004.3,93.68
2022-07-29T21:00:00+00:00,26.2,1004.0,92.01
2022-07-30T03:00:00+00:00,26.0,1004.0,98.24
2022-07-30T06:00:00+00:00,28.6,1003.8,87.91
2022-07-30T09:00:00+00:00,31.6,1001.7,70.98
2022-07-30T12:00:00+00:00,30.0,1000.1,81.07
2022-07-30T15:00:00+00:00,28.6,1000.8,83.34
2022-07-30T18:00:00+00:00,28.0,1002.9,84.78
2022-07-30T21:00:00+00:00,26.0,1001.4,93.67
2022-07-31T00:00:00+00:00,26.0,1000.0,96.5
2022-07-31T03:00:00+00:00,26.8,1001.0,96.52
2022-07-31T06:00:00+00:00,30.7,1001.1,70.82
2022-07-31T09:00:00+00:00,30.8,998.5,74.29
2022-07-31T12:00:00+00:00,31.5,997.3,77.08
2022-07-31T15:00:00+00:00,28.8,998.8,83.36
2022-07-31T18:00:00+00:00,27.8,1000.8,90.48
2022-07-31T21:00:00+00:00,27.2,1000.2,95.4
2022-08-01T00:00:00+00:00,27.0,999.9,95.39
2022-08-01T03:00:00+00:00,28.4,1001.4,83.32
2022-08-01T06:00:00+00:00,30.8,1001.4,72.98
2022-08-01T09:00:00+00:00,32.8,999.1,67.91
2022-08-01T12:00:00+00:00,33.0,997.4,64.42
2022-08-01T15:00:00+00:00,29.8,999.2,78.21
2022-08-01T18:00:00+00:00,28.8,999.9,84.86
2022-08-01T21:00:00+00:00,28.0,999.5,87.34
2022-08-02T00:00:00+00:00,27.2,999.3,95.4
2022-08-02T03:00:00+00:00,28.8,1000.6,84.86
2022-08-02T06:00:00+00:00,32.6,1000.2,67.87
2022-08-02T09:00:00+00:00,34.6,998.4,57.51
2022-08-02T12:00:00+00:00,34.8,997.4,56.88
2022-08-02T15:00:00+00:00,32.6,998.6,71.58
2022-08-02T18:00:00+00:00,31.8,999.8,72.72
2022-08-02T21:00:00+00:00,30.6,999.2,78.33
2022-08-03T00:00:00+00:00,29.4,999.8,84.92
2022-08-03T03:00:00+00:00,30.0,1001.5,81.07
2022-08-03T06:00:00+00:00,33.2,1001.8,68.39
2022-08-03T09:00:00+00:00,32.4,1000.2,70.29
2022-08-03T12:00:00+00:00,32.8,998.6,67.91
2022-08-03T15:00:00+00:00,30.2,1000.1,82.54
2022-08-03T18:00:00+00:00,29.4,1001.9,84.92
2022-08-03T21:00:00+00:00,28.8,1001.2,86.38
2022-08-04T00:00:00+00:00,28.0,1001.7,87.34
2022-08-04T03:00:00+00:00,29.4,1003.0,83.43
2022-08-04T06:00:00+00:00,32.0,1002.9,76.26
2022-08-04T09:00:00+00:00,34.0,999.7,65.01
2022-08-04T12:00:00+00:00,30.6,999.7,81.15
2022-08-04T15:00:00+00:00,28.4,1001.2,87.89
2022-08-04T18:00:00+00:00,28.0,1001.8,90.5
2022-08-04T21:00:00+00:00,27.6,1001.1,90.47
2022-08-05T00:00:00+00:00,27.4,1000.9,90.46
2022-08-05T03:00:00+00:00,28.2,1002.0,92.13
2022-08-05T06:00:00+00:00,27.0,1002.1,95.39
2022-08-05T09:00:00+00:00,28.2,999.7,93.77
2022-08-05T12:00:00+00:00,30.0,997.8,86.49
2022-08-05T15:00:00+00:00,29.0,998.3,90.56
2022-08-05T18:00:00+00:00,28.4,999.6,93.77
2022-08-05T21:00:00+00:00,27.6,999.3,95.41
2022-08-06T00:00:00+00:00,27.6,999.7,96.54
2022-08-06T03:00:00+00:00,28.6,1000.5,92.15
2022-08-06T06:00:00+00:00,32.0,999.6,71.05
2022-08-06T09:00:00+00:00,33.0,997.0,67.95
2022-08-06T12:00:00+00:00,32.2,994.6,70.25
2022-08-06T15:00:00+00:00,31.2,996.6,78.87
2022-08-06T18:00:00+00:00,30.4,997.8,82.57
2022-08-06T21:00:00+00:00,29.2,997.3,87.96
2022-08-07T00:00:00+00:00,28.4,997.4,90.52
2022-08-07T03:00:00+00:00,28.8,999.3,92.16
2022-08-07T06:00:00+00:00,26.4,1000.6,100.0
2022-08-07T09:00:00+00:00,26.6,999.0,94.81
2022-08-07T12:00:00+00:00,28.4,996.7,86.34
2022-08-07T15:00:00+00:00,27.6,998.6,88.87
2022-08-07T18:00:00+00:00,27.0,998.2,93.71
2022-08-07T21:00:00+00:00,26.6,998.4,93.69
2022-08-08T00:00:00+00:00,26.4,998.4,93.68
2022-08-08T03:00:00+00:00,28.2,999.2,86.32
2022-08-08T06:00:00+00:00,33.2,999.2,67.19
2022-08-08T09:00:00+00:00,34.4,996.5,60.99
2022-08-08T12:00:00+00:00,33.8,994.7,63.82
2022-08-08T15:00:00+00:00,31.4,998.8,74.83
2022-08-08T18:00:00+00:00,30.4,998.5,82.57
2022-08-08T21:00:00+00:00,29.6,998.2,86.45
2022-08-09T00:00:00+00:00,28.8,998.4,89.49
2022-08-09T03:00:00+00:00,31.2,999.5,81.22
2022-08-09T06:00:00+00:00,35.2,998.4,61.53
2022-08-09T09:00:00+00:00,36.0,996.2,57.5
2022-08-09T12:00:00+00:00,36.0,995.0,59.57
2022-08-09T15:00:00+00:00,32.6,996.8,72.85
2022-08-09T18:00:00+00:00,31.6,997.2,78.93
2022-08-09T21:00:00+00:00,30.4,996.8,82.57
2022-08-10T00:00:00+00:00,29.4,996.6,84.92
2022-08-10T03:00:00+00:00,30.8,997.5,76.98
2022-08-10T06:00:00+00:00,35.6,996.6,58.43
2022-08-10T12:00:00+00:00,35.8,993.8,54.46
2022-08-10T21:00:00+00:00,30.8,996.5,76.98
2022-08-11T00:00:00+00:00,29.6,997.4,83.45
2022-08-11T03:00:00+00:00,30.0,999.6,82.03
2022-08-11T06:00:00+00:00,31.0,999.5,66.75
2022-08-11T09:00:00+00:00,29.8,998.2,74.13
2022-08-11T12:00:00+00:00,30.2,997.9,72.88
2022-08-11T15:00:00+00:00,28.6,999.2,80.41
2022-08-11T18:00:00+00:00,28.0,999.3,83.27
2022-08-11T21:00:00+00:00,27.4,998.7,84.21
2022-08-12T00:00:00+00:00,27.0,999.1,87.25
2022-08-12T03:00:00+00:00,29.4,1000.0,76.31
2022-08-12T06:00:00+00:00,34.8,998.5,54.54
2022-08-12T09:00:00+00:00,36.4,997.3,49.63
2022-08-12T12:00:00+00:00,35.8,996.0,54.46
2022-08-12T15:00:00+00:00,32.0,997.8,72.32
2022-08-12T18:00:00+00:00,31.0,998.3,74.77
2022-08-12T21:00:00+00:00,30.2,997.9,76.89
2022-08-13T00:00:00+00:00,28.8,998.5,81.89
2022-08-13T03:00:00+00:00,29.4,998.2,80.52
2022-08-13T06:00:00+00:00,32.2,998.6,70.25
2022-08-13T09:00:00+00:00,33.8,997.7,63.82
2022-08-13T12:00:00+00:00,34.6,996.5,62.13
2022-08-13T15:00:00+00:00,31.8,998.1,71.01
2022-08-13T18:00:00+00:00,30.8,999.5,79.75
2022-08-13T21:00:00+00:00,29.8,999.2,83.48
2022-08-14T00:00:00+00:00,28.8,1000.1,84.86
2022-08-14T03:00:00+00:00,29.2,1000.9,76.28
2022-08-14T06:00:00+00:00,32.4,1001.2,69.05
2022-08-14T09:00:00+00:00,30.6,1000.5,79.73
2022-08-14T12:00:00+00:00,27.6,1000.5,90.47
2022-08-14T15:00:00+00:00,27.2,1001.6,95.4
2022-08-14T18:00:00+00:00,27.2,1002.7,93.72
2022-08-14T21:00:00+00:00,27.0,1002.2,95.39
2022-08-15T00:00:00+00:00,27.0,1001.7,92.06
2022-08-15T03:00:00+00:00,28.0,1002.7,84.78
2022-08-15T06:00:00+00:00,31.2,1003.6,73.48
2022-08-15T09:00:00+00:00,33.2,1001.5,68.39
2022-08-15T12:00:00+00:00,33.6,999.9,68.46
2022-08-15T15:00:00+00:00,30.4,1001.1,79.7
2022-08-15T18:00:00+00:00,28.8,1001.9,81.89
2022-08-15T21:00:00+00:00,27.8,1001.4,85.77
2022-08-16T00:00:00+00:00,28.0,1000.4,81.79
2022-08-16T03:00:00+00:00,29.6,1001.0,74.1
2022-08-16T06:00:00+00:00,32.8,1000.7,63.23
2022-08-16T09:00:00+00:00,31.0,999.7,66.75
2022-08-16T12:00:00+00:00,28.0,998.7,92.11
2022-08-16T15:00:00+00:00,27.6,1000.4,92.09
2022-08-16T18:00:00+00:00,27.6,1002.1,90.47
2022-08-16T21:00:00+00:00,27.2,1001.3,90.44
2022-08-17T00:00:00+00:00,26.0,1001.5,92.0
2022-08-17T03:00:00+00:00,27.4,1003.3,84.21
2022-08-17T06:00:00+00:00,31.2,1002.8,69.65
2022-08-17T09:00:00+00:00,33.8,1001.1,59.42
2022-08-17T12:00:00+00:00,33.2,999.6,66.01
2022-08-17T15:00:00+00:00,30.4,1001.2,79.7
2022-08-17T18:00:00+00:00,29.2,1002.2,85.4
2022-08-17T21:00:00+00:00,28.0,1001.3,88.9
2022-08-18T00:00:00+00:00,27.2,1000.6,88.84
2022-08-18T03:00:00+00:00,28.4,1002.2,81.84
2022-08-18T06:00:00+00:00,32.4,1002.1,69.05
2022-08-18T09:00:00+00:00,34.4,1000.3,70.24
2022-08-18T12:00:00+00:00,34.6,998.1,73.19
2022-08-18T15:00:00+00:00,32.8,999.4,78.18
2022-08-18T18:00:00+00:00,31.4,1000.4,82.68
2022-08-18T21:00:00+00:00,30.0,1000.0,86.49
2022-08-19T00:00:00+00:00,28.6,1000.1,87.91
2022-08-19T03:00:00+00:00,29.4,1001.5,81.96
2022-08-19T06:00:00+00:00,32.8,1002.0,79.09
2022-08-19T09:00:00+00:00,34.8,1000.0,57.9
2022-08-19T12:00:00+00:00,34.2,998.4,63.91
2022-08-19T15:00:00+00:00,32.0,1000.2,72.32
2022-08-19T18:00:00+00:00,30.6,1001.8,81.15
2022-08-19T21:00:00+00:00,29.6,1001.3,81.99
2022-08-20T00:00:00+00:00,29.0,1001.9,81.91
2022-08-20T03:00:00+00:00,29.4,1003.0,79.09
2022-08-20T06:00:00+00:00,31.6,1004.3,68.49
2022-08-20T09:00:00+00:00,30.2,1002.0,82.54
2022-08-20T12:00:00+00:00,31.2,1000.0,73.48
2022-08-20T15:00:00+00:00,30.0,1001.0,84.98
2022-08-20T18:00:00+00:00,29.6,1002.0,84.94
2022-08-20T21:00:00+00:00,28.2,1001.5,90.51
2022-08-21T00:00:00+00:00,27.8,1000.2,92.1
2022-08-21T03:00:00+00:00,29.4,1001.0,83.43
2022-08-21T06:00:00+00:00,32.2,1001.6,70.25
2022-08-21T09:00:00+00:00,34.6,998.7,61.04
2022-08-21T12:00:00+00:00,33.6,997.7,66.09
2022-08-21T15:00:00+00:00,31.6,998.9,73.55
2022-08-21T18:00:00+00:00,30.6,999.6,79.73
2022-08-21T21:00:00+00:00,29.0,999.3,87.94
2022-08-22T00:00:00+00:00,28.8,998.0,87.92
2022-08-22T03:00:00+00:00,30.6,999.3,82.59
2022-08-22T06:00:00+00:00,33.6,998.9,66.09
2022-08-22T09:00:00+00:00,35.6,996.9,56.39
2022-08-22T12:00:00+00:00,34.4,995.7,70.24
2022-08-22T15:00:00+00:00,32.4,997.9,77.67
2022-08-22T18:00:00+00:00,31.2,998.8,81.22
2022-08-22T21:00:00+00:00,29.8,998.2,86.47
2022-08-23T00:00:00+00:00,29.2,998.3,87.96
2022-08-23T03:00:00+00:00,29.6,999.5,81.02
2022-08-23T06:00:00+00:00,32.4,1000.1,66.63
2022-08-23T09:00:00+00:00,33.8,999.2,58.02
2022-08-23T12:00:00+00:00,33.6,998.4,63.78
2022-08-23T15:00:00+00:00,30.4,1001.1,88.06
2022-08-23T18:00:00+00:00,29.2,1003.6,93.81
2022-08-23T21:00:00+00:00,28.4,1002.4,95.44
2022-08-24T00:00:00+00:00,27.2,1004.1,95.4
2022-08-24T03:00:00+00:00,28.6,1005.4,93.78
2022-08-24T06:00:00+00:00,32.0,1005.2,66.16
2022-08-24T09:00:00+00:00,32.4,1003.2,63.91
2022-08-24T12:00:00+00:00,30.2,1002.4,82.54
2022-08-24T15:00:00+00:00,28.8,1003.5,89.49
2022-08-24T18:00:00+00:00,28.2,1004.3,86.32
2022-08-25T00:00:00+00:00,26.4,1003.4,90.39
2022-08-25T03:00:00+00:00,27.0,1004.5,87.25
2022-08-25T06:00:00+00:00,32.0,1004.7,64.98
2022-08-25T09:00:00+00:00,32.6,1002.6,65.49
2022-08-25T12:00:00+00:00,32.8,1001.0,62.11
2022-08-25T15:00:00+00:00,31.0,1002.6,76.11
2022-08-25T18:00:00+00:00,29.2,1002.8,81.94
2022-08-25T21:00:00+00:00,28.0,1002.2,87.34
2022-08-26T00:00:00+00:00,27.4,1002.9,87.28
2022-08-26T03:00:00+00:00,29.0,1004.0,79.04
2022-08-26T06:00:00+00:00,32.6,1004.0,67.87
2022-08-26T09:00:00+00:00,33.8,1001.9,61.59
2022-08-26T12:00:00+00:00,34.2,1000.0,58.46
2022-08-26T15:00:00+00:00,32.2,1001.0,70.25
2022-08-26T18:00:00+00:00,31.2,1003.8,71.33
2022-08-26T21:00:00+00:00,30.2,1001.9,74.19
2022-08-27T00:00:00+00:00,28.6,1001.4,77.58
2022-08-27T03:00:00+00:00,29.2,1003.0,73.59
2022-08-27T06:00:00+00:00,33.0,1002.9,61.05
2022-08-27T09:00:00+00:00,34.6,1001.1,57.51
2022-08-27T12:00:00+00:00,33.2,999.3,62.2
2022-08-27T15:00:00+00:00,31.0,1000.9,76.11
2022-08-27T18:00:00+00:00,29.4,1002.1,81.96
2022-08-27T21:00:00+00:00,28.2,1001.2,71.66
2022-08-28T00:00:00+00:00,27.0,1001.8,84.17
2022-08-28T03:00:00+00:00,28.8,1003.0,72.2
2022-08-28T06:00:00+00:00,33.0,1003.4,57.48
2022-08-28T09:00:00+00:00,34.2,1001.8,53.1
2022-08-28T12:00:00+00:00,33.4,1000.2,53.55
2022-08-28T15:00:00+00:00,31.2,1001.9,65.6
2022-08-28T18:00:00+00:00,30.0,1004.0,75.5
2022-08-28T21:00:00+00:00,29.2,1003.4,77.66
2022-08-29T00:00:00+00:00,28.2,1005.0,77.52
2022-08-29T03:00:00+00:00,28.6,1007.4,74.83
2022-08-29T06:00:00+00:00,31.4,1008.1,66.04
2022-08-29T09:00:00+00:00,34.0,1005.6,56.01
2022-08-29T12:00:00+00:00,35.0,1004.1,53.62
2022-08-29T15:00:00+00:00,28.2,1007.7,88.92
2022-08-29T18:00:00+00:00,26.6,1007.7,90.4
2022-08-29T21:00:00+00:00,26.0,1007.5,92.0
2022-08-30T00:00:00+00:00,27.8,1006.4,92.1
2022-08-30T03:00:00+00:00,29.0,1008.0,81.91
2022-08-30T06:00:00+00:00,34.0,1007.9,61.63
2022-08-30T09:00:00+00:00,30.6,1006.3,76.95
2022-08-30T12:00:00+00:00,33.4,1004.8,64.88
2022-08-30T15:00:00+00:00,30.4,1005.5,78.3
2022-08-30T18:00:00+00:00,29.6,1006.1,79.59
2022-08-30T21:00:00+00:00,28.8,1005.9,80.44
2022-08-31T00:00:00+00:00,27.6,1005.3,84.23
2022-08-31T03:00:00+00:00,29.0,1005.1,77.64
2022-08-31T06:00:00+00:00,34.6,1004.7,55.48
2022-08-31T09:00:00+00:00,37.0,1002.7,48.31
2022-08-31T12:00:00+00:00,36.4,1001.4,49.63
2022-08-31T15:00:00+00:00,32.0,1002.9,66.16
2022-08-31T18:00:00+00:00,30.0,1003.0,78.24
2022-08-31T21:00:00+00:00,28.8,1002.9,83.36
2022-09-01T00:00:00+00:00,28.2,1003.7,86.32
2022-09-01T06:00:00+00:00,35.0,1004.3,54.59
2022-09-01T09:00:00+00:00,36.6,1002.3,47.92
2022-09-01T12:00:00+00:00,34.8,1001.3,55.53
2022-09-01T15:00:00+00:00,32.2,1003.8,65.02
2022-09-01T18:00:00+00:00,31.0,1004.5,65.56
2022-09-01T21:00:00+00:00,29.8,1004.2,68.56
2022-09-02T00:00:00+00:00,29.0,1005.0,80.47
2022-09-02T03:00:00+00:00,29.6,1006.8,76.8
2022-09-02T06:00:00+00:00,33.8,1007.0,63.82
2022-09-02T09:00:00+00:00,28.0,1005.2,96.55
2022-09-02T12:00:00+00:00,34.0,1002.9,66.17
2022-09-02T21:00:00+00:00,29.0,1004.1,92.17
2022-09-03T00:00:00+00:00,28.4,1003.6,80.39
2022-09-03T03:00:00+00:00,29.2,1005.5,40.18
2022-09-03T06:00:00+00:00,34.6,1004.0,53.52
2022-09-03T09:00:00+00:00,35.8,1001.3,45.45
2022-09-03T12:00:00+00:00,35.2,999.2,52.71
2022-09-03T15:00:00+00:00,32.4,1000.3,66.63
2022-09-03T18:00:00+00:00,31.6,1000.6,68.49
2022-09-03T21:00:00+00:00,30.8,1000.2,71.69
2022-09-04T00:00:00+00:00,28.6,1001.1,81.87
2022-09-04T03:00:00+00:00,29.6,1002.7,68.52
2022-09-04T06:00:00+00:00,34.0,1002.6,52.73
2022-09-04T09:00:00+00:00,36.0,1000.0,45.5
2022-09-04T12:00:00+00:00,36.2,998.4,49.58
2022-09-04T15:00:00+00:00,33.2,1000.9,61.09
2022-09-04T18:00:00+00:00,31.0,1002.6,69.2
2022-09-04T21:00:00+00:00,29.8,1002.2,74.13
2022-09-05T00:00:00+00:00,28.0,1002.8,77.49
2022-09-05T03:00:00+00:00,29.4,1004.6,68.48
2022-09-05T06:00:00+00:00,34.2,1004.8,51.83
2022-09-05T09:00:00+00:00,36.6,1001.6,42.19
2022-09-05T12:00:00+00:00,35.8,1000.1,46.29
2022-09-05T15:00:00+00:00,31.6,1002.6,64.9
2022-09-05T18:00:00+00:00,29.6,1003.2,76.8
2022-09-05T21:00:00+00:00,28.8,1002.9,79.01
2022-09-06T00:00:00+00:00,27.8,1004.1,78.4
2022-09-06T03:00:00+00:00,28.8,1005.7,72.2
2022-09-06T06:00:00+00:00,33.8,1005.7,58.02
2022-09-06T09:00:00+00:00,35.4,1003.5,48.78
2022-09-06T12:00:00+00:00,35.2,1002.5,50.84
2022-09-06T15:00:00+00:00,31.6,1004.4,66.08
2022-09-06T18:00:00+00:00,30.0,1005.0,71.54
2022-09-06T21:00:00+00:00,29.0,1004.6,76.25
2022-09-07T00:00:00+00:00,27.4,1005.2,85.73
2022-09-07T03:00:00+00:00,29.2,1006.6,76.28
2022-09-07T06:00:00+00:00,34.8,1007.1,49.52
2022-09-07T09:00:00+00:00,36.4,1004.9,45.89
2022-09-07T12:00:00+00:00,35.4,1004.0,51.82
2022-09-07T15:00:00+00:00,32.2,1005.9,61.61
2022-09-07T18:00:00+00:00,31.4,1007.4,64.47
2022-09-07T21:00:00+00:00,30.6,1005.9,65.48
2022-09-08T00:00:00+00:00,28.0,1007.6,77.49
2022-09-08T03:00:00+00:00,30.0,1008.5,78.24
2022-09-08T06:00:00+00:00,34.8,1008.4,56.88
2022-09-08T09:00:00+00:00,36.2,1005.4,49.58
2022-09-08T12:00:00+00:00,35.2,1003.5,52.71
2022-09-08T15:00:00+00:00,32.0,1005.7,66.16
2022-09-08T18:00:00+00:00,30.8,1006.8,71.69
2022-09-08T21:00:00+00:00,29.6,1006.0,75.44
2022-09-09T00:00:00+00:00,27.6,1006.6,84.23
2022-09-09T03:00:00+00:00,30.2,1008.1,81.1
2022-09-09T06:00:00+00:00,34.8,1008.0,58.95
2022-09-09T09:00:00+00:00,36.4,1003.9,51.76
2022-09-09T12:00:00+00:00,36.2,1002.9,49.58
2022-09-09T15:00:00+00:00,32.2,1004.3,66.2
2022-09-09T18:00:00+00:00,31.0,1005.5,74.77
2022-09-09T21:00:00+00:00,29.8,1005.1,79.62
2022-09-10T00:00:00+00:00,29.0,1006.3,84.88
2022-09-10T03:00:00+00:00,30.0,1007.2,82.52
2022-09-10T06:00:00+00:00,34.8,1006.6,62.17
2022-09-10T09:00:00+00:00,35.8,1003.8,58.48
2022-09-10T12:00:00+00:00,34.6,1000.8,64.37
2022-09-10T15:00:00+00:00,31.2,1003.6,76.14
2022-09-10T18:00:00+00:00,30.2,1004.9,81.1
2022-09-10T21:00:00+00:00,29.0,1004.8,86.4
2022-09-11T00:00:00+00:00,28.2,1004.8,86.32
2022-09-11T03:00:00+00:00,29.4,1005.4,77.69
2022-09-11T06:00:00+00:00,34.0,1004.1,60.54
2022-09-11T09:00:00+00:00,35.6,1001.3,52.18
2022-09-11T12:00:00+00:00,35.4,999.3,57.02
2022-09-11T15:00:00+00:00,33.2,1000.3,69.61
2022-09-11T18:00:00+00:00,31.8,1002.3,73.58
2022-09-11T21:00:00+00:00,30.4,1001.8,78.3
2022-09-12T00:00:00+00:00,28.6,1002.1,78.98
2022-09-12T03:00:00+00:00,29.4,1003.4,77.69
2022-09-12T06:00:00+00:00,34.0,1002.5,59.47
2022-09-12T09:00:00+00:00,36.8,1000.2,50.03
2022-09-12T12:00:00+00:00,35.4,998.7,55.02
2022-09-12T15:00:00+00:00,31.8,1000.2,66.12
2022-09-12T18:00:00+00:00,30.4,1001.4,71.62
2022-09-12T21:00:00+00:00,26.2,1001.0,98.24
2022-09-13T00:00:00+00:00,25.6,1002.6,98.23
2022-09-13T03:00:00+00:00,27.6,1003.4,84.23
2022-09-13T06:00:00+00:00,32.8,1003.7,62.11
2022-09-13T09:00:00+00:00,34.2,1001.2,57.42
2022-09-13T12:00:00+00:00,33.6,1000.0,57.97
2022-09-13T15:00:00+00:00,30.0,1002.7,78.24
2022-09-13T18:00:00+00:00,29.0,1003.7,79.04
2022-09-13T21:00:00+00:00,28.2,1003.3,81.82
2022-09-14T00:00:00+00:00,27.8,1003.2,81.28
2022-09-14T03:00:00+00:00,28.4,1004.2,80.39
2022-09-14T06:00:00+00:00,31.6,1004.0,69.72
2022-09-14T12:00:00+00:00,27.6,1001.0,93.19
2022-09-14T15:00:00+00:00,27.4,1003.3,85.73
2022-09-14T18:00:00+00:00,26.2,1003.8,96.51
2022-09-14T21:00:00+00:00,25.8,1003.3,96.5
2022-09-15T00:00:00+00:00,25.8,1001.3,94.78
2022-09-15T03:00:00+00:00,27.2,1002.4,88.84
2022-09-15T06:00:00+00:00,30.0,1001.6,82.52
2022-09-15T09:00:00+00:00,28.4,1000.1,84.82
2022-09-15T12:00:00+00:00,26.2,999.6,87.18
2022-09-15T15:00:00+00:00,25.4,1000.8,96.48
2022-09-15T18:00:00+00:00,25.2,1001.2,96.48
2022-09-15T21:00:00+00:00,24.8,1001.0,96.47
2022-09-16T00:00:00+00:00,24.2,999.3,98.21
2022-09-16T03:00:00+00:00,24.0,1000.4,100.0
2022-09-16T06:00:00+00:00,25.0,1000.3,100.0
2022-09-16T09:00:00+00:00,25.4,998.2,94.77
2022-09-16T12:00:00+00:00,25.4,997.7,98.23
2022-09-16T15:00:00+00:00,25.4,998.5,100.0
2022-09-16T18:00:00+00:00,25.2,998.8,100.0
2022-09-16T21:00:00+00:00,24.8,999.0,100.0
2022-09-17T00:00:00+00:00,24.0,999.2,100.0
2022-09-17T03:00:00+00:00,25.6,1001.9,94.78
2022-09-17T06:00:00+00:00,30.5,1002.4,72.49
2022-09-17T09:00:00+00:00,33.2,1000.9,67.19
2022-09-17T12:00:00+00:00,32.6,1000.1,64.33
2022-09-17T15:00:00+00:00,30.2,1001.5,75.53
2022-09-17T18:00:00+00:00,28.0,1003.9,84.78
2022-09-17T21:00:00+00:00,26.4,1003.3,88.78
2022-09-18T00:00:00+00:00,25.0,1004.8,96.47
2022-09-18T03:00:00+00:00,26.2,1006.0,88.76
2022-09-18T06:00:00+00:00,31.7,1005.6,66.49
2022-09-18T09:00:00+00:00,33.8,1003.5,55.96
2022-09-18T12:00:00+00:00,32.6,1002.5,58.44
2022-09-18T15:00:00+00:00,29.6,1003.8,76.8
2022-09-18T18:00:00+00:00,27.8,1004.5,88.89
2022-09-18T21:00:00+00:00,26.8,1003.8,93.7
2022-09-19T00:00:00+00:00,26.2,1004.5,94.8
2022-09-19T03:00:00+00:00,28.2,1005.8,86.32
2022-09-19T06:00:00+00:00,31.4,1005.8,72.22
2022-09-19T09:00:00+00:00,32.8,1003.5,69.12
2022-09-19T12:00:00+00:00,29.0,1003.1,84.88
2022-09-19T15:00:00+00:00,27.6,1004.1,84.23
2022-09-19T18:00:00+00:00,27.2,1005.3,87.27
2022-09-19T21:00:00+00:00,26.4,1004.9,88.78
2022-09-20T00:00:00+00:00,25.8,1004.4,91.99
2022-09-20T03:00:00+00:00,27.0,1005.7,93.71
2022-09-20T06:00:00+00:00,30.8,1005.3,71.69
2022-09-20T09:00:00+00:00,33.6,1002.7,61.54
2022-09-20T12:00:00+00:00,30.4,1002.6,72.91
2022-09-20T15:00:00+00:00,27.6,1004.7,90.47
2022-09-20T18:00:00+00:00,27.0,1005.5,90.43
2022-09-20T21:00:00+00:00,26.2,1005.0,92.01
2022-09-21T00:00:00+00:00,26.0,1004.2,92.0
2022-09-21T03:00:00+00:00,27.8,1005.4,87.32
2022-09-21T06:00:00+00:00,32.2,1004.9,69.01
2022-09-21T09:00:00+00:00,25.6,1004.0,98.23
2022-09-21T12:00:00+00:00,26.7,1003.5,83.13
2022-09-21T15:00:00+00:00,26.4,1004.2,92.02
2022-09-21T18:00:00+00:00,25.2,1004.9,94.76
2022-09-21T21:00:00+00:00,24.4,1004.6,96.46
2022-09-22T00:00:00+00:00,24.7,1004.0,95.31
2022-09-22T03:00:00+00:00,25.4,1005.0,96.48
2022-09-22T06:00:00+00:00,27.7,1005.5,87.83
2022-09-22T09:00:00+00:00,25.2,1003.5,100.0
2022-09-22T12:00:00+00:00,25.0,1003.9,100.0
2022-09-22T15:00:00+00:00,25.0,1003.8,100.0
2022-09-22T18:00:00+00:00,25.5,1004.2,97.65
2022-09-22T21:00:00+00:00,25.0,1003.1,100.0
2022-09-23T00:00:00+00:00,24.2,1002.7,100.0
2022-09-23T03:00:00+00:00,24.6,1004.3,100.0
2022-09-23T06:00:00+00:00,25.2,1004.0,100.0
2022-09-23T09:00:00+00:00,26.8,1001.2,95.38
2022-09-23T12:00:00+00:00,24.6,1001.5,100.0
2022-09-23T15:00:00+00:00,25.2,1002.1,100.0
2022-09-23T21:00:00+00:00,24.6,1000.7,96.46
2022-09-24T00:00:00+00:00,24.2,1000.4,98.21
2022-09-24T03:00:00+00:00,25.0,1002.6,100.0
2022-09-24T06:00:00+00:00,25.6,1002.8,98.23
2022-09-24T09:00:00+00:00,25.8,1000.4,100.0
2022-09-24T12:00:00+00:00,25.5,999.7,99.41
2022-09-24T15:00:00+00:00,25.2,1000.8,100.0
2022-09-24T18:00:00+00:00,25.2,1001.5,98.23
2022-09-24T21:00:00+00:00,24.8,1000.3,98.22
2022-09-25T00:00:00+00:00,24.6,1000.9,98.22
2022-09-25T03:00:00+00:00,25.4,1004.1,93.08
2022-09-25T06:00:00+00:00,27.6,1005.9,81.25
2022-09-25T09:00:00+00:00,29.8,1004.3,66.11
2022-09-25T12:00:00+00:00,30.2,1004.0,71.58
2022-09-25T15:00:00+00:00,29.2,1005.9,79.54
2022-09-25T18:00:00+00:00,27.6,1007.0,87.3
2022-09-25T21:00:00+00:00,26.2,1006.8,94.8
2022-09-26T00:00:00+00:00,24.6,1007.3,98.22
2022-09-26T03:00:00+00:00,25.6,1009.5,98.23
2022-09-26T06:00:00+00:00,29.7,1009.5,74.56
2022-09-26T09:00:00+00:00,32.4,1006.6,62.77
2022-09-26T12:00:00+00:00,30.6,1005.4,71.65
2022-09-26T15:00:00+00:00,27.8,1007.3,87.32
2022-09-26T18:00:00+00:00,26.2,1007.5,92.01
2022-09-26T21:00:00+00:00,25.4,1007.3,94.77
2022-09-27T00:00:00+00:00,24.2,1006.6,96.45
2022-09-27T03:00:00+00:00,26.2,1007.8,90.38
2022-09-27T06:00:00+00:00,30.6,1007.3,67.89
2022-09-27T09:00:00+00:00,33.2,1004.9,55.48
2022-09-27T12:00:00+00:00,32.0,1004.4,62.68
2022-09-27T15:00:00+00:00,29.2,1005.6,77.66
2022-09-27T18:00:00+00:00,28.5,1006.2,79.92
2022-09-27T21:00:00+00:00,27.2,1005.9,84.19
2022-09-28T00:00:00+00:00,26.6,1005.3,87.21
2022-09-28T03:00:00+00:00,26.5,1006.4,88.26
2022-09-28T06:00:00+00:00,32.5,1006.1,58.06
2022-09-28T09:00:00+00:00,33.6,1003.7,53.6
2022-09-28T12:00:00+00:00,32.5,1003.0,56.67
2022-09-28T15:00:00+00:00,30.2,1004.1,70.3
2022-09-28T18:00:00+00:00,28.0,1004.8,81.79
2022-09-28T21:00:00+00:00,26.6,1004.5,88.8
2022-09-29T00:00:00+00:00,24.7,1005.5,93.61
2022-09-29T03:00:00+00:00,26.0,1006.6,87.16
2022-09-29T06:00:00+00:00,31.6,1006.2,61.1
2022-09-29T09:00:00+00:00,33.4,1003.7,51.31
2022-09-29T12:00:00+00:00,31.6,1002.9,57.5
2022-09-29T15:00:00+00:00,28.4,1004.2,73.01
2022-09-29T18:00:00+00:00,27.0,1005.4,84.17
2022-09-29T21:00:00+00:00,25.8,1004.8,90.35
2022-09-30T00:00:00+00:00,24.7,1006.1,93.61
2022-09-30T03:00:00+00:00,26.2,1007.2,92.01
2022-09-30T06:00:00+00:00,30.7,1006.5,72.1
2022-09-30T09:00:00+00:00,33.8,1003.7,54.96
2022-09-30T12:00:00+00:00,32.5,1002.8,60.21
2022-09-30T15:00:00+00:00,28.0,1004.7,81.79
2022-09-30T18:00:00+00:00,27.0,1005.1,85.7
2022-09-30T21:00:00+00:00,26.4,1004.7,87.2
2022-10-01T00:00:00+00:00,25.0,1005.0,94.75
2022-10-01T03:00:00+00:00,26.8,1006.7,88.81
2022-10-01T06:00:00+00:00,32.0,1005.2,60.09
2022-10-01T09:00:00+00:00,33.2,1002.8,50.02
2022-10-01T12:00:00+00:00,32.7,1002.2,51.14
2022-10-01T15:00:00+00:00,27.2,1003.4,81.2
2022-10-01T18:00:00+00:00,26.2,1003.7,87.18
2022-10-01T21:00:00+00:00,25.0,1003.4,94.75
2022-10-02T00:00:00+00:00,24.6,1004.4,93.04
2022-10-02T03:00:00+00:00,26.6,1006.4,81.13
2022-10-02T06:00:00+00:00,33.0,1005.9,52.16
2022-10-02T09:00:00+00:00,35.0,1003.6,40.74
2022-10-02T12:00:00+00:00,32.5,1002.9,49.54
2022-10-02T15:00:00+00:00,29.8,1004.8,63.36
2022-10-02T18:00:00+00:00,27.2,1005.2,76.9
2022-10-02T21:00:00+00:00,25.8,1004.8,84.04
2022-10-03T00:00:00+00:00,24.2,1005.1,86.47
2022-10-03T03:00:00+00:00,26.2,1006.5,73.53
2022-10-03T06:00:00+00:00,31.7,1007.0,52.48
2022-10-03T09:00:00+00:00,34.2,1004.6,42.85
2022-10-03T12:00:00+00:00,32.6,1004.2,47.47
2022-10-03T15:00:00+00:00,28.6,1006.0,67.91
2022-10-03T18:00:00+00:00,27.0,1007.0,75.48
2022-10-04T00:00:00+00:00,23.8,1007.3,84.85
2022-10-04T03:00:00+00:00,25.4,1009.2,80.48
2022-10-04T06:00:00+00:00,32.2,1008.4,60.5
2022-10-04T09:00:00+00:00,34.0,1005.7,52.73
2022-10-04T12:00:00+00:00,33.2,1004.8,53.17
2022-10-04T15:00:00+00:00,28.8,1007.5,76.22
2022-10-04T18:00:00+00:00,27.0,1008.2,85.7
2022-10-04T21:00:00+00:00,25.6,1007.5,91.43
2022-10-05T00:00:00+00:00,25.0,1006.7,93.06
2022-10-05T03:00:00+00:00,27.2,1008.1,82.68
2022-10-05T06:00:00+00:00,32.6,1007.3,63.19
2022-10-05T09:00:00+00:00,33.4,1003.9,56.89
2022-10-05T12:00:00+00:00,30.0,1004.0,69.01
2022-10-05T15:00:00+00:00,28.2,1006.5,70.36
2022-10-05T18:00:00+00:00,27.0,1008.1,75.48
2022-10-05T21:00:00+00:00,26.2,1007.6,77.7
2022-10-06T00:00:00+00:00,24.8,1007.9,86.52
2022-10-06T03:00:00+00:00,25.4,1009.2,83.48
2022-10-06T06:00:00+00:00,27.0,1009.3,75.48
2022-10-06T09:00:00+00:00,30.0,1006.8,67.36
2022-10-06T12:00:00+00:00,29.6,1006.0,71.05
2022-10-06T15:00:00+00:00,26.8,1008.3,81.15
2022-10-06T18:00:00+00:00,24.8,1009.8,83.41
2022-10-06T21:00:00+00:00,24.0,1009.2,88.05
2022-10-07T00:00:00+00:00,23.2,1008.9,98.2
2022-10-07T03:00:00+00:00,24.2,1009.8,89.69
2022-10-07T06:00:00+00:00,26.4,1009.6,81.1
2022-10-07T09:00:00+00:00,26.2,1008.2,82.57
2022-10-07T12:00:00+00:00,25.0,1006.8,97.05
2022-10-07T15:00:00+00:00,24.6,1008.9,94.74
2022-10-07T18:00:00+00:00,24.4,1010.3,93.03
2022-10-07T21:00:00+00:00,24.0,1009.9,93.01
2022-10-08T00:00:00+00:00,22.4,1009.9,100.0
2022-10-08T03:00:00+00:00,22.4,1011.3,100.0
2022-10-08T06:00:00+00:00,23.0,1011.8,100.0
2022-10-08T09:00:00+00:00,23.2,1009.0,100.0
2022-10-08T12:00:00+00:00,22.6,1008.1,100.0
2022-10-08T15:00:00+00:00,22.2,1010.0,100.0
2022-10-08T18:00:00+00:00,22.0,1009.7,100.0
2022-10-08T21:00:00+00:00,21.6,1009.2,100.0
2022-10-09T00:00:00+00:00,21.2,1008.2,98.17
2022-10-09T03:00:00+00:00,21.6,1010.0,100.0
2022-10-09T06:00:00+00:00,23.2,1010.0,98.2
2022-10-09T09:00:00+00:00,24.0,1008.1,100.0
2022-10-09T12:00:00+00:00,22.4,1008.6,100.0
2022-10-09T15:00:00+00:00,21.8,1010.3,100.0
2022-10-09T18:00:00+00:00,21.8,1010.8,100.0
2022-10-09T21:00:00+00:00,21.8,1010.8,100.0
2022-10-10T00:00:00+00:00,20.2,1010.4,100.0
2022-10-10T03:00:00+00:00,21.0,1012.0,100.0
2022-10-10T06:00:00+00:00,22.4,1012.4,97.0
2022-10-10T09:00:00+00:00,23.4,1010.3,96.43
2022-10-10T12:00:00+00:00,23.0,1009.8,96.42
2022-10-10T15:00:00+00:00,22.4,1010.2,100.0
2022-10-10T18:00:00+00:00,22.4,1010.5,100.0
2022-10-10T21:00:00+00:00,22.0,1009.8,98.18
2022-10-11T00:00:00+00:00,21.4,1010.3,96.38
2022-10-11T03:00:00+00:00,22.0,1010.0,100.0
2022-10-11T06:00:00+00:00,26.0,1010.5,92.0
2022-10-11T09:00:00+00:00,28.6,1007.7,77.58
2022-10-11T12:00:00+00:00,28.0,1007.0,80.34
2022-10-11T15:00:00+00:00,25.4,1008.9,88.17
2022-10-11T18:00:00+00:00,24.6,1009.5,94.74
2022-10-11T21:00:00+00:00,23.8,1009.1,98.21
2022-10-12T00:00:00+00:00,22.6,1010.4,98.19
2022-10-12T03:00:00+00:00,22.6,1012.1,100.0
2022-10-12T06:00:00+00:00,27.2,1012.3,79.75
2022-10-12T09:00:00+00:00,29.0,1009.4,65.55
2022-10-12T12:00:00+00:00,28.8,1008.1,69.2
2022-10-12T15:00:00+00:00,25.0,1009.7,84.98
2022-10-12T18:00:00+00:00,23.0,1010.8,91.27
2022-10-12T21:00:00+00:00,22.0,1010.2,94.64
2022-10-13T00:00:00+00:00,20.0,1011.1,96.34
2022-10-13T03:00:00+00:00,22.4,1012.8,87.37
2022-10-13T06:00:00+00:00,27.6,1013.2,63.27
2022-10-13T09:00:00+00:00,30.2,1010.2,54.08
2022-10-13T12:00:00+00:00,29.0,1009.7,55.49
2022-10-13T15:00:00+00:00,25.2,1011.3,77.55
2022-10-13T18:00:00+00:00,23.6,1011.7,86.41
2022-10-13T21:00:00+00:00,22.4,1011.4,91.23
2022-10-14T03:00:00+00:00,22.8,1013.1,84.22
2022-10-14T06:00:00+00:00,29.2,1012.0,56.93
2022-10-14T09:00:00+00:00,31.2,1009.2,47.99
2022-10-14T12:00:00+00:00,29.8,1009.2,55.0
2022-10-14T15:00:00+00:00,24.8,1010.5,77.01
2022-10-14T18:00:00+00:00,24.0,1011.0,81.3
2022-10-14T21:00:00+00:00,23.2,1010.7,84.27
2022-10-15T00:00:00+00:00,21.0,1011.0,88.9
2022-10-15T06:00:00+00:00,29.4,1010.8,56.98
2022-10-15T09:00:00+00:00,31.2,1008.6,47.99
2022-10-15T12:00:00+00:00,30.0,1008.9,56.08
2022-10-15T15:00:00+00:00,23.8,1010.8,82.79
2022-10-15T18:00:00+00:00,22.8,1011.4,89.59
2022-10-15T21:00:00+00:00,21.8,1011.2,91.19
2022-10-16T00:00:00+00:00,20.6,1012.2,94.58
2022-10-16T03:00:00+00:00,20.6,1014.6,91.11
2022-10-16T06:00:00+00:00,28.4,1014.4,62.28
2022-10-16T09:00:00+00:00,31.6,1011.9,46.33
2022-10-16T12:00:00+00:00,30.2,1011.8,60.05
2022-10-16T15:00:00+00:00,23.8,1013.4,81.27
2022-10-16T18:00:00+00:00,21.6,1013.7,91.18
2022-10-17T06:00:00+00:00,29.0,1014.5,57.96
2022-10-17T09:00:00+00:00,31.8,1011.1,42.21
2022-10-17T12:00:00+00:00,31.0,1010.1,44.73
2022-10-17T15:00:00+00:00,25.6,1011.4,79.05
2022-10-17T18:00:00+00:00,23.4,1011.7,86.39
2022-10-17T21:00:00+00:00,21.6,1011.6,91.18
2022-10-18T03:00:00+00:00,20.6,1013.3,85.05
2022-10-18T06:00:00+00:00,30.2,1011.8,47.13
2022-10-18T09:00:00+00:00,31.8,1009.7,39.11
2022-10-18T12:00:00+00:00,31.2,1008.5,47.99
2022-10-18T15:00:00+00:00,26.0,1010.4,76.25
2022-10-18T18:00:00+00:00,22.0,1011.3,85.72
2022-10-18T21:00:00+00:00,20.8,1011.0,90.56
2022-10-19T00:00:00+00:00,18.8,1011.0,92.15
2022-10-19T03:00:00+00:00,20.2,1012.7,88.83
2022-10-19T06:00:00+00:00,31.0,1012.6,42.52
2022-10-19T09:00:00+00:00,33.2,1009.5,35.91
2022-10-19T12:00:00+00:00,32.4,1008.4,40.8
2022-10-19T15:00:00+00:00,25.8,1010.7,70.35
2022-10-19T18:00:00+00:00,23.0,1010.8,85.82
2022-10-19T21:00:00+00:00,20.6,1010.5,91.11
2022-10-20T00:00:00+00:00,18.6,1010.9,93.91
2022-10-20T03:00:00+00:00,19.4,1013.9,88.21
2022-10-20T06:00:00+00:00,28.2,1013.9,46.0
2022-10-20T09:00:00+00:00,33.8,1011.1,38.43
2022-10-20T12:00:00+00:00,29.8,1011.7,56.03
2022-10-20T15:00:00+00:00,24.2,1014.0,81.32
2022-10-20T18:00:00+00:00,22.6,1014.6,87.39
2022-10-20T21:00:00+00:00,21.4,1014.3,94.61
2022-10-21T03:00:00+00:00,21.4,1016.5,90.6
2022-10-21T06:00:00+00:00,29.2,1016.1,43.68
2022-10-21T09:00:00+00:00,32.6,1013.5,31.2
2022-10-21T12:00:00+00:00,30.8,1012.9,43.29
2022-10-21T15:00:00+00:00,25.4,1014.9,77.58
2022-10-21T18:00:00+00:00,24.2,1015.9,81.32
2022-10-21T21:00:00+00:00,23.4,1015.4,84.29
2022-10-22T00:00:00+00:00,20.6,1016.1,91.11
2022-10-22T03:00:00+00:00,21.0,1017.7,83.5
2022-10-22T06:00:00+00:00,28.4,1017.3,53.63
2022-10-22T09:00:00+00:00,31.2,1014.1,40.47
2022-10-22T12:00:00+00:00,29.2,1013.7,42.58
2022-10-22T15:00:00+00:00,25.0,1015.7,68.04
2022-10-22T18:00:00+00:00,22.0,1015.9,75.62
2022-10-22T21:00:00+00:00,20.0,1015.7,86.61
2022-10-23T00:00:00+00:00,16.8,1015.9,89.7
2022-10-23T03:00:00+00:00,19.0,1017.0,77.1
2022-10-23T06:00:00+00:00,28.0,1016.4,51.87
2022-10-23T09:00:00+00:00,30.2,1013.6,42.58
2022-10-23T12:00:00+00:00,29.6,1012.9,44.07
2022-10-23T15:00:00+00:00,23.6,1014.1,76.35
2022-10-23T18:00:00+00:00,21.0,1013.7,88.9
2022-10-23T21:00:00+00:00,19.2,1013.2,88.19
2022-10-24T00:00:00+00:00,17.4,1012.1,91.49
2022-10-24T03:00:00+00:00,18.8,1013.0,82.71
2022-10-24T06:00:00+00:00,27.4,1011.5,52.71
2022-10-24T09:00:00+00:00,30.6,1007.8,36.59
2022-10-24T12:00:00+00:00,28.8,1007.2,51.42
2022-10-24T15:00:00+00:00,21.4,1008.3,78.45
2022-10-24T18:00:00+00:00,20.2,1007.9,81.32
2022-10-24T21:00:00+00:00,18.6,1007.7,88.14
2022-10-25T00:00:00+00:00,16.6,1007.4,91.44
2022-10-25T03:00:00+00:00,19.2,1008.9,64.71
2022-10-25T06:00:00+00:00,26.6,1009.3,44.11
2022-10-25T09:00:00+00:00,30.0,1007.1,35.95
2022-10-25T12:00:00+00:00,28.0,1007.7,49.3
2022-10-25T15:00:00+00:00,23.2,1009.6,74.87
2022-10-25T18:00:00+00:00,21.6,1010.7,80.48
2022-10-25T21:00:00+00:00,20.4,1010.1,87.19
2022-10-26T00:00:00+00:00,16.8,1011.4,93.82
2022-10-26T03:00:00+00:00,18.4,1014.0,89.82
2022-10-26T06:00:00+00:00,28.0,1013.7,51.87
2022-10-26T09:00:00+00:00,31.4,1011.2,36.57
2022-10-26T12:00:00+00:00,29.0,1011.4,52.78
2022-10-26T15:00:00+00:00,22.0,1013.4,85.72
2022-10-26T18:00:00+00:00,20.4,1013.2,92.25
2022-10-26T21:00:00+00:00,18.8,1012.8,90.42
2022-10-27T00:00:00+00:00,17.0,1012.3,95.65
2022-10-27T03:00:00+00:00,18.8,1013.9,84.32
2022-10-27T06:00:00+00:00,29.0,1013.1,48.01
2022-10-27T09:00:00+00:00,30.8,1010.9,39.08
2022-10-27T12:00:00+00:00,30.6,1010.7,37.79
2022-10-27T15:00:00+00:00,21.8,1012.2,85.7
2022-10-27T18:00:00+00:00,19.8,1012.9,90.49
2022-10-27T21:00:00+00:00,18.2,1012.5,92.12
2022-10-28T00:00:00+00:00,16.8,1011.9,98.11
2022-10-28T03:00:00+00:00,18.4,1014.1,89.82
2022-10-28T06:00:00+00:00,27.6,1013.8,50.14
2022-10-28T09:00:00+00:00,30.0,1011.2,47.97
2022-10-28T12:00:00+00:00,27.6,1011.0,68.55
2022-10-28T15:00:00+00:00,22.2,1012.5,87.35
2022-10-28T18:00:00+00:00,20.2,1013.1,92.23
2022-10-28T21:00:00+00:00,18.8,1012.7,93.92
2022-10-29T00:00:00+00:00,17.6,1012.9,98.12
2022-10-29T03:00:00+00:00,18.8,1015.0,95.71
2022-10-29T09:00:00+00:00,30.6,1012.2,40.82
2022-10-29T12:00:00+00:00,27.4,1012.2,62.84
2022-10-29T15:00:00+00:00,23.2,1014.4,76.29
2022-10-29T18:00:00+00:00,20.8,1015.1,88.88
2022-10-29T21:00:00+00:00,19.2,1014.5,92.18
2022-10-30T00:00:00+00:00,17.4,1012.9,95.66
2022-10-30T03:00:00+00:00,18.0,1015.5,70.69
2022-10-30T06:00:00+00:00,26.8,1014.7,45.62
2022-10-30T09:00:00+00:00,30.2,1011.7,43.68
2022-10-30T12:00:00+00:00,28.0,1011.8,64.94
2022-10-30T15:00:00+00:00,21.8,1013.6,85.7
2022-10-30T18:00:00+00:00,19.6,1014.0,90.48
2022-10-30T21:00:00+00:00,18.2,1013.1,93.89
2022-10-31T00:00:00+00:00,17.2,1013.7,95.65
2022-10-31T03:00:00+00:00,18.4,1015.5,89.82
2022-10-31T06:00:00+00:00,27.4,1014.6,53.72
2022-10-31T09:00:00+00:00,30.2,1011.9,43.68
2022-10-31T12:00:00+00:00,28.6,1011.4,62.71
2022-10-31T15:00:00+00:00,21.6,1013.5,91.18
2022-10-31T18:00:00+00:00,19.8,1013.8,92.21
2022-10-31T21:00:00+00:00,18.0,1011.8,95.68
2022-11-01T00:00:00+00:00,17.6,1013.1,95.67
2022-11-01T03:00:00+00:00,18.2,1015.8,93.89
2022-11-01T06:00:00+00:00,27.2,1014.6,64.37
2022-11-01T09:00:00+00:00,32.2,1011.6,39.72
2022-11-01T12:00:00+00:00,28.4,1011.6,62.28
2022-11-01T15:00:00+00:00,22.2,1013.5,85.74
2022-11-01T18:00:00+00:00,20.6,1014.2,88.86
2022-11-01T21:00:00+00:00,19.0,1013.0,93.92
2022-11-02T00:00:00+00:00,17.8,1012.8,95.67
2022-11-02T03:00:00+00:00,19.2,1014.2,84.36
2022-11-02T06:00:00+00:00,28.0,1012.4,50.57
2022-11-02T09:00:00+00:00,30.2,1009.2,45.95
2022-11-02T12:00:00+00:00,28.0,1009.2,60.67
2022-11-02T15:00:00+00:00,23.2,1010.8,86.37
2022-11-02T18:00:00+00:00,21.4,1011.4,90.6
2022-11-02T21:00:00+00:00,19.2,1011.1,92.18
2022-11-03T00:00:00+00:00,17.4,1011.5,98.12
2022-11-03T03:00:00+00:00,18.4,1013.3,93.9
2022-11-03T06:00:00+00:00,27.4,1012.4,57.58
2022-11-03T09:00:00+00:00,30.6,1009.1,46.35
2022-11-03T12:00:00+00:00,27.8,1009.5,66.11
2022-11-03T15:00:00+00:00,21.2,1011.5,85.64
2022-11-03T18:00:00+00:00,20.0,1012.2,90.51
2022-11-03T21:00:00+00:00,18.8,1011.7,92.15
2022-11-04T00:00:00+00:00,18.4,1012.2,96.3
2022-11-04T03:00:00+00:00,19.0,1013.9,92.17
2022-11-04T06:00:00+00:00,28.0,1013.6,53.19
2022-11-04T09:00:00+00:00,30.2,1011.0,52.75
2022-11-04T12:00:00+00:00,28.4,1010.9,70.4
2022-11-04T15:00:00+00:00,22.4,1013.7,84.18
2022-11-04T18:00:00+00:00,20.2,1014.1,94.57
2022-11-04T21:00:00+00:00,19.0,1013.6,96.31
2022-11-05T00:00:00+00:00,18.4,1014.1,98.13
2022-11-05T06:00:00+00:00,27.0,1016.3,69.71
2022-11-05T09:00:00+00:00,30.0,1013.5,58.55
2022-11-05T12:00:00+00:00,28.2,1013.3,72.97
2022-11-05T15:00:00+00:00,23.8,1014.9,82.79
2022-11-05T18:00:00+00:00,21.4,1015.6,90.6
2022-11-05T21:00:00+00:00,20.0,1014.9,93.97
2022-11-06T00:00:00+00:00,19.4,1015.7,93.94
2022-11-06T03:00:00+00:00,21.6,1017.1,91.18
2022-11-06T06:00:00+00:00,28.4,1016.4,60.01
2022-11-06T09:00:00+00:00,31.2,1012.9,53.66
2022-11-06T12:00:00+00:00,28.6,1012.8,67.91
2022-11-06T15:00:00+00:00,24.6,1014.3,76.98
2022-11-06T18:00:00+00:00,23.2,1014.6,82.72
2022-11-06T21:00:00+00:00,21.4,1014.1,92.88
2022-11-07T00:00:00+00:00,19.6,1014.0,96.33
2022-11-07T03:00:00+00:00,20.4,1015.7,96.35
2022-11-07T06:00:00+00:00,29.4,1015.0,55.58
2022-11-07T09:00:00+00:00,32.0,1012.2,38.42
2022-11-07T12:00:00+00:00,30.2,1011.3,54.08
2022-11-07T15:00:00+00:00,23.6,1013.3,74.94
2022-11-07T18:00:00+00:00,21.8,1014.0,84.11
2022-11-07T21:00:00+00:00,20.4,1013.5,90.53
2022-11-08T00:00:00+00:00,19.0,1014.6,93.92
2022-11-08T03:00:00+00:00,19.8,1015.8,92.21
2022-11-08T06:00:00+00:00,27.2,1016.3,65.58
2022-11-08T09:00:00+00:00,27.6,1013.8,49.51
2022-11-08T12:00:00+00:00,27.2,1013.0,71.04
2022-11-08T15:00:00+00:00,22.8,1015.0,77.67
2022-11-08T18:00:00+00:00,21.4,1015.7,75.05
2022-11-08T21:00:00+00:00,20.6,1013.7,78.33
2022-11-09T00:00:00+00:00,19.0,1014.8,86.51
2022-11-09T03:00:00+00:00,20.4,1016.7,79.81
2022-11-09T06:00:00+00:00,27.4,1016.1,52.71
2022-11-09T09:00:00+00:00,29.6,1013.5,45.21
2022-11-09T12:00:00+00:00,26.2,1013.0,63.36
2022-11-09T15:00:00+00:00,21.2,1015.1,83.52
2022-11-09T18:00:00+00:00,19.6,1016.1,92.2
2022-11-09T21:00:00+00:00,18.2,1014.7,93.89
2022-11-10T00:00:00+00:00,18.8,1016.1,90.42
2022-11-10T03:00:00+00:00,21.0,1017.9,81.94
2022-11-10T06:00:00+00:00,27.2,1017.1,60.11
2022-11-10T09:00:00+00:00,28.8,1014.4,49.19
2022-11-10T12:00:00+00:00,26.0,1014.3,61.75
2022-11-10T15:00:00+00:00,23.0,1016.1,74.37
2022-11-10T18:00:00+00:00,21.6,1017.1,80.48
2022-11-10T21:00:00+00:00,19.8,1016.7,88.8
2022-11-11T00:00:00+00:00,18.4,1016.2,93.9
2022-11-11T03:00:00+00:00,18.8,1018.0,79.08
2022-11-11T06:00:00+00:00,26.0,1017.5,47.21
2022-11-11T09:00:00+00:00,28.0,1014.9,38.81
2022-11-11T12:00:00+00:00,26.6,1014.0,46.46
2022-11-11T15:00:00+00:00,19.0,1016.0,75.13
2022-11-11T18:00:00+00:00,17.6,1016.8,82.04
2022-11-11T21:00:00+00:00,16.8,1016.2,84.64
2022-11-12T00:00:00+00:00,15.2,1015.9,93.14
2022-11-12T03:00:00+00:00,17.0,1017.6,75.79
2022-11-12T06:00:00+00:00,25.0,1017.2,44.54
2022-11-12T09:00:00+00:00,27.4,1014.5,37.89
2022-11-12T12:00:00+00:00,26.2,1014.1,39.87
2022-11-12T15:00:00+00:00,17.8,1016.2,76.41
2022-11-12T18:00:00+00:00,15.8,1016.3,80.74
2022-11-12T21:00:00+00:00,14.6,1015.2,88.95
2022-11-13T00:00:00+00:00,14.0,1014.5,90.67
2022-11-13T03:00:00+00:00,15.8,1016.1,82.89
2022-11-13T06:00:00+00:00,24.6,1015.9,51.99
2022-11-13T09:00:00+00:00,27.4,1012.9,36.9
2022-11-13T12:00:00+00:00,24.2,1012.5,56.08
2022-11-13T15:00:00+00:00,18.2,1014.8,80.54
2022-11-13T18:00:00+00:00,16.2,1015.1,89.66
2022-11-13T21:00:00+00:00,15.0,1014.5,91.34
2022-11-14T00:00:00+00:00,16.0,1015.2,91.4
2022-11-14T03:00:00+00:00,18.8,1016.9,86.49
2022-11-14T06:00:00+00:00,28.4,1015.8,41.54
2022-11-14T09:00:00+00:00,30.2,1014.1,34.17
2022-11-14T12:00:00+00:00,27.2,1013.2,60.11
2022-11-14T15:00:00+00:00,22.4,1015.4,74.27
2022-11-14T18:00:00+00:00,20.4,1016.2,79.81
2022-11-14T21:00:00+00:00,18.6,1016.0,88.14
2022-11-15T00:00:00+00:00,17.4,1015.2,91.49
2022-11-15T03:00:00+00:00,18.4,1016.7,85.9
2022-11-15T06:00:00+00:00,25.6,1016.4,50.59
2022-11-15T09:00:00+00:00,29.0,1013.3,38.84
2022-11-15T12:00:00+00:00,25.2,1013.1,58.15
2022-11-15T15:00:00+00:00,19.0,1014.0,84.34
2022-11-15T18:00:00+00:00,18.0,1013.7,85.86
2022-11-15T21:00:00+00:00,16.6,1013.5,91.44
2022-11-16T00:00:00+00:00,15.0,1013.7,93.13
2022-11-16T03:00:00+00:00,18.0,1015.6,80.51
2022-11-16T06:00:00+00:00,24.6,1015.2,40.22
2022-11-16T09:00:00+00:00,26.8,1012.6,31.26
2022-11-16T12:00:00+00:00,25.4,1013.0,30.24
2022-11-16T15:00:00+00:00,16.8,1015.0,73.79
2022-11-16T18:00:00+00:00,14.8,1015.2,80.61
2022-11-16T21:00:00+00:00,14.0,1013.6,84.33
2022-11-17T00:00:00+00:00,13.8,1014.0,82.1
2022-11-17T03:00:00+00:00,15.2,1015.8,72.53
2022-11-17T06:00:00+00:00,21.8,1015.3,54.75
2022-11-17T09:00:00+00:00,25.2,1012.8,40.92
2022-11-17T12:00:00+00:00,21.8,1012.9,53.33
2022-11-17T15:00:00+00:00,16.4,1014.7,75.19
2022-11-17T18:00:00+00:00,14.4,1015.2,86.63
2022-11-17T21:00:00+00:00,13.8,1013.9,90.66
2022-11-18T00:00:00+00:00,11.6,1015.3,92.34
2022-11-18T03:00:00+00:00,13.6,1017.4,79.38
2022-11-18T06:00:00+00:00,23.4,1016.7,44.99
2022-11-18T09:00:00+00:00,25.4,1013.9,36.34
2022-11-18T12:00:00+00:00,23.2,1013.9,51.96
2022-11-18T15:00:00+00:00,17.6,1016.4,72.49
2022-11-18T18:00:00+00:00,15.4,1017.3,80.69
2022-11-18T21:00:00+00:00,13.6,1016.2,86.55
2022-11-19T00:00:00+00:00,11.8,1017.1,90.52
2022-11-19T03:00:00+00:00,12.4,1018.2,83.59
2022-11-19T06:00:00+00:00,23.6,1017.6,43.86
2022-11-19T09:00:00+00:00,26.0,1014.3,36.02
2022-11-19T12:00:00+00:00,22.8,1013.6,52.89
2022-11-19T15:00:00+00:00,16.0,1015.0,81.3
2022-11-19T18:00:00+00:00,14.6,1015.5,88.95
2022-11-19T21:00:00+00:00,13.0,1015.0,90.6
2022-11-20T00:00:00+00:00,11.6,1015.3,89.9
2022-11-20T03:00:00+00:00,13.4,1016.0,79.35
2022-11-20T06:00:00+00:00,24.4,1015.7,41.25
2022-11-20T09:00:00+00:00,26.0,1012.9,36.02
2022-11-20T12:00:00+00:00,23.4,1012.6,52.02
2022-11-20T15:00:00+00:00,16.4,1014.4,81.35
2022-11-20T18:00:00+00:00,13.8,1014.7,88.3
2022-11-20T21:00:00+00:00,12.6,1014.0,90.58
2022-11-21T00:00:00+00:00,11.6,1013.6,92.34
2022-11-21T03:00:00+00:00,12.6,1015.6,85.88
2022-11-21T06:00:00+00:00,23.4,1014.8,42.37
2022-11-21T09:00:00+00:00,26.2,1012.2,36.32
2022-11-21T12:00:00+00:00,22.6,1012.0,58.65
2022-11-21T15:00:00+00:00,16.2,1013.8,81.33
2022-11-21T18:00:00+00:00,13.6,1014.2,88.29
2022-11-21T21:00:00+00:00,12.2,1013.7,90.55
2022-11-22T00:00:00+00:00,13.0,1013.2,74.62
2022-11-22T03:00:00+00:00,15.2,1015.3,71.57
2022-11-22T06:00:00+00:00,23.4,1014.8,43.81
2022-11-22T09:00:00+00:00,26.2,1012.2,32.61
2022-11-22T12:00:00+00:00,23.2,1012.1,50.62
2022-11-22T15:00:00+00:00,18.2,1013.8,65.79
2022-11-22T18:00:00+00:00,15.4,1014.9,78.59
2022-11-22T21:00:00+00:00,13.6,1014.4,84.28
2022-11-23T00:00:00+00:00,10.8,1014.2,89.84
2022-11-23T03:00:00+00:00,12.2,1015.4,78.64
2022-11-23T06:00:00+00:00,23.0,1014.6,43.11
2022-11-23T09:00:00+00:00,26.4,1012.3,28.9
2022-11-23T12:00:00+00:00,23.8,1012.2,41.63
2022-11-23T15:00:00+00:00,15.0,1013.8,74.46
2022-11-23T18:00:00+00:00,13.6,1014.4,77.28
2022-11-23T21:00:00+00:00,12.0,1013.8,85.24
2022-11-24T00:00:00+00:00,10.2,1013.6,89.8
2022-11-24T03:00:00+00:00,11.8,1014.7,75.95
2022-11-24T06:00:00+00:00,23.8,1014.5,43.05
2022-11-24T09:00:00+00:00,26.6,1012.2,33.39
2022-11-24T12:00:00+00:00,24.4,1011.7,41.25
2022-11-24T15:00:00+00:00,15.4,1014.5,82.84
2022-11-24T18:00:00+00:00,13.2,1015.9,88.25
2022-11-24T21:00:00+00:00,11.8,1015.9,90.52
2022-11-25T00:00:00+00:00,10.0,1016.4,94.77
2022-11-25T03:00:00+00:00,10.0,1018.9,92.24
2022-11-25T06:00:00+00:00,21.4,1017.9,49.48
2022-11-25T09:00:00+00:00,26.8,1014.7,30.22
2022-11-25T12:00:00+00:00,22.2,1014.4,58.18
2022-11-25T15:00:00+00:00,15.2,1016.0,80.66
2022-11-25T18:00:00+00:00,12.8,1015.7,85.9
2022-11-25T21:00:00+00:00,11.5,1015.1,89.29
2022-11-26T00:00:00+00:00,10.0,1013.9,94.77
2022-11-26T03:00:00+00:00,11.2,1014.7,89.87
2022-11-26T06:00:00+00:00,22.8,1014.6,48.55
2022-11-26T09:00:00+00:00,26.0,1011.5,36.02
2022-11-26T12:00:00+00:00,23.4,1010.2,56.61
2022-11-26T15:00:00+00:00,17.6,1011.7,83.64
2022-11-26T21:00:00+00:00,13.0,1011.4,93.03
2022-11-27T00:00:00+00:00,10.4,1011.7,97.36
2022-11-27T03:00:00+00:00,11.0,1013.1,92.3
2022-11-27T06:00:00+00:00,23.2,1012.2,46.15
2022-11-27T09:00:00+00:00,27.2,1009.5,33.11
2022-11-27T12:00:00+00:00,23.0,1009.1,52.94
2022-11-27T15:00:00+00:00,14.4,1010.8,84.37
2022-11-27T18:00:00+00:00,13.2,1011.2,88.25
2022-11-27T21:00:00+00:00,12.0,1011.0,90.53
2022-11-28T00:00:00+00:00,9.8,1011.6,94.76
2022-11-28T03:00:00+00:00,11.4,1013.8,85.18
2022-11-28T06:00:00+00:00,23.8,1014.0,46.93
2022-11-28T09:00:00+00:00,25.8,1011.7,39.23
2022-11-28T12:00:00+00:00,23.2,1011.6,37.98
2022-11-28T15:00:00+00:00,14.6,1014.2,84.4
2022-11-28T18:00:00+00:00,12.2,1015.0,88.16
2022-11-28T21:00:00+00:00,10.6,1014.5,92.28
2022-11-29T00:00:00+00:00,9.2,1015.0,94.74
2022-11-29T03:00:00+00:00,9.4,1016.9,97.34
2022-11-29T06:00:00+00:00,20.8,1016.3,61.35
2022-11-29T09:00:00+00:00,25.2,1013.6,40.92
2022-11-29T12:00:00+00:00,21.6,1013.6,68.67
2022-11-29T15:00:00+00:00,15.8,1015.5,85.08
2022-11-29T18:00:00+00:00,13.2,1016.2,93.04
2022-11-29T21:00:00+00:00,11.6,1015.5,94.83
2022-11-30T00:00:00+00:00,10.6,1015.9,94.79
2022-11-30T03:00:00+00:00,10.8,1018.2,97.37
2022-11-30T06:00:00+00:00,22.0,1017.3,53.38
2022-11-30T09:00:00+00:00,25.6,1014.7,40.77
2022-11-30T12:00:00+00:00,20.4,1014.6,74.41
2022-11-30T15:00:00+00:00,16.2,1016.4,83.48
2022-11-30T18:00:00+00:00,14.4,1016.8,86.63
2022-11-30T21:00:00+00:00,12.4,1015.9,93.0
2022-12-01T00:00:00+00:00,10.2,1016.0,97.36
2022-12-01T03:00:00+00:00,12.0,1016.8,80.77
2022-12-01T06:00:00+00:00,22.0,1015.9,56.63
2022-12-01T09:00:00+00:00,25.2,1012.7,42.3
2022-12-01T12:00:00+00:00,22.0,1012.5,65.73
2022-12-01T15:00:00+00:00,15.4,1015.0,85.04
2022-12-01T18:00:00+00:00,13.0,1014.8,90.6
2022-12-01T21:00:00+00:00,11.2,1014.3,92.31
2022-12-02T00:00:00+00:00,10.0,1014.1,97.35
2022-12-02T03:00:00+00:00,11.6,1015.9,87.52
2022-12-02T06:00:00+00:00,23.2,1015.2,54.75
2022-12-02T09:00:00+00:00,26.4,1012.1,43.77
2022-12-02T12:00:00+00:00,21.6,1011.4,68.67
2022-12-02T15:00:00+00:00,15.4,1014.7,82.84
2022-12-02T18:00:00+00:00,13.2,1014.7,90.62
2022-12-02T21:00:00+00:00,11.2,1014.5,94.82
2022-12-03T00:00:00+00:00,10.4,1014.5,97.36
2022-12-03T03:00:00+00:00,10.6,1016.5,94.79
2022-12-03T06:00:00+00:00,21.4,1016.2,65.19
2022-12-03T09:00:00+00:00,25.6,1012.9,45.3
2022-12-03T12:00:00+00:00,22.6,1012.8,72.91
2022-12-03T15:00:00+00:00,15.8,1015.7,89.05
2022-12-03T18:00:00+00:00,13.8,1015.9,93.07
2022-12-03T21:00:00+00:00,12.2,1015.4,94.86
2022-12-04T00:00:00+00:00,11.2,1015.9,94.82
2022-12-04T03:00:00+00:00,11.6,1017.3,97.39
2022-12-04T06:00:00+00:00,21.4,1016.4,65.19
2022-12-04T09:00:00+00:00,25.0,1013.2,48.5
2022-12-04T12:00:00+00:00,21.2,1013.2,73.13
2022-12-04T15:00:00+00:00,16.2,1014.9,83.48
2022-12-04T18:00:00+00:00,14.4,1015.9,88.94
2022-12-04T21:00:00+00:00,12.0,1015.1,94.85
2022-12-05T00:00:00+00:00,10.4,1016.9,97.36
2022-12-05T03:00:00+00:00,10.4,1019.4,94.78
2022-12-05T06:00:00+00:00,21.6,1018.9,54.34
2022-12-05T09:00:00+00:00,25.2,1015.7,36.04
2022-12-05T12:00:00+00:00,21.4,1015.6,63.52
2022-12-05T15:00:00+00:00,16.0,1015.9,85.1
2022-12-05T18:00:00+00:00,13.0,1016.9,85.92
2022-12-05T21:00:00+00:00,10.6,1016.3,92.28
2022-12-06T00:00:00+00:00,9.6,1015.8,97.34
2022-12-06T03:00:00+00:00,11.6,1017.6,89.9
2022-12-06T06:00:00+00:00,19.8,1017.9,61.93
2022-12-06T09:00:00+00:00,23.2,1014.3,51.96
2022-12-06T12:00:00+00:00,21.8,1013.7,50.25
2022-12-06T15:00:00+00:00,14.8,1015.8,82.77
2022-12-06T18:00:00+00:00,12.4,1016.2,88.18
2022-12-06T21:00:00+00:00,10.2,1015.4,92.26
2022-12-07T00:00:00+00:00,10.8,1015.4,92.29
2022-12-07T03:00:00+00:00,12.6,1014.3,76.6
2022-12-07T06:00:00+00:00,19.4,1016.7,58.26
2022-12-07T09:00:00+00:00,24.0,1013.6,40.59
2022-12-07T12:00:00+00:00,20.6,1012.9,56.28
2022-12-07T15:00:00+00:00,15.2,1014.7,80.66
2022-12-07T18:00:00+00:00,14.6,1015.3,80.05
2022-12-07T21:00:00+00:00,13.4,1014.6,88.27
2022-12-08T00:00:00+00:00,10.6,1016.5,92.28
2022-12-08T03:00:00+00:00,13.0,1018.1,74.62
2022-12-08T06:00:00+00:00,22.0,1017.2,50.3
2022-12-08T09:00:00+00:00,24.2,1014.0,39.57
2022-12-08T12:00:00+00:00,21.8,1013.6,50.25
2022-12-08T15:00:00+00:00,16.6,1015.4,75.72
2022-12-08T18:00:00+00:00,15.2,1015.9,80.66
2022-12-08T21:00:00+00:00,13.6,1015.4,88.29
2022-12-09T00:00:00+00:00,10.4,1015.9,94.78
2022-12-09T03:00:00+00:00,12.2,1016.7,85.84
2022-12-09T06:00:00+00:00,22.6,1015.1,46.91
2022-12-09T09:00:00+00:00,26.0,1012.7,33.45
2022-12-09T12:00:00+00:00,22.4,1011.8,59.76
2022-12-09T15:00:00+00:00,15.8,1014.0,82.89
2022-12-09T18:00:00+00:00,12.8,1014.9,88.22
2022-12-09T21:00:00+00:00,11.2,1014.4,92.31
2022-12-10T00:00:00+00:00,10.2,1015.1,97.36
2022-12-10T03:00:00+00:00,10.6,1017.1,97.37
2022-12-10T06:00:00+00:00,22.4,1015.8,56.73
2022-12-10T09:00:00+00:00,26.6,1013.3,39.19
2022-12-10T12:00:00+00:00,22.6,1013.0,55.68
2022-12-10T15:00:00+00:00,16.0,1014.7,85.1
2022-12-10T18:00:00+00:00,13.4,1015.5,90.63
2022-12-10T21:00:00+00:00,12.0,1014.7,92.98
2022-12-11T00:00:00+00:00,10.4,1015.4,97.36
2022-12-11T03:00:00+00:00,12.4,1017.3,88.18
2022-12-11T06:00:00+00:00,21.2,1017.2,61.85
2022-12-11T09:00:00+00:00,27.0,1013.7,40.89
2022-12-11T12:00:00+00:00,23.2,1013.1,59.18
2022-12-11T15:00:00+00:00,15.4,1014.8,80.69
2022-12-11T18:00:00+00:00,12.6,1015.2,90.58
2022-12-11T21:00:00+00:00,11.2,1014.7,94.82
2022-12-12T00:00:00+00:00,10.2,1014.5,94.78
2022-12-12T03:00:00+00:00,11.6,1016.2,87.52
2022-12-12T06:00:00+00:00,23.0,1015.8,41.69
2022-12-12T09:00:00+00:00,26.2,1012.4,35.12
2022-12-12T12:00:00+00:00,22.8,1012.2,52.89
2022-12-12T15:00:00+00:00,16.4,1014.1,85.15
2022-12-12T18:00:00+00:00,13.6,1015.1,86.55
2022-12-12T21:00:00+00:00,11.8,1014.4,90.52
2022-12-13T00:00:00+00:00,9.8,1016.1,94.76
2022-12-13T03:00:00+00:00,12.8,1017.9,76.63
2022-12-13T06:00:00+00:00,22.6,1017.2,37.04
2022-12-13T09:00:00+00:00,25.8,1014.2,30.77
2022-12-13T12:00:00+00:00,23.4,1013.3,42.37
2022-12-13T15:00:00+00:00,17.2,1015.2,62.58
2022-12-13T18:00:00+00:00,15.4,1015.6,72.57
2022-12-13T21:00:00+00:00,13.6,1015.2,86.55
2022-12-14T00:00:00+00:00,12.2,1015.5,85.84
2022-12-14T03:00:00+00:00,13.8,1017.1,77.31
2022-12-14T06:00:00+00:00,21.0,1017.0,41.69
2022-12-14T09:00:00+00:00,23.8,1014.7,28.77
2022-12-14T12:00:00+00:00,21.4,1014.3,49.48
2022-12-14T15:00:00+00:00,13.6,1016.1,77.28
2022-12-14T18:00:00+00:00,11.6,1016.4,82.93
2022-12-14T21:00:00+00:00,10.2,1015.9,92.26
2022-12-15T00:00:00+00:00,8.4,1015.5,89.04
2022-12-15T03:00:00+00:00,9.4,1017.0,78.76
2022-12-15T06:00:00+00:00,18.6,1017.1,52.14
2022-12-15T09:00:00+00:00,23.0,1013.3,36.4
2022-12-15T12:00:00+00:00,19.8,1012.3,53.88
2022-12-15T15:00:00+00:00,12.6,1013.9,78.7
2022-12-15T18:00:00+00:00,10.6,1013.9,84.51
2022-12-15T21:00:00+00:00,9.2,1013.3,89.11
2022-12-16T03:00:00+00:00,9.4,1015.4,83.8
2022-12-16T06:00:00+00:00,19.4,1015.0,48.28
2022-12-16T09:00:00+00:00,23.4,1012.4,37.01
2022-12-16T12:00:00+00:00,19.6,1012.4,56.78
2022-12-16T15:00:00+00:00,14.2,1014.4,74.82
2022-12-16T18:00:00+00:00,12.4,1015.3,85.86
2022-12-16T21:00:00+00:00,10.0,1015.1,89.78
2022-12-17T00:00:00+00:00,8.4,1015.0,91.52
2022-12-17T03:00:00+00:00,8.6,1017.1,91.53
2022-12-17T06:00:00+00:00,19.8,1016.3,49.04
2022-12-17T09:00:00+00:00,23.6,1014.0,36.07
2022-12-17T12:00:00+00:00,21.4,1013.7,45.04
2022-12-17T15:00:00+00:00,14.4,1015.2,75.87
2022-12-17T18:00:00+00:00,11.6,1016.5,85.2
2022-12-17T21:00:00+00:00,9.8,1016.0,89.76
2022-12-18T00:00:00+00:00,8.0,1016.2,91.49
2022-12-18T03:00:00+00:00,9.0,1017.1,86.68
2022-12-18T06:00:00+00:00,19.8,1017.5,60.32
2022-12-18T09:00:00+00:00,23.2,1014.7,56.19
2022-12-18T12:00:00+00:00,20.6,1013.6,62.93
2022-12-18T15:00:00+00:00,13.6,1014.8,88.29
2022-12-18T18:00:00+00:00,10.8,1014.9,94.8
2022-12-18T21:00:00+00:00,8.6,1014.5,97.32
2022-12-19T00:00:00+00:00,8.4,1014.6,97.32
2022-12-19T03:00:00+00:00,9.0,1016.7,94.73
2022-12-19T06:00:00+00:00,15.4,1016.7,68.33
2022-12-19T09:00:00+00:00,22.4,1013.2,49.41
2022-12-19T12:00:00+00:00,19.6,1012.6,63.54
2022-12-19T15:00:00+00:00,12.4,1014.1,88.18
2022-12-19T18:00:00+00:00,10.2,1014.6,94.78
2022-12-19T21:00:00+00:00,9.0,1014.4,97.33
2022-12-20T00:00:00+00:00,10.6,1013.9,100.0
2022-12-20T03:00:00+00:00,9.6,1016.2,100.0
2022-12-20T06:00:00+00:00,16.6,1015.9,73.76
2022-12-20T09:00:00+00:00,23.0,1012.5,34.93
2022-12-20T12:00:00+00:00,19.4,1011.6,56.73
2022-12-20T15:00:00+00:00,13.2,1013.2,83.68
2022-12-20T18:00:00+00:00,10.6,1014.5,87.43
2022-12-20T21:00:00+00:00,9.4,1014.1,94.74
2022-12-21T00:00:00+00:00,8.4,1015.6,97.32
2022-12-21T03:00:00+00:00,10.6,1016.6,92.28
2022-12-21T06:00:00+00:00,15.6,1017.0,62.63
2022-12-21T09:00:00+00:00,20.0,1014.2,53.93
2022-12-21T12:00:00+00:00,18.6,1013.2,62.48
2022-12-21T15:00:00+00:00,13.0,1014.2,83.66
2022-12-21T18:00:00+00:00,11.0,1015.5,94.81
2022-12-21T21:00:00+00:00,9.8,1015.0,94.76
2022-12-22T00:00:00+00:00,9.0,1015.5,100.0
2022-12-22T03:00:00+00:00,9.4,1016.7,100.0
2022-12-22T06:00:00+00:00,14.6,1016.5,71.94
2022-12-22T09:00:00+00:00,19.6,1013.8,53.47
2022-12-22T12:00:00+00:00,17.6,1013.0,66.98
2022-12-22T15:00:00+00:00,13.4,1014.2,77.25
2022-12-22T18:00:00+00:00,11.2,1015.0,89.87
2022-12-22T21:00:00+00:00,10.0,1014.3,94.77
2022-12-23T00:00:00+00:00,8.8,1014.6,97.33
2022-12-23T03:00:00+00:00,8.4,1016.1,100.0
2022-12-23T06:00:00+00:00,14.6,1015.0,67.71
2022-12-23T09:00:00+00:00,19.2,1012.8,49.89
2022-12-23T12:00:00+00:00,17.6,1012.3,66.98
2022-12-23T15:00:00+00:00,11.8,1014.2,87.54
2022-12-23T18:00:00+00:00,10.4,1015.2,92.27
2022-12-23T21:00:00+00:00,9.2,1014.6,94.74
2022-12-24T00:00:00+00:00,8.2,1015.3,100.0
2022-12-24T03:00:00+00:00,8.6,1017.1,91.53
2022-12-24T06:00:00+00:00,16.2,1017.3,52.22
2022-12-24T09:00:00+00:00,19.4,1014.8,43.57
2022-12-24T12:00:00+00:00,17.0,1014.3,60.87
2022-12-24T15:00:00+00:00,10.2,1016.5,86.8
2022-12-24T18:00:00+00:00,9.2,1016.7,92.2
2022-12-24T21:00:00+00:00,8.6,1015.8,94.71
2022-12-25T00:00:00+00:00,7.4,1016.6,97.3
2022-12-25T03:00:00+00:00,7.0,1017.8,97.29
2022-12-25T06:00:00+00:00,10.6,1018.0,82.24
2022-12-25T09:00:00+00:00,15.6,1015.2,58.92
2022-12-25T12:00:00+00:00,14.0,1015.1,71.35
2022-12-25T15:00:00+00:00,10.0,1017.3,86.78
2022-12-25T18:00:00+00:00,8.8,1016.7,94.72
2022-12-25T21:00:00+00:00,7.8,1016.2,100.0
2022-12-26T03:00:00+00:00,8.0,1019.3,100.0
2022-12-26T06:00:00+00:00,10.8,1020.7,85.11
2022-12-26T12:00:00+00:00,13.4,1018.5,83.7
2022-12-26T15:00:00+00:00,9.8,1019.4,89.76
2022-12-26T18:00:00+00:00,8.6,1019.8,94.71
2022-12-26T21:00:00+00:00,7.6,1019.2,100.0
2022-12-27T00:00:00+00:00,7.0,1018.2,100.0
2022-12-27T03:00:00+00:00,7.6,1020.0,97.3
2022-12-27T06:00:00+00:00,10.6,1020.5,77.33
2022-12-27T09:00:00+00:00,16.8,1016.7,56.85
2022-12-27T12:00:00+00:00,15.2,1016.1,70.15
2022-12-27T15:00:00+00:00,12.2,1017.3,80.8
2022-12-27T18:00:00+00:00,11.0,1018.0,82.29
2022-12-27T21:00:00+00:00,9.6,1017.7,89.14
2022-12-28T00:00:00+00:00,8.4,1017.1,91.52
2022-12-28T03:00:00+00:00,8.8,1018.9,91.55
2022-12-28T06:00:00+00:00,18.0,1018.4,46.27
2022-12-28T09:00:00+00:00,21.6,1015.9,36.75
2022-12-28T12:00:00+00:00,18.6,1016.0,50.4
2022-12-28T15:00:00+00:00,14.2,1017.8,77.89
2022-12-28T18:00:00+00:00,12.6,1018.8,81.39
2022-12-28T21:00:00+00:00,11.4,1018.0,85.18
2022-12-29T00:00:00+00:00,9.6,1017.9,97.34
2022-12-29T03:00:00+00:00,10.0,1019.1,79.39
2022-12-29T06:00:00+00:00,18.8,1019.7,54.35
2022-12-29T09:00:00+00:00,23.4,1016.3,35.77
2022-12-29T12:00:00+00:00,20.0,1016.3,64.04
2022-12-29T15:00:00+00:00,14.8,1018.8,75.93
2022-12-29T18:00:00+00:00,14.0,1019.3,82.12
2022-12-29T21:00:00+00:00,13.0,1018.5,85.92
2022-12-30T00:00:00+00:00,12.2,1017.9,90.55
2022-12-30T03:00:00+00:00,13.0,1019.6,85.92
2022-12-30T06:00:00+00:00,19.6,1019.9,53.47
2022-12-30T09:00:00+00:00,22.4,1017.1,51.08
2022-12-30T12:00:00+00:00,20.0,1017.8,65.74
2022-12-30T15:00:00+00:00,14.2,1018.8,84.35
2022-12-30T18:00:00+00:00,12.0,1020.2,92.98
2022-12-30T21:00:00+00:00,10.6,1019.3,94.79
2022-12-31T00:00:00+00:00,12.2,1019.2,97.4
2022-12-31T03:00:00+00:00,13.2,1020.7,90.62
2022-12-31T06:00:00+00:00,15.4,1021.6,72.57
2022-12-31T09:00:00+00:00,19.0,1018.3,61.34
2022-12-31T12:00:00+00:00,17.2,1017.7,64.7
2022-12-31T15:00:00+00:00,12.4,1019.8,88.18
2022-12-31T18:00:00+00:00,9.4,1020.3,92.21
2022-12-31T21:00:00+00:00,8.0,1019.4,94.04
2023-01-01T00:00:00+00:00,7.4,1019.9,97.3
2023-01-01T03:00:00+00:00,9.8,1021.9,97.35
2023-01-01T06:00:00+00:00,17.6,1022.3,65.22
2023-01-01T09:00:00+00:00,20.6,1019.0,50.26
2023-01-01T12:00:00+00:00,18.0,1018.9,61.93
2023-01-01T15:00:00+00:00,13.8,1021.0,86.57
2023-01-01T18:00:00+00:00,12.4,1021.6,88.18
2023-01-01T21:00:00+00:00,11.2,1020.9,92.31
2023-01-02T00:00:00+00:00,9.4,1020.8,94.74
2023-01-02T03:00:00+00:00,11.6,1022.7,89.9
2023-01-02T06:00:00+00:00,15.8,1023.2,70.73
2023-01-02T09:00:00+00:00,16.4,1020.6,69.45
2023-01-02T12:00:00+00:00,15.0,1020.5,79.58
2023-01-02T15:00:00+00:00,12.2,1022.1,90.55
2023-01-02T18:00:00+00:00,10.2,1022.8,94.78
2023-01-02T21:00:00+00:00,9.2,1022.1,97.34
2023-01-03T00:00:00+00:00,11.2,1021.5,87.49
2023-01-03T03:00:00+00:00,11.2,1023.6,85.16
2023-01-03T06:00:00+00:00,13.4,1024.0,77.25
2023-01-03T09:00:00+00:00,15.6,1021.3,65.67
2023-01-03T12:00:00+00:00,14.6,1021.1,69.56
2023-01-03T15:00:00+00:00,10.0,1022.7,89.78
2023-01-03T18:00:00+00:00,7.4,1022.1,94.01
2023-01-03T21:00:00+00:00,6.6,1022.5,97.28
2023-01-04T00:00:00+00:00,7.6,1022.5,97.3
2023-01-04T03:00:00+00:00,6.6,1025.1,100.0
2023-01-04T06:00:00+00:00,10.4,1024.4,77.3
2023-01-04T09:00:00+00:00,15.6,1012.5,58.92
2023-01-04T12:00:00+00:00,13.2,1012.6,75.16
2023-01-04T15:00:00+00:00,8.4,1023.0,91.52
2023-01-04T18:00:00+00:00,6.6,1023.8,93.98
2023-01-04T21:00:00+00:00,5.4,1023.3,97.26
2023-01-05T00:00:00+00:00,7.0,1023.0,100.0
2023-01-05T03:00:00+00:00,7.0,1025.3,100.0
2023-01-05T09:00:00+00:00,15.0,1022.7,64.22
2023-01-05T12:00:00+00:00,13.8,1023.2,73.26
2023-01-05T15:00:00+00:00,9.5,1025.2,86.14
2023-01-05T18:00:00+00:00,8.2,1026.0,91.51
2023-01-06T00:00:00+00:00,5.6,1023.9,100.0
2023-01-06T03:00:00+00:00,7.6,1025.6,97.3
2023-01-06T06:00:00+00:00,11.0,1026.6,75.3
2023-01-06T09:00:00+00:00,15.5,1023.2,57.3
2023-01-06T12:00:00+00:00,13.6,1022.7,64.34
2023-01-06T15:00:00+00:00,9.0,1024.4,94.73
2023-01-06T18:00:00+00:00,6.6,1024.7,90.77
2023-01-06T21:00:00+00:00,5.4,1024.4,93.92
2023-01-07T00:00:00+00:00,6.2,1022.7,100.0
2023-01-07T03:00:00+00:00,6.2,1024.0,100.0
2023-01-07T06:00:00+00:00,11.0,1024.3,70.77
2023-01-07T09:00:00+00:00,15.2,1020.9,58.42
2023-01-07T12:00:00+00:00,14.2,1020.1,69.48
2023-01-07T15:00:00+00:00,8.4,1022.4,89.04
2023-01-07T18:00:00+00:00,6.5,1022.0,96.61
2023-01-07T21:00:00+00:00,5.5,1020.0,99.31
2023-01-08T00:00:00+00:00,6.6,1019.6,100.0
2023-01-08T03:00:00+00:00,5.0,1020.6,100.0
2023-01-08T06:00:00+00:00,8.6,1021.6,89.06
2023-01-08T09:00:00+00:00,18.0,1017.8,54.88
2023-01-08T12:00:00+00:00,15.4,1017.8,72.57
2023-01-08T18:00:00+00:00,7.4,1020.7,97.3
2023-01-08T21:00:00+00:00,5.6,1019.3,97.26
2023-01-09T00:00:00+00:00,7.2,1020.0,100.0
2023-01-09T03:00:00+00:00,8.2,1022.2,100.0
2023-01-09T06:00:00+00:00,10.4,1022.8,97.36
2023-01-09T09:00:00+00:00,18.4,1019.3,65.83
2023-01-09T12:00:00+00:00,15.0,1018.9,80.64
2023-01-09T15:00:00+00:00,12.6,1020.5,85.88
2023-01-09T18:00:00+00:00,11.2,1021.2,89.87
2023-01-09T21:00:00+00:00,9.6,1020.9,94.75
2023-01-10T00:00:00+00:00,7.8,1020.3,100.0
2023-01-10T03:00:00+00:00,8.2,1021.4,100.0
2023-01-10T06:00:00+00:00,11.6,1021.3,82.93
2023-01-10T09:00:00+00:00,17.0,1017.6,60.87
2023-01-10T12:00:00+00:00,16.8,1017.1,62.49
2023-01-10T15:00:00+00:00,10.2,1018.5,94.78
2023-01-10T18:00:00+00:00,8.0,1019.2,97.31
2023-01-10T21:00:00+00:00,6.4,1018.8,100.0
2023-01-11T00:00:00+00:00,6.0,1016.5,100.0
2023-01-11T03:00:00+00:00,7.8,1016.5,100.0
2023-01-11T06:00:00+00:00,12.6,1016.7,81.39
2023-01-11T09:00:00+00:00,18.4,1012.3,64.11
2023-01-11T12:00:00+00:00,17.6,1011.7,66.98
2023-01-11T15:00:00+00:00,12.6,1014.2,85.88
2023-01-11T18:00:00+00:00,11.4,1015.3,87.5
2023-01-11T21:00:00+00:00,10.6,1013.7,89.83
2023-01-12T00:00:00+00:00,10.8,1012.5,94.8
2023-01-12T03:00:00+00:00,10.6,1013.6,97.37
2023-01-12T06:00:00+00:00,14.8,1013.9,73.93
2023-01-12T09:00:00+00:00,20.6,1010.1,64.59
2023-01-12T12:00:00+00:00,18.8,1010.0,73.18
2023-01-12T15:00:00+00:00,15.4,1011.6,87.29
2023-01-12T18:00:00+00:00,14.2,1012.3,90.69
2023-01-12T21:00:00+00:00,12.6,1011.0,93.01
2023-01-13T00:00:00+00:00,12.2,1011.8,97.4
2023-01-13T03:00:00+00:00,12.8,1014.0,97.41
2023-01-13T06:00:00+00:00,18.2,1014.2,71.19
2023-01-13T09:00:00+00:00,21.4,1011.7,63.52
2023-01-13T12:00:00+00:00,19.2,1012.4,77.13
2023-01-13T15:00:00+00:00,16.0,1015.1,89.64
2023-01-13T18:00:00+00:00,15.2,1016.1,91.35
2023-01-13T21:00:00+00:00,13.7,1015.5,93.68
2023-01-14T00:00:00+00:00,11.6,1015.9,97.39
2023-01-14T03:00:00+00:00,12.0,1017.6,88.15
2023-01-14T06:00:00+00:00,15.4,1017.9,64.74
2023-01-14T09:00:00+00:00,18.0,1014.8,51.28
2023-01-14T12:00:00+00:00,15.6,1014.9,56.94
2023-01-14T15:00:00+00:00,12.0,1017.6,75.98
2023-01-14T18:00:00+00:00,10.6,1016.6,80.03
2023-01-14T21:00:00+00:00,9.6,1016.1,81.55
2023-01-15T00:00:00+00:00,7.0,1015.6,76.75
2023-01-15T03:00:00+00:00,6.8,1016.8,75.11
2023-01-15T06:00:00+00:00,15.2,1017.1,32.06
2023-01-15T09:00:00+00:00,16.6,1014.4,30.05
2023-01-15T12:00:00+00:00,14.8,1013.8,46.34
2023-01-15T15:00:00+00:00,8.6,1015.7,75.42
2023-01-15T18:00:00+00:00,5.8,1016.8,87.59
2023-01-15T21:00:00+00:00,5.2,1016.1,90.67
2023-01-16T00:00:00+00:00,4.2,1016.6,89.96
2023-01-16T03:00:00+00:00,5.4,1018.3,81.56
2023-01-16T06:00:00+00:00,15.4,1018.8,43.65
2023-01-16T09:00:00+00:00,17.8,1015.8,39.37
2023-01-16T12:00:00+00:00,15.4,1015.8,50.93
2023-01-16T15:00:00+00:00,9.8,1018.0,76.67
2023-01-16T18:00:00+00:00,7.0,1018.1,91.43
2023-01-16T21:00:00+00:00,15.6,1017.1,48.23
2023-01-17T00:00:00+00:00,4.6,1016.9,93.22
2023-01-17T03:00:00+00:00,5.4,1018.8,97.26
2023-01-17T06:00:00+00:00,15.8,1018.9,44.39
2023-01-17T09:00:00+00:00,19.4,1015.8,29.82
2023-01-17T12:00:00+00:00,16.0,1015.2,41.12
2023-01-17T15:00:00+00:00,11.6,1018.1,66.61
2023-01-17T18:00:00+00:00,9.8,1019.9,79.37
2023-01-17T21:00:00+00:00,7.6,1019.4,94.02
2023-01-18T00:00:00+00:00,5.8,1019.2,96.59
2023-01-18T03:00:00+00:00,5.2,1021.2,93.91
2023-01-18T06:00:00+00:00,16.4,1021.4,40.09
2023-01-18T09:00:00+00:00,18.6,1018.1,34.39
2023-01-18T12:00:00+00:00,17.0,1016.6,42.89
2023-01-18T15:00:00+00:00,9.0,1018.5,78.7
2023-01-18T18:00:00+00:00,7.6,1019.4,85.95
2023-01-18T21:00:00+00:00,6.4,1018.7,90.76
2023-01-19T00:00:00+00:00,9.4,1018.9,81.53
2023-01-19T03:00:00+00:00,10.0,1020.3,82.17
2023-01-19T06:00:00+00:00,19.4,1020.8,37.41
2023-01-19T09:00:00+00:00,21.6,1017.2,35.5
2023-01-19T12:00:00+00:00,20.4,1017.1,43.56
2023-01-19T15:00:00+00:00,14.8,1018.1,71.98
2023-01-19T18:00:00+00:00,13.6,1018.2,77.28
2023-01-19T21:00:00+00:00,12.8,1017.5,83.63
2023-01-20T00:00:00+00:00,12.2,1016.8,80.8
2023-01-20T03:00:00+00:00,11.6,1018.9,82.93
2023-01-20T06:00:00+00:00,18.2,1018.6,58.36
2023-01-20T09:00:00+00:00,22.8,1014.8,41.63
2023-01-20T12:00:00+00:00,20.2,1014.5,47.84
2023-01-20T15:00:00+00:00,15.4,1017.1,78.59
2023-01-20T18:00:00+00:00,13.4,1018.1,83.7
2023-01-20T21:00:00+00:00,12.0,1017.8,88.15
2023-01-21T00:00:00+00:00,8.8,1017.3,94.72
2023-01-21T03:00:00+00:00,8.6,1018.5,91.53
2023-01-21T06:00:00+00:00,17.8,1017.8,70.65
2023-01-21T09:00:00+00:00,23.0,1014.3,43.11
2023-01-21T12:00:00+00:00,20.8,1014.5,54.86
2023-01-21T15:00:00+00:00,16.2,1015.4,79.22
2023-01-21T18:00:00+00:00,14.6,1016.1,86.65
2023-01-21T21:00:00+00:00,13.4,1015.4,90.63
2023-01-22T00:00:00+00:00,11.6,1015.1,94.83
2023-01-22T03:00:00+00:00,10.2,1016.4,97.36
2023-01-22T06:00:00+00:00,19.2,1017.2,64.71
2023-01-22T09:00:00+00:00,23.2,1014.4,40.64
2023-01-22T12:00:00+00:00,21.0,1014.4,50.71
2023-01-22T15:00:00+00:00,16.0,1015.0,75.13
2023-01-22T18:00:00+00:00,13.2,1016.4,81.47
2023-01-22T21:00:00+00:00,11.2,1016.2,92.31
2023-01-23T00:00:00+00:00,9.6,1016.3,97.34
2023-01-23T03:00:00+00:00,9.4,1017.1,100.0
2023-01-23T06:00:00+00:00,20.2,1016.7,55.81
2023-01-23T09:00:00+00:00,25.0,1013.3,36.96
2023-01-23T12:00:00+00:00,22.6,1012.4,48.17
2023-01-23T15:00:00+00:00,15.2,1013.0,78.56
2023-01-23T18:00:00+00:00,14.2,1013.5,84.35
2023-01-23T21:00:00+00:00,13.0,1013.7,90.6
2023-01-24T00:00:00+00:00,13.6,1012.6,95.53
2023-01-24T03:00:00+00:00,15.2,1015.1,91.35
2023-01-24T06:00:00+00:00,18.2,1016.3,76.48
2023-01-24T09:00:00+00:00,20.8,1013.0,68.07
2023-01-24T12:00:00+00:00,19.8,1012.1,74.3
2023-01-24T15:00:00+00:00,17.2,1014.2,87.46
2023-01-24T18:00:00+00:00,17.0,1014.3,88.0
2023-01-24T21:00:00+00:00,16.0,1014.3,91.4
2023-01-25T00:00:00+00:00,12.8,1014.4,95.51
2023-01-25T03:00:00+00:00,12.0,1016.5,94.85
2023-01-25T06:00:00+00:00,18.0,1017.1,80.51
2023-01-25T09:00:00+00:00,18.6,1015.0,77.04
2023-01-25T12:00:00+00:00,17.0,1014.6,86.88
2023-01-25T15:00:00+00:00,16.4,1016.8,89.67
2023-01-25T18:00:00+00:00,16.0,1017.1,91.4
2023-01-25T21:00:00+00:00,15.6,1016.9,93.77
2023-01-26T00:00:00+00:00,15.2,1017.1,93.14
2023-01-26T03:00:00+00:00,14.0,1018.7,95.55
2023-01-26T06:00:00+00:00,13.8,1020.6,90.66
2023-01-26T09:00:00+00:00,16.6,1017.4,73.76
2023-01-26T12:00:00+00:00,15.2,1017.5,85.02
2023-01-26T15:00:00+00:00,14.2,1018.4,93.09
2023-01-26T18:00:00+00:00,12.0,1018.8,92.98
2023-01-26T21:00:00+00:00,10.6,1018.4,94.79
2023-01-27T00:00:00+00:00,8.4,1017.7,86.03
2023-01-27T03:00:00+00:00,7.8,1019.8,80.18
2023-01-27T06:00:00+00:00,17.0,1020.6,44.73
2023-01-27T09:00:00+00:00,20.2,1016.9,43.5
2023-01-27T12:00:00+00:00,18.4,1016.4,47.02
2023-01-27T15:00:00+00:00,12.8,1017.4,67.79
2023-01-27T18:00:00+00:00,10.6,1016.9,82.24
2023-01-27T21:00:00+00:00,8.8,1016.5,91.55
2023-01-28T00:00:00+00:00,7.8,1015.7,85.97
2023-01-28T03:00:00+00:00,8.4,1017.7,89.04
2023-01-28T06:00:00+00:00,17.4,1016.6,52.18
2023-01-28T09:00:00+00:00,23.0,1013.9,34.93
2023-01-28T12:00:00+00:00,21.0,1011.9,50.71
2023-01-28T15:00:00+00:00,13.2,1013.6,81.47
2023-01-28T18:00:00+00:00,9.8,1014.8,92.23
2023-01-28T21:00:00+00:00,8.6,1014.7,94.71
2023-01-29T00:00:00+00:00,8.6,1013.1,94.71
2023-01-29T03:00:00+00:00,11.6,1015.9,94.83
2023-01-29T06:00:00+00:00,16.4,1016.2,77.2
2023-01-29T09:00:00+00:00,14.6,1013.1,93.11
2023-01-29T12:00:00+00:00,14.4,1014.8,95.56
2023-01-29T15:00:00+00:00,14.6,1016.4,95.57
2023-01-29T18:00:00+00:00,14.2,1017.8,97.44
2023-01-29T21:00:00+00:00,13.4,1016.8,97.42
2023-01-30T00:00:00+00:00,12.4,1016.6,100.0
2023-01-30T03:00:00+00:00,12.2,1018.8,100.0
2023-01-30T06:00:00+00:00,16.0,1019.8,87.35
2023-01-30T09:00:00+00:00,18.8,1017.5,77.07
2023-01-30T12:00:00+00:00,17.8,1016.5,85.84
2023-01-30T15:00:00+00:00,14.0,1018.5,95.55
2023-01-30T18:00:00+00:00,13.0,1019.2,97.41
2023-01-30T21:00:00+00:00,11.8,1018.9,97.39
2023-01-31T00:00:00+00:00,13.6,1017.9,100.0
2023-01-31T03:00:00+00:00,13.2,1019.6,100.0
2023-01-31T06:00:00+00:00,17.4,1019.4,83.62
2023-01-31T09:00:00+00:00,19.8,1018.1,70.57
2023-01-31T12:00:00+00:00,17.2,1017.4,79.88
2023-01-31T15:00:00+00:00,14.4,1018.9,88.94
2023-01-31T18:00:00+00:00,12.4,1019.3,93.0
2023-01-31T21:00:00+00:00,11.8,1018.5,94.84
2023-02-01T00:00:00+00:00,11.0,1017.6,94.81
2023-02-01T03:00:00+00:00,10.2,1019.7,100.0
2023-02-01T06:00:00+00:00,15.4,1019.8,78.59
2023-02-01T09:00:00+00:00,20.2,1016.2,52.56
2023-02-01T12:00:00+00:00,19.4,1015.5,49.94
2023-02-01T15:00:00+00:00,14.8,1016.9,78.5
2023-02-01T18:00:00+00:00,13.2,1017.5,81.47
2023-02-01T21:00:00+00:00,11.8,1017.2,85.22
2023-02-02T00:00:00+00:00,10.4,1015.6,89.81
2023-02-02T03:00:00+00:00,11.4,1017.4,82.9
2023-02-02T06:00:00+00:00,19.8,1017.9,49.04
2023-02-02T09:00:00+00:00,23.6,1014.7,39.93
2023-02-02T12:00:00+00:00,22.6,1014.8,48.17
2023-02-02T15:00:00+00:00,17.6,1016.4,66.98
2023-02-02T18:00:00+00:00,16.2,1016.9,71.28
2023-02-02T21:00:00+00:00,14.8,1016.3,75.93
2023-02-03T00:00:00+00:00,12.4,1016.3,88.18
2023-02-03T03:00:00+00:00,11.6,1017.8,82.93
2023-02-03T06:00:00+00:00,20.4,1018.4,46.62
2023-02-03T09:00:00+00:00,23.6,1014.9,37.32
2023-02-03T12:00:00+00:00,21.8,1014.2,48.6
2023-02-03T15:00:00+00:00,17.4,1015.6,70.57
2023-02-03T18:00:00+00:00,14.6,1015.5,80.05
2023-02-03T21:00:00+00:00,11.6,1014.5,87.52
2023-02-04T00:00:00+00:00,11.0,1013.7,89.86
2023-02-04T03:00:00+00:00,13.4,1014.9,81.5
2023-02-04T06:00:00+00:00,21.6,1014.9,45.4
2023-02-04T09:00:00+00:00,25.2,1012.3,26.27
2023-02-04T12:00:00+00:00,23.2,1011.2,42.03
2023-02-04T15:00:00+00:00,16.2,1013.1,79.22
2023-02-04T18:00:00+00:00,16.0,1013.4,79.2
2023-02-04T21:00:00+00:00,13.2,1012.4,83.68
2023-02-05T00:00:00+00:00,12.4,1011.8,88.18
2023-02-05T03:00:00+00:00,12.6,1013.8,88.2
2023-02-05T06:00:00+00:00,19.6,1014.0,53.47
2023-02-05T09:00:00+00:00,25.2,1010.8,37.27
2023-02-05T12:00:00+00:00,23.6,1010.1,43.86
2023-02-05T15:00:00+00:00,16.4,1011.7,79.25
2023-02-05T18:00:00+00:00,13.8,1012.6,86.57
2023-02-05T21:00:00+00:00,12.4,1011.8,90.56
2023-02-06T00:00:00+00:00,10.6,1011.8,94.79
2023-02-06T03:00:00+00:00,11.6,1012.4,88.7
2023-02-06T06:00:00+00:00,24.4,1013.2,47.71
2023-02-06T09:00:00+00:00,28.2,1009.5,39.12
2023-02-06T12:00:00+00:00,26.4,1008.7,54.15
2023-02-06T15:00:00+00:00,21.4,1010.9,65.19
2023-02-06T18:00:00+00:00,19.6,1010.3,70.53
2023-02-06T21:00:00+00:00,16.2,1010.1,87.37
2023-02-07T00:00:00+00:00,14.6,1009.6,95.57
2023-02-07T03:00:00+00:00,14.4,1011.7,95.56
2023-02-07T06:00:00+00:00,20.4,1012.3,62.48
2023-02-07T09:00:00+00:00,24.4,1009.9,39.89
2023-02-07T12:00:00+00:00,23.0,1010.0,40.31
2023-02-07T15:00:00+00:00,19.2,1011.7,49.89
2023-02-07T18:00:00+00:00,15.0,1012.7,72.01
2023-02-07T21:00:00+00:00,13.4,1012.4,79.35
2023-02-08T00:00:00+00:00,11.0,1011.1,87.47
2023-02-08T03:00:00+00:00,12.0,1014.9,80.77
2023-02-08T06:00:00+00:00,21.4,1015.6,43.54
2023-02-08T09:00:00+00:00,23.6,1013.2,38.61
2023-02-08T12:00:00+00:00,21.6,1011.3,48.55
2023-02-08T15:00:00+00:00,15.0,1014.3,80.64
2023-02-08T18:00:00+00:00,13.0,1014.6,83.66
2023-02-08T21:00:00+00:00,11.6,1014.0,87.52
2023-02-09T00:00:00+00:00,10.4,1012.5,94.78
2023-02-09T03:00:00+00:00,12.2,1014.1,88.16
2023-02-09T06:00:00+00:00,23.8,1013.4,38.93
2023-02-09T09:00:00+00:00,28.4,1010.2,30.46
2023-02-09T12:00:00+00:00,26.6,1009.3,49.24
2023-02-09T15:00:00+00:00,20.4,1011.5,72.99
2023-02-09T18:00:00+00:00,18.6,1011.9,78.54
2023-02-09T21:00:00+00:00,17.4,1011.3,83.62
2023-02-10T00:00:00+00:00,14.8,1010.5,88.97
2023-02-10T03:00:00+00:00,15.8,1012.5,82.89
2023-02-10T06:00:00+00:00,24.8,1012.7,53.75
2023-02-10T09:00:00+00:00,29.2,1008.9,40.18
2023-02-10T12:00:00+00:00,26.6,1008.4,52.84
2023-02-10T15:00:00+00:00,21.6,1010.2,73.66
2023-02-10T18:00:00+00:00,20.4,1011.1,72.99
2023-02-10T21:00:00+00:00,17.8,1010.9,88.07
2023-02-11T00:00:00+00:00,15.6,1011.2,93.77
2023-02-11T03:00:00+00:00,15.0,1013.5,95.58
2023-02-11T06:00:00+00:00,23.2,1014.7,66.83
2023-02-11T09:00:00+00:00,27.0,1012.4,43.36
2023-02-11T12:00:00+00:00,24.6,1012.4,45.32
2023-02-11T15:00:00+00:00,19.4,1014.4,72.81
2023-02-11T18:00:00+00:00,17.8,1016.5,79.97
2023-02-11T21:00:00+00:00,16.0,1015.9,85.1
2023-02-12T00:00:00+00:00,12.2,1016.3,78.64
2023-02-12T03:00:00+00:00,12.6,1018.4,76.6
2023-02-12T06:00:00+00:00,21.2,1019.0,34.66
2023-02-12T09:00:00+00:00,23.4,1017.1,24.18
2023-02-12T12:00:00+00:00,21.2,1017.1,36.13
2023-02-12T15:00:00+00:00,16.4,1018.5,50.85
2023-02-12T18:00:00+00:00,14.6,1018.2,55.52
2023-02-12T21:00:00+00:00,13.0,1016.9,61.6
2023-02-13T00:00:00+00:00,11.2,1015.8,50.14
2023-02-13T03:00:00+00:00,10.2,1016.9,57.57
2023-02-13T06:00:00+00:00,19.2,1016.9,24.68
2023-02-13T09:00:00+00:00,22.2,1013.8,25.64
2023-02-13T12:00:00+00:00,20.8,1014.3,32.66
2023-02-13T15:00:00+00:00,17.0,1015.2,48.28
2023-02-13T18:00:00+00:00,16.2,1015.9,45.13
2023-02-13T21:00:00+00:00,14.8,1015.3,52.21
2023-02-14T00:00:00+00:00,10.4,1016.0,89.81
2023-02-14T03:00:00+00:00,12.4,1017.7,56.52
2023-02-14T06:00:00+00:00,21.4,1018.0,32.37
2023-02-14T09:00:00+00:00,25.6,1014.6,22.44
2023-02-14T12:00:00+00:00,23.4,1013.0,35.77
2023-02-14T15:00:00+00:00,18.6,1014.8,52.14
2023-02-14T18:00:00+00:00,16.8,1015.1,58.81
2023-02-14T21:00:00+00:00,15.4,1014.8,64.74
2023-02-15T00:00:00+00:00,13.2,1012.6,79.32
2023-02-15T03:00:00+00:00,13.2,1013.7,75.16
2023-02-15T06:00:00+00:00,22.0,1014.0,41.69
2023-02-15T09:00:00+00:00,27.2,1011.2,33.11
2023-02-15T12:00:00+00:00,25.4,1010.5,38.86
2023-02-15T15:00:00+00:00,20.6,1012.6,58.17
2023-02-15T18:00:00+00:00,18.0,1013.7,67.06
2023-02-15T21:00:00+00:00,14.8,1014.0,80.61
2023-02-16T00:00:00+00:00,12.4,1014.0,88.18
2023-02-16T03:00:00+00:00,12.8,1015.4,88.22
2023-02-16T06:00:00+00:00,23.4,1015.6,55.16
2023-02-16T09:00:00+00:00,27.8,1012.6,44.44
2023-02-16T12:00:00+00:00,25.8,1012.5,56.11
2023-02-16T15:00:00+00:00,19.2,1014.8,81.19
2023-02-16T18:00:00+00:00,17.0,1015.8,88.0
2023-02-16T21:00:00+00:00,15.4,1015.5,91.36
2023-02-17T00:00:00+00:00,14.8,1015.4,93.12
2023-02-17T03:00:00+00:00,14.8,1017.3,88.97
2023-02-17T06:00:00+00:00,24.4,1017.4,51.94
2023-02-17T09:00:00+00:00,28.6,1013.8,45.23
2023-02-17T12:00:00+00:00,27.8,1013.3,55.54
2023-02-17T15:00:00+00:00,20.6,1015.1,81.89
2023-02-17T18:00:00+00:00,17.6,1015.5,89.76
2023-02-17T21:00:00+00:00,16.0,1015.0,93.79
2023-02-18T00:00:00+00:00,13.6,1014.9,95.53
2023-02-18T03:00:00+00:00,13.8,1016.6,93.07
2023-02-18T06:00:00+00:00,25.6,1016.1,53.26
2023-02-18T09:00:00+00:00,29.2,1012.9,41.49
2023-02-18T12:00:00+00:00,27.6,1012.0,46.43
2023-02-18T15:00:00+00:00,22.6,1013.7,71.09
2023-02-18T18:00:00+00:00,19.8,1015.3,86.59
2023-02-18T21:00:00+00:00,17.2,1014.7,92.06
2023-02-19T00:00:00+00:00,15.0,1014.1,95.58
2023-02-19T03:00:00+00:00,13.4,1016.0,95.53
2023-02-19T06:00:00+00:00,25.4,1015.4,60.07
2023-02-19T09:00:00+00:00,30.2,1011.7,41.5
2023-02-19T12:00:00+00:00,28.0,1010.9,50.57
2023-02-19T15:00:00+00:00,21.4,1012.6,78.45
2023-02-19T18:00:00+00:00,19.2,1014.2,84.36
2023-02-19T21:00:00+00:00,16.8,1013.2,89.7
2023-02-20T00:00:00+00:00,15.0,1011.3,93.13
2023-02-20T03:00:00+00:00,15.8,1013.0,91.39
2023-02-20T06:00:00+00:00,28.2,1011.8,50.94
2023-02-20T09:00:00+00:00,31.2,1008.8,47.99
2023-02-20T12:00:00+00:00,29.8,1008.0,50.08
2023-02-20T15:00:00+00:00,22.8,1010.0,72.94
2023-02-20T18:00:00+00:00,20.2,1010.1,81.32
2023-02-20T21:00:00+00:00,18.0,1008.7,85.86
2023-02-21T00:00:00+00:00,17.4,1009.0,89.75
2023-02-21T03:00:00+00:00,17.8,1011.2,84.2
2023-02-21T06:00:00+00:00,27.2,1011.1,46.03
2023-02-21T09:00:00+00:00,31.2,1008.6,38.45
2023-02-21T12:00:00+00:00,28.4,1008.5,50.99
2023-02-21T15:00:00+00:00,22.4,1010.7,80.59
2023-02-21T18:00:00+00:00,21.2,1012.0,88.91
2023-02-21T21:00:00+00:00,19.8,1010.9,92.21
2023-02-22T00:00:00+00:00,16.8,1011.4,98.11
2023-02-22T03:00:00+00:00,17.2,1013.4,100.0
2023-02-22T06:00:00+00:00,21.4,1013.4,80.45
2023-02-22T09:00:00+00:00,27.4,1011.3,51.38
2023-02-22T12:00:00+00:00,27.6,1010.6,38.2
2023-02-22T15:00:00+00:00,22.8,1012.4,57.2
2023-02-22T18:00:00+00:00,21.4,1012.8,63.52
2023-02-22T21:00:00+00:00,19.6,1012.1,70.53
2023-02-23T00:00:00+00:00,15.4,1011.7,93.15
2023-02-23T03:00:00+00:00,16.0,1013.5,91.4
2023-02-23T06:00:00+00:00,25.2,1013.3,40.92
2023-02-23T09:00:00+00:00,28.6,1011.1,24.37
2023-02-23T12:00:00+00:00,27.4,1010.9,33.39
2023-02-23T15:00:00+00:00,21.8,1012.3,53.33
2023-02-23T18:00:00+00:00,18.0,1013.7,78.46
2023-02-23T21:00:00+00:00,15.4,1013.6,93.15
2023-02-24T00:00:00+00:00,12.4,1013.2,93.0
2023-02-24T03:00:00+00:00,13.6,1015.3,86.55
2023-02-24T06:00:00+00:00,24.6,1015.6,45.32
2023-02-24T09:00:00+00:00,29.6,1013.1,24.98
2023-02-24T12:00:00+00:00,28.4,1012.7,32.57
2023-02-24T15:00:00+00:00,19.2,1015.1,71.84
2023-02-24T18:00:00+00:00,16.8,1016.0,83.55
2023-02-24T21:00:00+00:00,14.6,1015.6,88.95
2023-02-25T00:00:00+00:00,13.6,1015.7,93.06
2023-02-25T03:00:00+00:00,14.4,1017.6,93.1
2023-02-25T06:00:00+00:00,26.8,1017.3,45.62
2023-02-25T09:00:00+00:00,30.0,1014.2,32.79
2023-02-25T12:00:00+00:00,28.2,1015.1,39.12
2023-02-25T15:00:00+00:00,21.2,1015.9,73.13
2023-02-25T18:00:00+00:00,17.8,1017.3,85.84
2023-02-25T21:00:00+00:00,16.2,1016.7,89.66
2023-02-26T00:00:00+00:00,14.6,1017.4,95.57
2023-02-26T03:00:00+00:00,15.8,1019.0,93.78
2023-02-26T06:00:00+00:00,26.8,1019.0,46.82
2023-02-26T09:00:00+00:00,31.6,1015.4,30.93
2023-02-26T12:00:00+00:00,29.2,1014.8,40.18
2023-02-26T15:00:00+00:00,23.6,1017.1,58.14
2023-02-26T18:00:00+00:00,22.0,1018.3,62.43
2023-02-26T21:00:00+00:00,19.4,1017.1,71.87
2023-02-27T00:00:00+00:00,16.2,1016.5,93.8
2023-02-27T03:00:00+00:00,17.2,1018.2,93.84
2023-02-27T06:00:00+00:00,28.0,1018.4,42.25
2023-02-27T09:00:00+00:00,31.8,1015.2,28.25
2023-02-27T12:00:00+00:00,28.8,1014.6,43.3
2023-02-27T15:00:00+00:00,23.0,1016.1,61.86
2023-02-27T18:00:00+00:00,21.4,1017.5,69.96
2023-02-27T21:00:00+00:00,18.0,1016.6,85.86
2023-02-28T00:00:00+00:00,15.2,1016.1,93.14
2023-02-28T03:00:00+00:00,17.4,1017.7,75.85
2023-02-28T06:00:00+00:00,28.0,1018.0,42.25
2023-02-28T09:00:00+00:00,29.6,1016.4,35.37
2023-02-28T12:00:00+00:00,27.6,1015.4,41.86
2023-02-28T15:00:00+00:00,21.4,1017.4,61.89
2023-02-28T18:00:00+00:00,20.2,1018.5,69.28
2023-02-28T21:00:00+00:00,19.2,1017.3,73.72
2023-03-01T00:00:00+00:00,20.4,1016.4,60.86
2023-03-01T03:00:00+00:00,20.4,1019.7,54.4
2023-03-01T06:00:00+00:00,24.2,1020.5,54.65
2023-03-01T09:00:00+00:00,28.4,1017.2,41.54
2023-03-01T12:00:00+00:00,29.4,1017.9,46.32
2023-03-01T15:00:00+00:00,21.6,1018.4,73.66
2023-03-01T18:00:00+00:00,18.4,1019.4,82.67
2023-03-01T21:00:00+00:00,16.2,1018.0,87.37
2023-03-02T00:00:00+00:00,16.0,1017.6,89.64
2023-03-02T03:00:00+00:00,16.2,1020.0,89.66
2023-03-02T06:00:00+00:00,28.8,1019.6,38.78
2023-03-02T09:00:00+00:00,30.6,1017.3,32.53
2023-03-02T12:00:00+00:00,29.0,1016.2,42.25
2023-03-02T15:00:00+00:00,23.6,1018.2,58.14
2023-03-02T18:00:00+00:00,21.2,1019.1,68.15
2023-03-02T21:00:00+00:00,19.4,1018.0,73.76
2023-03-03T09:00:00+00:00,31.4,1017.2,30.67
2023-03-03T12:00:00+00:00,29.4,1015.9,38.45
2023-03-03T15:00:00+00:00,24.2,1017.9,64.54
2023-03-03T18:00:00+00:00,22.0,1018.8,73.73
2023-03-03T21:00:00+00:00,20.2,1017.8,79.79
2023-03-04T00:00:00+00:00,18.4,1019.1,76.51
2023-03-04T03:00:00+00:00,20.0,1020.5,65.74
2023-03-04T06:00:00+00:00,24.2,1022.7,57.17
2023-03-04T09:00:00+00:00,26.2,1018.2,47.27
2023-03-04T12:00:00+00:00,25.8,1017.6,49.35
2023-03-04T15:00:00+00:00,22.2,1018.9,62.88
2023-03-04T18:00:00+00:00,20.4,1017.7,72.99
2023-03-04T21:00:00+00:00,19.2,1019.0,77.13
2023-03-05T00:00:00+00:00,17.4,1018.3,79.91
2023-03-05T03:00:00+00:00,19.2,1020.1,71.84
2023-03-05T06:00:00+00:00,28.0,1019.7,38.81
2023-03-05T09:00:00+00:00,30.6,1016.1,35.65
2023-03-05T12:00:00+00:00,29.0,1015.0,41.17
2023-03-05T15:00:00+00:00,23.4,1015.6,65.61
2023-03-05T18:00:00+00:00,20.2,1017.6,83.41
2023-03-05T21:00:00+00:00,18.0,1017.3,85.86
2023-03-06T00:00:00+00:00,16.8,1015.9,89.7
2023-03-06T03:00:00+00:00,19.0,1018.4,80.65
2023-03-06T06:00:00+00:00,27.8,1017.3,40.84
2023-03-06T09:00:00+00:00,29.8,1014.0,32.52
2023-03-06T12:00:00+00:00,28.4,1012.4,36.94
2023-03-06T15:00:00+00:00,23.2,1014.2,59.18
2023-03-06T18:00:00+00:00,20.8,1014.6,69.85
2023-03-06T21:00:00+00:00,18.6,1014.4,77.04
2023-03-07T00:00:00+00:00,17.2,1014.7,83.6
2023-03-07T03:00:00+00:00,18.2,1016.5,80.54
2023-03-07T06:00:00+00:00,28.4,1017.3,36.94
2023-03-07T09:00:00+00:00,30.8,1014.2,27.06
2023-03-07T12:00:00+00:00,29.8,1012.8,31.46
2023-03-07T15:00:00+00:00,23.0,1014.5,54.7
2023-03-07T18:00:00+00:00,20.4,1015.3,65.82
2023-03-07T21:00:00+00:00,18.2,1014.9,76.48
2023-03-08T00:00:00+00:00,16.8,1015.3,79.31
2023-03-08T03:00:00+00:00,17.2,1017.1,81.46
2023-03-08T06:00:00+00:00,26.8,1018.0,45.62
2023-03-08T09:00:00+00:00,29.4,1014.7,37.21
2023-03-08T12:00:00+00:00,28.6,1013.7,41.87
2023-03-08T15:00:00+00:00,23.8,1015.9,62.83
2023-03-08T18:00:00+00:00,21.2,1016.8,73.13
2023-03-08T21:00:00+00:00,17.8,1016.3,82.06
2023-03-09T00:00:00+00:00,19.0,1016.2,79.11
2023-03-09T03:00:00+00:00,19.6,1017.9,73.79
2023-03-09T06:00:00+00:00,27.0,1017.8,47.18
2023-03-09T09:00:00+00:00,29.2,1014.9,39.15
2023-03-09T12:00:00+00:00,27.0,1014.1,49.67
2023-03-09T15:00:00+00:00,22.4,1015.6,69.27
2023-03-09T18:00:00+00:00,19.8,1016.7,79.22
2023-03-09T21:00:00+00:00,18.6,1015.8,82.69
2023-03-10T00:00:00+00:00,16.6,1015.6,91.44
2023-03-10T03:00:00+00:00,19.2,1017.0,86.53
2023-03-10T06:00:00+00:00,27.6,1016.0,48.88
2023-03-10T09:00:00+00:00,30.2,1013.7,40.45
2023-03-10T12:00:00+00:00,28.6,1012.7,46.4
2023-03-10T15:00:00+00:00,24.6,1014.3,57.63
2023-03-10T18:00:00+00:00,22.4,1015.4,61.32
2023-03-10T21:00:00+00:00,20.0,1015.2,70.6
2023-03-11T00:00:00+00:00,17.6,1015.3,79.94
2023-03-11T03:00:00+00:00,18.0,1016.7,89.79
2023-03-11T06:00:00+00:00,29.0,1016.2,40.12
2023-03-11T09:00:00+00:00,31.6,1013.2,27.64
2023-03-11T12:00:00+00:00,29.8,1012.1,28.85
2023-03-11T15:00:00+00:00,25.0,1013.6,44.54
2023-03-11T18:00:00+00:00,22.6,1014.8,52.49
2023-03-11T21:00:00+00:00,19.6,1014.8,70.53
2023-03-12T00:00:00+00:00,16.8,1015.2,85.74
2023-03-12T03:00:00+00:00,18.2,1016.3,76.48
2023-03-12T06:00:00+00:00,30.6,1015.2,36.59
2023-03-12T09:00:00+00:00,33.2,1012.2,30.17
2023-03-12T12:00:00+00:00,31.6,1010.9,27.09
2023-03-12T15:00:00+00:00,23.4,1013.5,63.96
2023-03-12T18:00:00+00:00,20.4,1013.8,76.33
2023-03-12T21:00:00+00:00,18.2,1013.5,84.25
2023-03-13T00:00:00+00:00,18.0,1014.1,88.09
2023-03-13T03:00:00+00:00,19.8,1015.0,86.59
2023-03-13T06:00:00+00:00,29.6,1014.4,45.21
2023-03-13T09:00:00+00:00,32.8,1011.0,34.44
2023-03-13T12:00:00+00:00,31.2,1009.5,36.28
2023-03-13T15:00:00+00:00,25.0,1011.1,61.13
2023-03-13T18:00:00+00:00,21.6,1011.9,78.48
2023-03-13T21:00:00+00:00,20.2,1011.6,83.41
2023-03-14T00:00:00+00:00,19.6,1010.8,82.81
2023-03-14T03:00:00+00:00,20.2,1012.2,81.32
2023-03-14T06:00:00+00:00,30.2,1011.1,43.68
2023-03-14T09:00:00+00:00,33.0,1007.9,31.72
2023-03-14T12:00:00+00:00,31.0,1006.4,43.62
2023-03-14T15:00:00+00:00,26.2,1008.4,59.13
2023-03-14T18:00:00+00:00,23.8,1008.5,64.05
2023-03-14T21:00:00+00:00,20.6,1008.2,73.02
2023-03-15T00:00:00+00:00,19.4,1008.5,79.17
2023-03-15T03:00:00+00:00,20.0,1010.6,86.61
2023-03-15T06:00:00+00:00,30.6,1010.0,38.78
2023-03-15T09:00:00+00:00,33.6,1007.2,26.21
2023-03-15T12:00:00+00:00,32.6,1006.3,26.64
2023-03-15T15:00:00+00:00,25.8,1007.2,53.31
2023-03-15T18:00:00+00:00,23.0,1009.0,69.82
2023-03-15T21:00:00+00:00,21.0,1008.5,79.89
2023-03-16T00:00:00+00:00,21.0,1009.1,83.5
2023-03-16T03:00:00+00:00,22.8,1010.2,68.04
2023-03-16T06:00:00+00:00,28.8,1010.9,42.19
2023-03-16T09:00:00+00:00,32.4,1008.1,28.23
2023-03-16T12:00:00+00:00,31.8,1007.5,31.19
2023-03-16T15:00:00+00:00,25.2,1010.2,51.47
2023-03-16T18:00:00+00:00,22.2,1011.4,64.52
2023-03-16T21:00:00+00:00,21.2,1011.2,69.93
2023-03-17T00:00:00+00:00,19.4,1010.9,77.16
2023-03-17T03:00:00+00:00,22.6,1013.1,66.28
2023-03-17T06:00:00+00:00,27.2,1013.3,51.01
2023-03-17T09:00:00+00:00,27.8,1010.7,46.79
2023-03-17T12:00:00+00:00,28.2,1008.2,47.19
2023-03-17T15:00:00+00:00,24.4,1010.9,60.22
2023-03-17T18:00:00+00:00,22.4,1011.2,67.52
2023-03-17T21:00:00+00:00,21.0,1010.8,73.09
2023-03-18T00:00:00+00:00,21.0,1010.2,74.98
2023-03-18T03:00:00+00:00,19.8,1012.8,88.8
2023-03-18T06:00:00+00:00,24.0,1012.8,67.42
2023-03-18T09:00:00+00:00,22.6,1011.1,79.12
2023-03-18T12:00:00+00:00,18.8,1010.2,95.71
2023-03-18T15:00:00+00:00,19.6,1009.4,92.2
2023-03-18T18:00:00+00:00,19.2,1009.8,92.18
2023-03-18T21:00:00+00:00,18.6,1009.3,86.47
2023-03-19T00:00:00+00:00,17.8,1009.1,95.67
2023-03-19T03:00:00+00:00,19.0,1010.8,93.92
2023-03-19T06:00:00+00:00,25.8,1010.1,62.88
2023-03-19T09:00:00+00:00,26.0,1007.0,63.32
2023-03-19T12:00:00+00:00,24.4,1006.0,73.68
2023-03-19T15:00:00+00:00,20.0,1006.9,88.82
2023-03-19T18:00:00+00:00,19.4,1007.7,92.19
2023-03-19T21:00:00+00:00,18.8,1007.4,93.92
2023-03-20T00:00:00+00:00,18.8,1006.9,93.92
2023-03-20T03:00:00+00:00,20.0,1008.6,83.38
2023-03-20T06:00:00+00:00,23.8,1008.4,62.83
2023-03-20T09:00:00+00:00,26.6,1005.6,47.99
2023-03-20T12:00:00+00:00,22.8,1005.3,66.32
2023-03-20T15:00:00+00:00,15.8,1009.8,100.0
2023-03-20T18:00:00+00:00,16.4,1007.8,100.0
2023-03-20T21:00:00+00:00,16.2,1008.1,95.62
2023-03-21T00:00:00+00:00,16.6,1007.2,100.0
2023-03-21T03:00:00+00:00,17.4,1009.5,93.85
2023-03-21T06:00:00+00:00,22.4,1010.1,75.69
2023-03-21T09:00:00+00:00,23.8,1008.2,64.05
2023-03-21T12:00:00+00:00,24.0,1007.4,60.13
2023-03-21T15:00:00+00:00,20.8,1009.2,79.87
2023-03-21T18:00:00+00:00,18.2,1010.2,92.12
2023-03-21T21:00:00+00:00,16.7,1009.9,94.42
2023-03-22T00:00:00+00:00,15.8,1010.5,95.61
2023-03-22T03:00:00+00:00,18.4,1013.1,89.82
2023-03-22T06:00:00+00:00,23.6,1012.4,66.91
2023-03-22T09:00:00+00:00,27.6,1009.1,50.14
2023-03-22T12:00:00+00:00,26.8,1007.4,51.89
2023-03-22T15:00:00+00:00,23.2,1008.8,66.83
2023-03-22T18:00:00+00:00,21.4,1009.7,71.78
2023-03-22T21:00:00+00:00,19.0,1009.2,80.65
2023-03-23T00:00:00+00:00,17.6,1008.3,92.09
2023-03-23T03:00:00+00:00,19.0,1010.0,80.65
2023-03-23T06:00:00+00:00,27.2,1010.1,46.03
2023-03-23T09:00:00+00:00,29.8,1007.6,36.6
2023-03-23T12:00:00+00:00,28.4,1006.1,40.48
2023-03-23T15:00:00+00:00,24.6,1007.6,57.63
2023-03-23T18:00:00+00:00,22.0,1008.3,73.73
2023-03-23T21:00:00+00:00,20.0,1007.7,83.38
2023-03-24T00:00:00+00:00,19.0,1007.3,92.17
2023-03-24T03:00:00+00:00,21.6,1009.0,75.56
2023-03-24T06:00:00+00:00,20.6,1012.3,85.05
2023-03-24T09:00:00+00:00,27.6,1008.4,54.11
2023-03-24T12:00:00+00:00,27.4,1005.8,50.09
2023-03-24T15:00:00+00:00,20.6,1007.6,91.11
2023-03-24T18:00:00+00:00,19.0,1010.3,100.0
2023-03-24T21:00:00+00:00,18.0,1009.8,99.37
2023-03-25T00:00:00+00:00,17.4,1010.3,95.66
2023-03-25T03:00:00+00:00,19.4,1013.0,84.92
2023-03-25T06:00:00+00:00,25.6,1013.5,64.43
2023-03-25T09:00:00+00:00,29.2,1010.7,48.37
2023-03-25T12:00:00+00:00,28.0,1009.8,54.55
2023-03-25T15:00:00+00:00,22.8,1011.0,81.14
2023-03-25T18:00:00+00:00,20.8,1012.3,87.23
2023-03-26T00:00:00+00:00,17.8,1011.3,92.1
2023-03-26T03:00:00+00:00,18.8,1013.0,86.49
2023-03-26T06:00:00+00:00,28.2,1012.1,42.58
2023-03-26T09:00:00+00:00,30.4,1009.1,32.26
2023-03-26T12:00:00+00:00,28.4,1008.3,44.03
2023-03-26T15:00:00+00:00,24.4,1009.5,56.13
2023-03-26T18:00:00+00:00,21.8,1010.5,67.4
2023-03-26T21:00:00+00:00,19.4,1009.2,81.22
2023-03-27T00:00:00+00:00,18.2,1009.9,84.25
2023-03-27T03:00:00+00:00,20.0,1011.5,75.78
2023-03-27T06:00:00+00:00,26.0,1011.9,53.71
2023-03-27T09:00:00+00:00,28.2,1009.3,37.86
2023-03-27T12:00:00+00:00,28.0,1008.1,39.84
2023-03-27T15:00:00+00:00,23.6,1009.1,61.2
2023-03-27T18:00:00+00:00,21.0,1010.2,69.89
2023-03-27T21:00:00+00:00,19.4,1009.7,77.16
2023-03-28T00:00:00+00:00,17.0,1009.2,89.72
2023-03-28T03:00:00+00:00,19.4,1010.8,75.69
2023-03-28T06:00:00+00:00,27.4,1010.6,45.2
2023-03-28T09:00:00+00:00,30.2,1008.5,35.08
2023-03-28T12:00:00+00:00,29.2,1007.6,40.18
2023-03-28T15:00:00+00:00,24.0,1009.6,64.5
2023-03-28T18:00:00+00:00,20.8,1010.8,78.36
2023-03-28T21:00:00+00:00,19.2,1009.8,84.36
2023-03-29T00:00:00+00:00,17.8,1009.9,88.07
2023-03-29T03:00:00+00:00,21.2,1011.6,81.96
2023-03-29T06:00:00+00:00,29.8,1011.1,39.82
2023-03-29T09:00:00+00:00,33.0,1008.6,30.91
2023-03-29T12:00:00+00:00,32.0,1007.4,34.45
2023-03-29T15:00:00+00:00,20.6,1010.4,88.86
2023-03-29T18:00:00+00:00,21.0,1010.0,92.85
2023-03-30T00:00:00+00:00,19.6,1009.4,86.57
2023-03-30T03:00:00+00:00,22.0,1010.4,70.53
2023-03-30T06:00:00+00:00,29.2,1009.1,49.61
2023-03-30T09:00:00+00:00,32.0,1005.7,37.45
2023-03-30T15:00:00+00:00,18.4,1008.5,100.0
2023-03-30T18:00:00+00:00,18.0,1008.8,98.13
2023-03-30T21:00:00+00:00,17.2,1008.3,93.84
2023-03-31T00:00:00+00:00,16.8,1007.3,95.64
2023-03-31T03:00:00+00:00,19.2,1009.0,98.14
2023-03-31T06:00:00+00:00,23.0,1010.1,76.26
2023-03-31T09:00:00+00:00,27.0,1006.9,56.05
2023-03-31T12:00:00+00:00,25.0,1006.0,61.13
2023-03-31T15:00:00+00:00,20.0,1008.5,86.61
2023-03-31T18:00:00+00:00,18.8,1009.2,88.16
2023-03-31T21:00:00+00:00,18.0,1009.4,92.11
2023-04-01T00:00:00+00:00,17.0,1009.1,93.83
2023-04-01T03:00:00+00:00,19.4,1010.6,82.79
2023-04-01T06:00:00+00:00,25.2,1010.5,62.35
2023-04-01T09:00:00+00:00,27.4,1008.3,55.09
2023-04-01T12:00:00+00:00,26.2,1006.4,58.02
2023-04-01T15:00:00+00:00,18.8,1008.8,92.15
2023-04-01T18:00:00+00:00,18.6,1009.4,92.14
2023-04-01T21:00:00+00:00,18.2,1008.9,93.89
2023-04-02T00:00:00+00:00,16.8,1008.4,95.64
2023-04-02T03:00:00+00:00,19.4,1010.0,81.22
2023-04-02T06:00:00+00:00,26.0,1009.7,57.24
2023-04-02T09:00:00+00:00,28.6,1007.2,51.37
2023-04-02T12:00:00+00:00,29.4,1005.3,47.51
2023-04-02T15:00:00+00:00,24.2,1006.1,72.28
2023-04-02T18:00:00+00:00,21.0,1006.3,87.25
2023-04-02T21:00:00+00:00,19.4,1005.8,90.46
2023-04-03T00:00:00+00:00,18.4,1005.9,93.9
2023-04-03T03:00:00+00:00,22.2,1008.2,75.66
2023-04-03T06:00:00+00:00,28.8,1007.6,50.14
2023-04-03T09:00:00+00:00,31.4,1005.6,40.78
2023-04-03T12:00:00+00:00,26.8,1004.8,58.53
2023-04-03T15:00:00+00:00,24.2,1006.5,62.92
2023-04-03T18:00:00+00:00,22.6,1007.0,68.0
2023-04-03T21:00:00+00:00,20.4,1006.4,79.81
2023-04-04T00:00:00+00:00,17.6,1009.1,100.0
2023-04-04T03:00:00+00:00,18.2,1010.5,95.69
2023-04-04T06:00:00+00:00,27.4,1010.1,47.59
2023-04-04T09:00:00+00:00,30.0,1008.2,39.11
2023-04-04T12:00:00+00:00,29.6,1007.1,39.77
2023-04-04T15:00:00+00:00,25.2,1008.4,59.65
2023-04-04T18:00:00+00:00,22.0,1010.3,79.03
2023-04-04T21:00:00+00:00,20.4,1010.0,85.02
2023-04-05T00:00:00+00:00,17.2,1009.4,92.06
2023-04-05T03:00:00+00:00,21.0,1010.8,68.99
2023-04-05T06:00:00+00:00,28.8,1010.7,42.19
2023-04-05T09:00:00+00:00,30.8,1008.5,33.89
2023-04-05T12:00:00+00:00,31.2,1006.8,26.45
2023-04-05T15:00:00+00:00,23.4,1009.2,57.72
2023-04-05T18:00:00+00:00,19.8,1010.8,75.75
2023-04-05T21:00:00+00:00,18.2,1012.1,82.11
2023-04-06T00:00:00+00:00,18.4,1011.3,76.51
2023-04-06T03:00:00+00:00,22.2,1012.6,56.68
2023-04-06T06:00:00+00:00,27.4,1013.1,39.16
2023-04-06T09:00:00+00:00,31.8,1010.8,27.33
2023-04-06T12:00:00+00:00,32.0,1009.5,23.95
2023-04-06T15:00:00+00:00,24.4,1011.7,56.13
2023-04-06T18:00:00+00:00,21.0,1013.2,66.38
2023-04-06T21:00:00+00:00,19.6,1013.3,73.79
2023-04-07T00:00:00+00:00,17.0,1013.4,79.86
2023-04-07T03:00:00+00:00,22.6,1014.8,57.15
2023-04-07T06:00:00+00:00,30.2,1014.8,28.96
2023-04-07T09:00:00+00:00,33.2,1012.1,18.87
2023-04-07T12:00:00+00:00,32.2,1010.9,22.43
2023-04-07T15:00:00+00:00,26.8,1012.6,42.75
2023-04-07T18:00:00+00:00,25.2,1013.5,47.31
2023-04-07T21:00:00+00:00,21.6,1013.1,63.98
2023-04-08T00:00:00+00:00,19.6,1013.7,81.24
2023-04-08T03:00:00+00:00,21.4,1015.2,49.48
2023-04-08T06:00:00+00:00,31.2,1014.7,25.57
2023-04-08T09:00:00+00:00,33.2,1012.6,22.23
2023-04-08T12:00:00+00:00,32.8,1011.6,19.84
2023-04-08T15:00:00+00:00,24.6,1013.2,49.35
2023-04-08T18:00:00+00:00,22.0,1014.1,58.13
2023-04-08T21:00:00+00:00,20.2,1013.7,62.43
2023-04-09T00:00:00+00:00,17.0,1014.8,79.86
2023-04-09T03:00:00+00:00,22.0,1016.0,58.13
2023-04-09T06:00:00+00:00,32.6,1015.2,29.42
2023-04-09T09:00:00+00:00,34.2,1012.4,21.16
2023-04-09T12:00:00+00:00,33.8,1010.0,21.35
2023-04-09T15:00:00+00:00,24.4,1012.0,49.3
2023-04-09T18:00:00+00:00,20.6,1012.8,66.29
2023-04-09T21:00:00+00:00,19.2,1011.8,75.65
2023-04-10T00:00:00+00:00,17.2,1012.4,79.88
2023-04-10T03:00:00+00:00,22.2,1013.5,52.04
2023-04-10T06:00:00+00:00,31.8,1013.2,28.25
2023-04-10T09:00:00+00:00,34.2,1010.4,18.72
2023-04-10T15:00:00+00:00,25.8,1011.0,53.31
2023-04-10T18:00:00+00:00,21.6,1012.0,68.67
2023-04-10T21:00:00+00:00,20.2,1010.9,72.49
2023-04-11T00:00:00+00:00,18.2,1011.0,76.48
2023-04-11T03:00:00+00:00,22.4,1012.6,56.73
2023-04-11T06:00:00+00:00,33.4,1012.4,29.63
2023-04-11T09:00:00+00:00,36.4,1009.8,23.34
2023-04-11T12:00:00+00:00,35.2,1008.4,25.77
2023-04-11T15:00:00+00:00,28.6,1009.7,42.96
2023-04-11T21:00:00+00:00,25.4,1010.6,47.67
2023-04-12T00:00:00+00:00,23.2,1010.3,86.37
2023-04-12T03:00:00+00:00,27.0,1011.5,44.51
2023-04-12T06:00:00+00:00,34.0,1011.9,32.2
2023-04-12T09:00:00+00:00,34.4,1009.2,25.56
2023-04-12T12:00:00+00:00,34.4,1007.7,29.9
2023-04-12T15:00:00+00:00,28.0,1009.4,47.14
2023-04-12T18:00:00+00:00,25.0,1009.8,53.8
2023-04-12T21:00:00+00:00,23.0,1009.6,74.37
2023-04-13T00:00:00+00:00,20.4,1009.1,74.41
2023-04-13T03:00:00+00:00,24.4,1010.7,60.22
2023-04-13T06:00:00+00:00,34.2,1009.4,28.15
2023-04-13T09:00:00+00:00,37.2,1006.4,20.5
2023-04-13T12:00:00+00:00,36.8,1005.1,20.0
2023-04-13T15:00:00+00:00,28.2,1007.4,52.25
2023-04-13T18:00:00+00:00,24.6,1008.2,60.65
2023-04-13T21:00:00+00:00,22.8,1007.7,69.79
2023-04-14T00:00:00+00:00,21.6,1008.5,66.93
2023-04-14T03:00:00+00:00,26.8,1009.7,45.62
2023-04-14T06:00:00+00:00,35.4,1008.7,22.78
2023-04-14T09:00:00+00:00,38.4,1006.2,16.46
2023-04-14T12:00:00+00:00,37.0,1004.8,23.34
2023-04-14T15:00:00+00:00,29.0,1006.5,50.51
2023-04-14T18:00:00+00:00,25.0,1007.3,56.63
2023-04-14T21:00:00+00:00,23.6,1006.0,61.2
2023-04-15T00:00:00+00:00,21.6,1007.3,66.93
2023-04-15T03:00:00+00:00,25.6,1009.3,58.61
2023-04-15T06:00:00+00:00,38.8,1008.1,21.17
2023-04-15T09:00:00+00:00,40.2,1005.9,18.14
2023-04-15T12:00:00+00:00,39.0,1003.8,21.36
2023-04-15T15:00:00+00:00,32.4,1005.6,35.92
2023-04-15T18:00:00+00:00,30.6,1006.8,39.79
2023-04-15T21:00:00+00:00,27.4,1006.3,50.09
2023-04-16T00:00:00+00:00,25.2,1005.9,57.05
2023-04-16T03:00:00+00:00,26.4,1008.0,55.55
2023-04-16T06:00:00+00:00,36.2,1007.5,27.07
2023-04-16T09:00:00+00:00,39.8,1004.2,21.0
2023-04-16T12:00:00+00:00,38.6,1002.4,23.75
2023-04-16T15:00:00+00:00,32.6,1004.6,41.37
2023-04-16T18:00:00+00:00,29.0,1005.8,54.12
2023-04-16T21:00:00+00:00,27.0,1005.4,61.2
2023-04-17T00:00:00+00:00,23.0,1005.3,71.16
2023-04-17T03:00:00+00:00,28.6,1006.8,46.4
2023-04-17T06:00:00+00:00,37.8,1006.8,24.32
2023-04-17T09:00:00+00:00,39.8,1004.5,21.69
2023-04-17T12:00:00+00:00,30.4,1005.7,54.13
2023-04-17T15:00:00+00:00,30.4,1005.7,54.13
2023-04-17T18:00:00+00:00,27.2,1006.9,64.37
2023-04-17T21:00:00+00:00,25.4,1006.6,72.94
2023-04-18T00:00:00+00:00,23.6,1007.2,73.08
2023-04-18T03:00:00+00:00,31.6,1008.5,36.86
2023-04-18T06:00:00+00:00,37.2,1008.4,29.14
2023-04-18T09:00:00+00:00,36.8,1005.9,29.03
2023-04-18T12:00:00+00:00,38.8,1004.3,26.21
2023-04-18T15:00:00+00:00,32.0,1005.8,50.96
2023-04-18T18:00:00+00:00,27.6,1006.8,63.27
2023-04-19T00:00:00+00:00,26.6,1006.2,52.84
2023-04-19T03:00:00+00:00,26.0,1008.0,56.52
2023-04-19T06:00:00+00:00,33.8,1006.6,39.41
2023-04-19T09:00:00+00:00,37.4,1002.9,30.91
2023-04-19T12:00:00+00:00,35.8,1000.7,33.32
2023-04-19T15:00:00+00:00,33.4,1001.8,40.05
2023-04-19T18:00:00+00:00,31.2,1003.0,43.67
2023-04-19T21:00:00+00:00,29.6,1002.4,46.38
2023-04-20T00:00:00+00:00,26.4,1002.3,55.55
2023-04-20T03:00:00+00:00,26.6,1003.6,58.11
2023-04-20T06:00:00+00:00,33.0,1003.3,35.62
2023-04-20T09:00:00+00:00,34.6,1000.9,31.95
2023-04-20T12:00:00+00:00,35.2,998.7,32.73
2023-04-20T15:00:00+00:00,27.6,1000.2,48.88
2023-04-20T18:00:00+00:00,26.6,1001.0,51.84
2023-04-20T21:00:00+00:00,25.4,1001.8,52.87
2023-04-21T00:00:00+00:00,23.0,1002.2,61.86
2023-04-21T03:00:00+00:00,25.8,1004.9,52.3
2023-04-21T06:00:00+00:00,33.8,1004.9,36.53
2023-04-21T09:00:00+00:00,35.4,1002.0,24.34
2023-04-21T12:00:00+00:00,35.0,1000.8,26.4
2023-04-21T15:00:00+00:00,29.4,1003.3,46.32
2023-04-21T18:00:00+00:00,27.6,1004.3,50.14
2023-04-21T21:00:00+00:00,26.4,1003.9,55.55
2023-04-22T00:00:00+00:00,22.2,1003.4,59.71
2023-04-22T03:00:00+00:00,26.4,1005.6,43.77
2023-04-22T06:00:00+00:00,33.4,1005.5,27.76
2023-04-22T09:00:00+00:00,35.6,1003.5,25.54
2023-04-22T12:00:00+00:00,34.8,1002.0,27.77
2023-04-22T15:00:00+00:00,28.0,1003.9,45.95
2023-04-22T18:00:00+00:00,27.6,1004.4,39.47
2023-04-22T21:00:00+00:00,25.0,1004.2,47.25
2023-04-23T00:00:00+00:00,24.6,1003.9,41.3
2023-04-23T03:00:00+00:00,25.6,1007.9,38.65
2023-04-23T06:00:00+00:00,27.6,1010.0,34.81
2023-04-23T09:00:00+00:00,29.4,1007.3,31.77
2023-04-23T12:00:00+00:00,29.6,1004.2,32.25
2023-04-23T15:00:00+00:00,26.6,1006.9,47.99
2023-04-23T18:00:00+00:00,25.4,1008.2,50.21
2023-04-23T21:00:00+00:00,24.8,1007.3,52.38
2023-04-24T00:00:00+00:00,23.4,1007.8,57.72
2023-04-24T03:00:00+00:00,23.4,1011.1,52.02
2023-04-24T06:00:00+00:00,30.8,1011.3,35.94
2023-04-24T09:00:00+00:00,33.6,1009.7,31.68
2023-04-24T12:00:00+00:00,32.4,1008.3,35.92
2023-04-24T15:00:00+00:00,27.6,1010.0,51.43
2023-04-24T18:00:00+00:00,25.4,1011.0,54.25
2023-04-24T21:00:00+00:00,23.8,1010.3,58.19
2023-04-25T00:00:00+00:00,21.8,1011.8,68.71
2023-04-25T03:00:00+00:00,25.0,1013.4,48.5
2023-04-25T06:00:00+00:00,31.2,1013.1,36.28
2023-04-25T09:00:00+00:00,33.6,1010.4,34.44
2023-04-25T12:00:00+00:00,33.0,1008.0,30.91
2023-04-25T15:00:00+00:00,27.2,1010.3,56.1
2023-04-25T18:00:00+00:00,24.2,1008.8,64.54
2023-04-25T21:00:00+00:00,23.0,1007.8,68.08
2023-04-26T00:00:00+00:00,22.4,1008.5,64.56
2023-04-26T03:00:00+00:00,25.6,1009.9,54.65
2023-04-26T06:00:00+00:00,32.6,1009.1,38.1
2023-04-26T09:00:00+00:00,36.2,1006.2,29.62
2023-04-26T12:00:00+00:00,34.4,1004.0,34.44
2023-04-26T15:00:00+00:00,28.8,1005.4,54.07
2023-04-26T18:00:00+00:00,25.6,1006.3,60.12
2023-04-26T21:00:00+00:00,24.0,1006.1,64.5
2023-04-27T00:00:00+00:00,22.2,1006.4,74.24
2023-04-27T03:00:00+00:00,26.0,1008.5,61.75
2023-04-27T06:00:00+00:00,34.6,1007.9,34.72
2023-04-27T09:00:00+00:00,38.0,1005.3,23.75
2023-04-27T12:00:00+00:00,36.6,1003.0,26.83
2023-04-27T15:00:00+00:00,28.8,1007.5,43.3
2023-04-27T18:00:00+00:00,26.4,1009.2,50.15
2023-04-27T21:00:00+00:00,25.2,1008.7,52.82
2023-04-28T00:00:00+00:00,24.8,1008.0,72.38
2023-04-28T03:00:00+00:00,25.2,1010.2,62.35
2023-04-28T06:00:00+00:00,29.8,1010.2,47.92
2023-04-28T09:00:00+00:00,33.8,1008.1,33.84
2023-04-28T12:00:00+00:00,32.8,1005.2,38.4
2023-04-28T15:00:00+00:00,28.4,1006.3,57.45
2023-04-28T18:00:00+00:00,27.6,1007.8,57.99
2023-04-28T21:00:00+00:00,26.0,1007.1,61.75
2023-04-29T00:00:00+00:00,23.4,1007.3,68.59
2023-04-29T03:00:00+00:00,27.0,1008.8,48.41
2023-04-29T06:00:00+00:00,30.2,1007.9,45.95
2023-04-29T09:00:00+00:00,32.0,1006.8,43.61
2023-04-29T12:00:00+00:00,30.4,1004.9,45.14
2023-04-29T15:00:00+00:00,27.0,1006.5,58.57
2023-04-29T18:00:00+00:00,25.8,1007.6,64.47
2023-04-29T21:00:00+00:00,25.4,1006.8,65.61
2023-04-30T00:00:00+00:00,24.0,1006.4,70.45
2023-04-30T03:00:00+00:00,25.6,1008.6,65.65
2023-04-30T06:00:00+00:00,26.2,1008.3,66.19
2023-04-30T09:00:00+00:00,27.2,1005.9,56.1
2023-04-30T12:00:00+00:00,27.2,1004.0,58.62
2023-04-30T15:00:00+00:00,23.0,1006.4,89.6
2023-04-30T18:00:00+00:00,21.8,1007.4,91.19
2023-04-30T21:00:00+00:00,21.0,1006.1,90.57
2023-05-01T00:00:00+00:00,21.2,1005.9,90.59
2023-05-01T03:00:00+00:00,22.4,1008.3,87.37
2023-05-01T06:00:00+00:00,25.2,1008.3,77.55
2023-05-01T09:00:00+00:00,21.0,1007.3,100.0
2023-05-01T12:00:00+00:00,22.6,1005.6,94.66
2023-05-01T15:00:00+00:00,22.8,1007.9,85.8
2023-05-01T18:00:00+00:00,22.4,1008.4,87.37
2023-05-01T21:00:00+00:00,21.6,1008.2,87.3
2023-05-02T00:00:00+00:00,21.2,1007.6,94.61
2023-05-02T03:00:00+00:00,21.8,1009.7,87.32
2023-05-02T06:00:00+00:00,25.4,1010.2,77.58
2023-05-02T09:00:00+00:00,27.6,1007.8,68.55
2023-05-02T12:00:00+00:00,25.7,1006.7,76.68
2023-05-02T15:00:00+00:00,23.4,1007.9,79.72
2023-05-02T18:00:00+00:00,22.7,1010.2,84.74
2023-05-02T21:00:00+00:00,22.0,1009.8,87.34
2023-05-03T00:00:00+00:00,21.2,1010.0,92.86
2023-05-03T03:00:00+00:00,24.2,1011.2,76.92
2023-05-03T06:00:00+00:00,29.8,1010.0,63.36
2023-05-03T09:00:00+00:00,20.2,1009.5,98.16
2023-05-03T12:00:00+00:00,19.4,1009.6,100.0
2023-05-03T15:00:00+00:00,20.2,1008.4,100.0
2023-05-03T18:00:00+00:00,21.6,1010.2,87.3
2023-05-03T21:00:00+00:00,20.8,1009.6,92.84
2023-05-04T00:00:00+00:00,18.4,1010.6,100.0
2023-05-04T03:00:00+00:00,20.2,1012.6,98.16
2023-05-04T06:00:00+00:00,25.6,1011.4,74.34
2023-05-04T09:00:00+00:00,30.2,1008.8,52.75
2023-05-04T12:00:00+00:00,30.2,1005.7,57.53
2023-05-04T15:00:00+00:00,26.2,1007.6,76.28
2023-05-04T18:00:00+00:00,23.6,1009.0,84.83
2023-05-04T21:00:00+00:00,21.4,1008.7,88.93
2023-05-05T00:00:00+00:00,21.2,1007.5,90.59
2023-05-05T03:00:00+00:00,25.4,1010.3,69.84
2023-05-05T06:00:00+00:00,29.6,1009.0,59.55
2023-05-05T09:00:00+00:00,33.0,1005.9,43.61
2023-05-05T15:00:00+00:00,28.6,1004.9,67.91
2023-05-05T18:00:00+00:00,26.8,1006.0,74.99
2023-05-05T21:00:00+00:00,25.2,1005.4,77.55
2023-05-06T00:00:00+00:00,23.6,1005.3,84.83
2023-05-06T03:00:00+00:00,26.0,1007.4,63.32
2023-05-06T06:00:00+00:00,31.8,1007.1,42.21
2023-05-06T09:00:00+00:00,33.0,1004.7,36.54
2023-05-06T12:00:00+00:00,33.6,1002.6,37.18
2023-05-06T15:00:00+00:00,29.4,1003.4,52.22
2023-05-06T18:00:00+00:00,26.2,1004.3,69.13
2023-05-06T21:00:00+00:00,24.6,1003.7,71.01
2023-05-07T00:00:00+00:00,22.2,1004.1,82.6
2023-05-07T03:00:00+00:00,27.2,1005.7,60.11
2023-05-07T06:00:00+00:00,35.4,1005.5,36.51
2023-05-07T09:00:00+00:00,35.6,1003.6,44.3
2023-05-07T12:00:00+00:00,35.2,1001.3,40.04
2023-05-07T15:00:00+00:00,25.0,1003.7,83.44
2023-05-07T18:00:00+00:00,24.6,1004.2,78.42
2023-05-07T21:00:00+00:00,23.4,1003.0,79.72
2023-05-08T00:00:00+00:00,23.0,1003.3,96.42
2023-05-08T03:00:00+00:00,24.6,1005.2,88.1
2023-05-08T06:00:00+00:00,31.2,1005.2,61.01
2023-05-08T09:00:00+00:00,35.6,1003.3,40.39
2023-05-08T12:00:00+00:00,35.0,1001.7,43.6
2023-05-08T15:00:00+00:00,29.2,1003.1,55.54
2023-05-08T18:00:00+00:00,25.8,1004.9,71.67
2023-05-08T21:00:00+00:00,24.4,1003.9,76.95
2023-05-09T00:00:00+00:00,22.2,1005.4,85.74
2023-05-09T03:00:00+00:00,25.4,1008.0,63.99
2023-05-09T06:00:00+00:00,33.2,1007.3,33.89
2023-05-09T09:00:00+00:00,37.2,1005.1,14.81
2023-05-09T12:00:00+00:00,36.0,1003.6,30.92
2023-05-09T15:00:00+00:00,32.4,1004.8,39.78
2023-05-09T18:00:00+00:00,30.6,1005.6,42.96
2023-05-09T21:00:00+00:00,28.8,1005.4,47.96
2023-05-10T00:00:00+00:00,25.4,1005.4,61.22
2023-05-10T03:00:00+00:00,26.2,1007.1,48.51
2023-05-10T06:00:00+00:00,33.2,1006.5,26.63
2023-05-10T09:00:00+00:00,35.2,1004.7,27.51
2023-05-10T12:00:00+00:00,36.0,1003.0,22.79
2023-05-10T15:00:00+00:00,31.8,1004.0,34.17
2023-05-10T18:00:00+00:00,27.0,1004.5,52.27
2023-05-10T21:00:00+00:00,24.6,1004.3,59.51
2023-05-11T00:00:00+00:00,21.0,1005.9,73.09
2023-05-11T03:00:00+00:00,28.0,1008.1,43.36
2023-05-11T06:00:00+00:00,35.4,1007.9,31.16
2023-05-11T09:00:00+00:00,37.6,1005.6,25.56
2023-05-11T12:00:00+00:00,37.0,1003.6,28.9
2023-05-11T15:00:00+00:00,29.0,1005.2,57.96
2023-05-11T18:00:00+00:00,26.0,1005.5,67.4
2023-05-11T21:00:00+00:00,24.2,1005.2,70.49
2023-05-12T00:00:00+00:00,22.0,1005.6,77.07
2023-05-12T03:00:00+00:00,25.4,1007.2,58.57
2023-05-12T06:00:00+00:00,36.2,1005.8,29.62
2023-05-12T09:00:00+00:00,40.0,1003.3,18.7
2023-05-12T12:00:00+00:00,40.4,1000.6,17.71
2023-05-12T15:00:00+00:00,33.2,1002.2,41.79
2023-05-12T18:00:00+00:00,28.6,1004.1,60.06
2023-05-12T21:00:00+00:00,26.6,1003.2,63.84
2023-05-13T00:00:00+00:00,24.2,1003.8,72.28
2023-05-13T03:00:00+00:00,28.6,1005.6,57.5
2023-05-13T06:00:00+00:00,36.2,1006.5,34.71
2023-05-13T09:00:00+00:00,40.2,1002.1,30.12
2023-05-13T12:00:00+00:00,40.4,1000.4,25.96
2023-05-13T15:00:00+00:00,34.6,1002.7,44.04
2023-05-13T18:00:00+00:00,33.2,1002.7,46.75
2023-05-13T21:00:00+00:00,30.6,1002.7,52.2
2023-05-14T00:00:00+00:00,28.4,1001.1,60.01
2023-05-14T03:00:00+00:00,30.0,1003.6,52.7
2023-05-14T06:00:00+00:00,36.0,1002.2,38.07
2023-05-14T09:00:00+00:00,40.2,999.3,31.66
2023-05-14T12:00:00+00:00,38.6,997.7,29.89
2023-05-14T15:00:00+00:00,33.6,998.1,36.25
2023-05-14T18:00:00+00:00,30.6,999.8,41.88
2023-05-14T21:00:00+00:00,29.0,999.7,44.48
2023-05-15T00:00:00+00:00,27.4,1000.3,50.09
2023-05-15T03:00:00+00:00,29.6,1001.7,46.38
2023-05-15T06:00:00+00:00,36.0,1002.5,37.13
2023-05-15T09:00:00+00:00,40.0,1000.1,26.86
2023-05-15T12:00:00+00:00,39.8,997.7,28.19
2023-05-15T15:00:00+00:00,35.2,998.5,32.73
2023-05-15T18:00:00+00:00,32.6,1000.3,38.1
2023-05-15T21:00:00+00:00,30.2,1000.1,41.5
2023-05-16T00:00:00+00:00,28.8,1002.8,44.42
2023-05-16T03:00:00+00:00,30.6,1003.6,47.53
2023-05-16T06:00:00+00:00,34.8,1004.5,37.74
2023-05-16T09:00:00+00:00,38.2,1002.1,32.72
2023-05-16T12:00:00+00:00,39.0,1000.6,29.62
2023-05-16T15:00:00+00:00,34.2,1002.3,40.77
2023-05-16T18:00:00+00:00,30.0,1003.8,53.69
2023-05-16T21:00:00+00:00,28.8,1003.7,56.48
2023-05-17T00:00:00+00:00,26.6,1003.0,62.27
2023-05-17T03:00:00+00:00,31.0,1005.1,44.73
2023-05-17T06:00:00+00:00,34.8,1005.6,40.43
2023-05-17T09:00:00+00:00,40.4,1002.9,27.3
2023-05-17T12:00:00+00:00,37.2,1001.5,40.08
2023-05-17T15:00:00+00:00,34.8,1003.2,44.36
2023-05-17T18:00:00+00:00,32.0,1005.0,52.23
2023-05-17T21:00:00+00:00,29.6,1004.1,55.98
2023-05-18T00:00:00+00:00,23.8,1010.0,82.79
2023-05-18T03:00:00+00:00,25.2,1010.3,75.66
2023-05-18T06:00:00+00:00,30.2,1010.1,55.09
2023-05-18T09:00:00+00:00,35.8,1007.1,40.7
2023-05-18T12:00:00+00:00,35.0,1006.2,49.57
2023-05-18T15:00:00+00:00,30.4,1006.9,60.1
2023-05-18T18:00:00+00:00,27.8,1007.0,71.59
2023-05-18T21:00:00+00:00,26.0,1006.5,77.67
2023-05-19T00:00:00+00:00,25.0,1006.2,77.04
2023-05-19T03:00:00+00:00,28.8,1007.5,57.55
2023-05-19T06:00:00+00:00,34.4,1006.9,40.07
2023-05-19T12:00:00+00:00,37.6,1002.5,24.91
2023-05-19T15:00:00+00:00,31.8,1003.4,54.14
2023-05-19T18:00:00+00:00,28.4,1004.6,57.45
2023-05-19T21:00:00+00:00,26.8,1002.8,59.64
2023-05-20T00:00:00+00:00,24.4,1003.0,69.22
2023-05-20T03:00:00+00:00,29.4,1004.4,52.22
2023-05-20T06:00:00+00:00,36.2,1004.2,40.06
2023-05-20T09:00:00+00:00,39.6,1002.0,27.27
2023-05-20T12:00:00+00:00,39.8,1000.7,28.19
2023-05-20T15:00:00+00:00,32.4,1001.8,49.21
2023-05-20T18:00:00+00:00,28.6,1002.8,62.71
2023-05-20T21:00:00+00:00,27.2,1001.0,66.81
2023-05-21T00:00:00+00:00,25.2,1002.9,74.27
2023-05-21T03:00:00+00:00,31.2,1004.5,50.44
2023-05-21T06:00:00+00:00,39.8,1004.1,27.49
2023-05-21T09:00:00+00:00,42.0,1002.1,24.92
2023-05-21T12:00:00+00:00,41.2,1001.1,33.32
2023-05-21T15:00:00+00:00,35.4,1001.8,47.04
2023-05-21T18:00:00+00:00,33.6,1002.8,48.32
2023-05-21T21:00:00+00:00,30.4,1002.6,53.13
2023-05-22T00:00:00+00:00,27.6,1002.8,57.99
2023-05-22T03:00:00+00:00,34.0,1004.4,34.99
2023-05-22T06:00:00+00:00,40.2,1004.1,35.57
2023-05-22T09:00:00+00:00,42.6,1002.1,33.9
2023-05-22T12:00:00+00:00,42.6,1000.2,27.53
2023-05-22T15:00:00+00:00,36.6,1001.8,43.23
2023-05-22T18:00:00+00:00,33.0,1003.7,48.76
2023-05-22T21:00:00+00:00,30.8,1003.4,53.56
2023-05-23T00:00:00+00:00,32.2,1004.2,37.51
2023-05-23T03:00:00+00:00,34.0,1004.8,37.76
2023-05-23T06:00:00+00:00,39.8,1004.6,33.56
2023-05-23T09:00:00+00:00,42.6,1001.6,31.13
2023-05-23T12:00:00+00:00,41.8,998.7,35.57
2023-05-23T15:00:00+00:00,35.8,1001.5,31.67
2023-05-23T18:00:00+00:00,33.4,1005.5,41.07
2023-05-23T21:00:00+00:00,29.4,1002.7,58.05
2023-05-24T00:00:00+00:00,27.2,1003.2,65.58
2023-05-24T03:00:00+00:00,30.6,1007.4,50.92
2023-05-24T06:00:00+00:00,32.8,1005.8,48.71
2023-05-24T09:00:00+00:00,32.6,1003.7,49.56
2023-05-24T12:00:00+00:00,32.8,1003.1,41.42
2023-05-24T15:00:00+00:00,29.6,1005.4,50.98
2023-05-24T18:00:00+00:00,26.4,1003.7,66.23
2023-05-24T21:00:00+00:00,25.2,1001.5,68.51
2023-05-25T00:00:00+00:00,24.0,1004.3,69.14
2023-05-25T03:00:00+00:00,27.8,1005.9,59.5
2023-05-25T06:00:00+00:00,32.8,1004.9,46.35
2023-05-25T09:00:00+00:00,35.4,1001.3,41.1
2023-05-25T12:00:00+00:00,35.2,1001.6,41.81
2023-05-25T15:00:00+00:00,29.4,1003.1,60.61
2023-05-25T18:00:00+00:00,26.0,1004.4,71.7
2023-05-25T21:00:00+00:00,23.4,1003.3,82.74
2023-05-26T00:00:00+00:00,22.6,1004.7,84.2
2023-05-26T03:00:00+00:00,25.4,1007.3,66.86
2023-05-26T06:00:00+00:00,31.4,1007.2,45.98
2023-05-26T09:00:00+00:00,33.6,1006.1,43.23
2023-05-26T12:00:00+00:00,33.2,1003.5,45.89
2023-05-26T15:00:00+00:00,29.6,1004.2,54.61
2023-05-26T18:00:00+00:00,28.2,1004.9,62.24
2023-05-26T21:00:00+00:00,27.0,1004.6,66.77
2023-05-27T00:00:00+00:00,26.6,1003.7,72.25
2023-05-27T03:00:00+00:00,20.6,1010.0,100.0
2023-05-27T06:00:00+00:00,25.6,1005.8,76.19
2023-05-27T09:00:00+00:00,31.8,1004.3,55.48
2023-05-27T12:00:00+00:00,32.0,1003.4,53.2
2023-05-27T15:00:00+00:00,28.4,1005.1,77.55
2023-05-27T18:00:00+00:00,27.6,1006.0,79.8
2023-05-27T21:00:00+00:00,26.6,1004.6,84.12
2023-05-28T00:00:00+00:00,24.8,1005.5,91.38
2023-05-28T03:00:00+00:00,28.4,1006.5,70.4
2023-05-28T06:00:00+00:00,32.4,1007.3,54.95
2023-05-28T09:00:00+00:00,34.0,1005.2,56.01
2023-05-28T12:00:00+00:00,34.4,1003.2,58.5
2023-05-28T15:00:00+00:00,31.0,1004.4,67.97
2023-05-28T18:00:00+00:00,27.8,1009.0,68.59
2023-05-28T21:00:00+00:00,24.4,1008.8,96.46
2023-05-29T00:00:00+00:00,22.4,1007.6,96.41
2023-05-29T03:00:00+00:00,26.6,1009.5,78.23
2023-05-29T06:00:00+00:00,33.4,1008.2,54.53
2023-05-29T09:00:00+00:00,30.2,1006.3,72.88
2023-05-29T12:00:00+00:00,26.8,1005.3,78.26
2023-05-29T15:00:00+00:00,27.6,1007.5,81.25
2023-05-29T18:00:00+00:00,25.8,1009.5,85.58
2023-05-29T21:00:00+00:00,24.2,1008.2,90.79
2023-05-30T00:00:00+00:00,23.4,1007.9,84.29
2023-05-30T03:00:00+00:00,25.4,1009.0,77.58
2023-05-30T06:00:00+00:00,32.6,1008.0,54.01
2023-05-30T09:00:00+00:00,34.8,1005.8,48.33
2023-05-30T12:00:00+00:00,34.2,1003.8,50.89
2023-05-30T18:00:00+00:00,22.0,1007.0,98.18
2023-05-30T21:00:00+00:00,22.0,1006.6,98.18
2023-05-31T00:00:00+00:00,22.0,1006.1,100.0
2023-05-31T03:00:00+00:00,23.0,1007.3,98.2
2023-05-31T06:00:00+00:00,29.0,1007.1,66.76
2023-05-31T09:00:00+00:00,30.6,1005.6,63.91
2023-05-31T12:00:00+00:00,30.0,1006.9,60.01
2023-05-31T15:00:00+00:00,23.8,1007.5,88.03
2023-05-31T18:00:00+00:00,23.4,1008.4,92.98
2023-05-31T21:00:00+00:00,22.8,1006.1,94.67
2023-06-01T00:00:00+00:00,21.6,1007.3,98.18
2023-06-01T03:00:00+00:00,24.6,1007.7,81.87
2023-06-01T06:00:00+00:00,25.0,1006.7,75.63
2023-06-01T09:00:00+00:00,31.4,1005.2,52.73
2023-06-01T15:00:00+00:00,27.4,1005.4,76.93
2023-06-01T18:00:00+00:00,25.4,1005.1,75.69
2023-06-01T21:00:00+00:00,24.2,1003.7,78.36
2023-06-02T00:00:00+00:00,22.4,1005.5,87.37
2023-06-02T03:00:00+00:00,26.4,1006.9,66.23
2023-06-02T06:00:00+00:00,31.6,1007.0,46.33
2023-06-02T15:00:00+00:00,30.2,1003.8,62.67
2023-06-02T18:00:00+00:00,28.6,1004.7,66.68
2023-06-02T21:00:00+00:00,27.2,1003.9,69.75
2023-06-03T00:00:00+00:00,23.8,1004.4,79.78
2023-06-03T03:00:00+00:00,27.4,1006.3,67.26
2023-06-03T06:00:00+00:00,33.0,1006.3,50.9
2023-06-03T09:00:00+00:00,34.4,1004.9,49.12
2023-06-03T12:00:00+00:00,35.8,1003.3,35.93
2023-06-03T15:00:00+00:00,30.8,1003.7,52.25
2023-06-03T18:00:00+00:00,28.2,1004.4,63.79
2023-06-03T21:00:00+00:00,26.4,1004.0,72.22
2023-06-04T00:00:00+00:00,27.2,1005.9,69.75
2023-06-04T03:00:00+00:00,25.4,1006.0,86.58
2023-06-04T06:00:00+00:00,31.8,1005.5,66.12
2023-06-04T09:00:00+00:00,32.6,1003.9,64.33
2023-06-04T12:00:00+00:00,30.8,1002.5,67.93
2023-06-04T15:00:00+00:00,30.0,1003.8,67.36
2023-06-04T18:00:00+00:00,27.8,1003.9,76.99
2023-06-04T21:00:00+00:00,25.8,1002.1,82.02
2023-06-05T00:00:00+00:00,25.8,1002.9,80.05
2023-06-05T03:00:00+00:00,29.8,1004.5,67.32
2023-06-05T06:00:00+00:00,34.6,1004.2,49.17
2023-06-05T09:00:00+00:00,37.0,1002.0,41.78
2023-06-05T12:00:00+00:00,37.2,1000.5,40.08
2023-06-05T15:00:00+00:00,31.6,1002.0,62.22
2023-06-05T18:00:00+00:00,29.6,1002.9,71.05
2023-06-05T21:00:00+00:00,26.2,1002.9,82.57
2023-06-06T00:00:00+00:00,24.4,1003.6,89.71
2023-06-06T03:00:00+00:00,28.8,1004.9,62.75
2023-06-06T06:00:00+00:00,34.8,1003.9,46.31
2023-06-06T09:00:00+00:00,37.8,1001.8,38.32
2023-06-06T12:00:00+00:00,36.8,999.6,48.26
2023-06-06T15:00:00+00:00,33.2,1001.3,55.48
2023-06-06T18:00:00+00:00,31.4,1002.7,57.46
2023-06-06T21:00:00+00:00,29.0,1001.7,61.65
2023-06-07T00:00:00+00:00,25.6,1002.7,77.61
2023-06-07T03:00:00+00:00,29.2,1004.2,56.93
2023-06-07T06:00:00+00:00,35.0,1003.6,41.76
2023-06-07T09:00:00+00:00,37.6,1002.5,31.16
2023-06-07T12:00:00+00:00,37.8,1000.0,35.58
2023-06-07T15:00:00+00:00,33.0,1000.7,49.97
2023-06-07T18:00:00+00:00,30.0,1001.9,60.01
2023-06-07T21:00:00+00:00,27.0,1001.9,71.01
2023-06-08T00:00:00+00:00,25.0,1003.1,75.63
2023-06-08T03:00:00+00:00,31.8,1004.2,47.55
2023-06-08T06:00:00+00:00,37.2,1003.1,35.87
2023-06-08T09:00:00+00:00,38.6,1001.0,36.47
2023-06-08T12:00:00+00:00,38.8,998.1,34.98
2023-06-08T15:00:00+00:00,33.4,999.6,47.97
2023-06-08T18:00:00+00:00,30.0,1000.1,57.48
2023-06-08T21:00:00+00:00,28.2,999.7,63.79
2023-06-09T00:00:00+00:00,28.8,1000.8,63.92
2023-06-09T03:00:00+00:00,31.6,1000.9,58.92
2023-06-09T06:00:00+00:00,36.4,999.8,47.87
2023-06-09T09:00:00+00:00,40.0,997.2,31.41
2023-06-09T12:00:00+00:00,39.8,995.1,32.74
2023-06-09T15:00:00+00:00,32.2,997.2,49.16
2023-06-09T18:00:00+00:00,31.4,997.3,47.15
2023-06-09T21:00:00+00:00,30.2,997.2,49.25
2023-06-10T00:00:00+00:00,27.8,997.7,66.11
2023-06-10T03:00:00+00:00,32.6,999.3,49.56
2023-06-10T06:00:00+00:00,38.4,999.2,42.15
2023-06-10T09:00:00+00:00,40.8,995.9,35.3
2023-06-10T12:00:00+00:00,39.0,994.3,38.41
2023-06-10T15:00:00+00:00,34.7,996.1,45.72
2023-06-10T18:00:00+00:00,32.5,997.6,50.15
2023-06-10T21:00:00+00:00,30.6,996.8,54.51
2023-06-11T00:00:00+00:00,28.2,998.0,70.36
2023-06-11T03:00:00+00:00,29.2,999.9,66.8
2023-06-11T06:00:00+00:00,35.2,999.4,47.85
2023-06-11T09:00:00+00:00,38.0,997.2,37.44
2023-06-11T12:00:00+00:00,38.0,995.4,40.05
2023-06-11T15:00:00+00:00,34.0,996.6,48.72
2023-06-11T18:00:00+00:00,31.2,998.0,59.55
2023-06-11T21:00:00+00:00,30.0,997.0,63.79
2023-06-12T00:00:00+00:00,29.6,997.9,67.28
2023-06-12T03:00:00+00:00,33.6,998.6,53.6
2023-06-12T06:00:00+00:00,37.0,997.9,48.31
2023-06-12T09:00:00+00:00,39.6,996.1,41.46
2023-06-12T12:00:00+00:00,39.2,994.3,40.37
2023-06-12T15:00:00+00:00,36.4,996.4,51.76
2023-06-12T18:00:00+00:00,33.8,997.7,60.5
2023-06-12T21:00:00+00:00,31.4,997.3,67.23
2023-06-13T00:00:00+00:00,30.8,997.9,69.16
2023-06-13T03:00:00+00:00,33.8,998.9,53.65
2023-06-13T06:00:00+00:00,39.4,997.8,41.41
2023-06-13T09:00:00+00:00,41.2,995.9,37.16
2023-06-13T12:00:00+00:00,41.4,993.4,39.05
2023-06-13T15:00:00+00:00,37.2,994.6,44.73
2023-06-13T18:00:00+00:00,35.6,997.0,47.09
2023-06-13T21:00:00+00:00,33.4,996.8,52.26
2023-06-14T00:00:00+00:00,30.6,998.1,56.92
2023-06-14T03:00:00+00:00,34.0,1000.2,54.02
2023-06-14T06:00:00+00:00,38.2,998.0,47.48
2023-06-14T09:00:00+00:00,40.2,996.9,42.89
2023-06-14T12:00:00+00:00,40.0,994.8,46.27
2023-06-14T15:00:00+00:00,37.2,996.7,50.43
2023-06-14T18:00:00+00:00,36.0,998.7,52.28
2023-06-14T21:00:00+00:00,32.8,997.8,59.55
2023-06-15T00:00:00+00:00,30.2,998.1,69.05
2023-06-15T03:00:00+00:00,33.0,1000.1,55.43
2023-06-15T06:00:00+00:00,36.0,1001.1,50.43
2023-06-15T09:00:00+00:00,36.0,999.7,54.51
2023-06-15T15:00:00+00:00,33.6,998.5,57.97
2023-06-15T18:00:00+00:00,31.0,999.6,63.23
2023-06-15T21:00:00+00:00,29.8,999.2,67.32
2023-06-16T00:00:00+00:00,29.0,999.4,61.65
2023-06-16T03:00:00+00:00,33.2,1000.5,50.02
2023-06-16T06:00:00+00:00,37.0,1000.1,54.1
2023-06-16T09:00:00+00:00,37.8,997.9,41.74
2023-06-16T12:00:00+00:00,29.4,997.9,86.44
2023-06-16T15:00:00+00:00,30.4,998.6,89.61
2023-06-16T18:00:00+00:00,29.4,999.2,91.12
2023-06-16T21:00:00+00:00,28.8,998.4,90.55
2023-06-17T00:00:00+00:00,28.4,998.9,84.82
2023-06-17T03:00:00+00:00,30.2,1001.0,71.58
2023-06-17T06:00:00+00:00,34.2,1000.9,57.42
2023-06-17T09:00:00+00:00,37.8,998.5,47.09
2023-06-17T12:00:00+00:00,37.6,996.4,50.83
2023-06-17T15:00:00+00:00,32.6,998.9,65.49
2023-06-17T18:00:00+00:00,30.4,1000.6,71.62
2023-06-17T21:00:00+00:00,28.8,1000.1,76.22
2023-06-18T00:00:00+00:00,29.6,1000.0,71.05
2023-06-18T03:00:00+00:00,32.2,1002.1,69.01
2023-06-18T06:00:00+00:00,34.0,1000.8,62.74
2023-06-18T09:00:00+00:00,36.0,998.0,57.5
2023-06-18T12:00:00+00:00,34.6,997.4,54.49
2023-06-18T15:00:00+00:00,32.8,997.7,62.11
2023-06-18T18:00:00+00:00,31.2,998.6,66.79
2023-06-18T21:00:00+00:00,30.0,997.6,69.01
2023-06-19T00:00:00+00:00,28.6,998.3,72.16
2023-06-19T03:00:00+00:00,27.2,1000.0,96.53
2023-06-19T06:00:00+00:00,27.8,999.8,88.89
2023-06-19T09:00:00+00:00,33.4,997.2,63.74
2023-06-19T12:00:00+00:00,29.2,996.5,81.94
2023-06-19T15:00:00+00:00,29.0,997.1,84.88
2023-06-19T18:00:00+00:00,28.4,997.5,86.34
2023-06-19T21:00:00+00:00,27.6,997.1,87.3
2023-06-20T00:00:00+00:00,28.0,998.1,84.78
2023-06-20T03:00:00+00:00,30.2,999.9,81.1
2023-06-20T06:00:00+00:00,34.4,999.5,67.82
2023-06-20T09:00:00+00:00,37.6,997.5,48.76
2023-06-20T12:00:00+00:00,36.4,996.4,49.63
2023-06-20T15:00:00+00:00,31.4,997.7,72.22
2023-06-20T18:00:00+00:00,30.2,998.9,74.19
2023-06-20T21:00:00+00:00,29.4,998.8,77.69
2023-06-21T00:00:00+00:00,29.0,999.9,80.47
2023-06-21T03:00:00+00:00,29.2,1001.6,84.9
2023-06-21T06:00:00+00:00,30.8,1001.2,76.98
2023-06-21T09:00:00+00:00,36.2,998.5,56.87
2023-06-21T12:00:00+00:00,36.6,996.3,56.96
2023-06-21T15:00:00+00:00,33.4,998.2,68.43
2023-06-21T18:00:00+00:00,30.8,999.8,71.69
2023-06-21T21:00:00+00:00,29.4,999.5,74.96
2023-06-22T00:00:00+00:00,28.8,999.6,92.16
2023-06-22T03:00:00+00:00,29.6,1001.8,92.2
2023-06-22T06:00:00+00:00,32.4,1001.4,69.05
2023-06-22T09:00:00+00:00,36.8,998.6,54.06
2023-06-22T12:00:00+00:00,36.4,996.6,57.93
2023-06-22T15:00:00+00:00,34.0,997.3,62.74
2023-06-22T18:00:00+00:00,33.6,998.5,62.65
2023-06-22T21:00:00+00:00,32.4,997.9,69.05
2023-06-23T00:00:00+00:00,28.4,998.7,92.14
2023-06-23T03:00:00+00:00,31.6,1000.2,73.55
2023-06-23T06:00:00+00:00,35.2,1001.5,58.0
2023-06-23T09:00:00+00:00,37.0,998.5,53.15
2023-06-23T12:00:00+00:00,35.8,996.5,61.66
2023-06-23T15:00:00+00:00,34.0,997.8,67.34
2023-06-23T18:00:00+00:00,32.2,998.1,74.96
2023-06-23T21:00:00+00:00,31.2,998.4,81.22
2023-06-24T00:00:00+00:00,31.2,998.5,81.22
2023-06-24T03:00:00+00:00,32.4,999.8,69.05
2023-06-24T06:00:00+00:00,36.6,999.4,51.81
2023-06-24T09:00:00+00:00,35.4,998.0,63.78
2023-06-24T12:00:00+00:00,32.8,996.4,65.53
2023-06-24T15:00:00+00:00,30.6,997.8,72.94
2023-06-24T18:00:00+00:00,30.0,999.7,78.24
2023-06-24T21:00:00+00:00,29.4,999.1,80.52
2023-06-25T00:00:00+00:00,25.2,1000.5,100.0
2023-06-25T03:00:00+00:00,24.6,1002.2,100.0
2023-06-25T06:00:00+00:00,25.4,1002.6,100.0
2023-06-25T09:00:00+00:00,25.4,1001.5,98.23
2023-06-25T12:00:00+00:00,28.6,998.9,87.91
2023-06-25T15:00:00+00:00,27.2,1000.0,92.07
2023-06-25T18:00:00+00:00,27.0,1002.1,93.71
2023-06-26T00:00:00+00:00,26.6,1000.9,96.52
2023-06-26T03:00:00+00:00,28.6,1001.9,88.95
2023-06-26T06:00:00+00:00,31.4,1002.6,76.17
2023-06-26T09:00:00+00:00,32.2,1000.6,69.01
2023-06-26T12:00:00+00:00,30.6,998.4,76.95
2023-06-26T15:00:00+00:00,30.4,999.5,70.34
2023-06-26T18:00:00+00:00,28.6,1001.3,77.58
2023-06-26T21:00:00+00:00,27.8,1000.1,78.4
2023-06-27T00:00:00+00:00,25.8,1000.1,100.0
2023-06-27T03:00:00+00:00,26.4,1000.6,96.51
2023-06-27T06:00:00+00:00,31.6,1000.8,76.2
2023-06-27T09:00:00+00:00,33.4,999.0,67.23
2023-06-27T12:00:00+00:00,32.0,997.6,78.98
2023-06-27T15:00:00+00:00,30.6,998.8,82.59
2023-06-27T18:00:00+00:00,29.6,1001.1,87.99
2023-06-27T21:00:00+00:00,28.6,1000.5,88.95
2023-06-28T00:00:00+00:00,28.0,1000.7,88.9
2023-06-28T03:00:00+00:00,30.4,1001.7,81.12
2023-06-28T06:00:00+00:00,34.4,1001.8,65.47
2023-06-28T09:00:00+00:00,35.4,999.8,60.49
2023-06-28T12:00:00+00:00,29.0,999.4,76.25
2023-06-28T15:00:00+00:00,29.6,1000.1,87.99
2023-06-28T18:00:00+00:00,29.0,1001.7,90.56
2023-06-28T21:00:00+00:00,28.2,1000.6,90.51
2023-06-29T00:00:00+00:00,28.4,1000.7,93.77
2023-06-29T03:00:00+00:00,24.6,1003.1,100.0
2023-06-29T06:00:00+00:00,26.6,1002.1,100.0
2023-06-29T09:00:00+00:00,32.2,998.4,74.08
2023-06-29T12:00:00+00:00,33.2,997.5,70.43
2023-06-29T18:00:00+00:00,29.2,999.5,84.9
2023-06-29T21:00:00+00:00,28.4,998.7,87.89
2023-06-30T00:00:00+00:00,26.0,998.7,94.79
2023-06-30T03:00:00+00:00,27.8,999.6,92.1
2023-06-30T06:00:00+00:00,32.0,1000.1,73.61
2023-06-30T09:00:00+00:00,28.4,997.6,90.52
2023-06-30T12:00:00+00:00,27.4,996.7,96.54
2023-06-30T15:00:00+00:00,27.2,997.9,95.4
2023-06-30T18:00:00+00:00,27.0,999.0,96.53
2023-06-30T21:00:00+00:00,25.6,998.2,98.23
2023-07-01T00:00:00+00:00,25.8,998.5,98.23
2023-07-01T03:00:00+00:00,28.0,999.8,88.9
2023-07-01T06:00:00+00:00,31.4,1000.6,73.51
2023-07-01T09:00:00+00:00,33.8,998.8,66.13
2023-07-01T12:00:00+00:00,34.2,997.6,65.43
2023-07-01T15:00:00+00:00,30.6,999.2,76.95
2023-07-01T18:00:00+00:00,28.8,1001.9,83.36
2023-07-01T21:00:00+00:00,27.6,1000.8,92.09
2023-07-02T00:00:00+00:00,27.2,1000.0,92.07
2023-07-02T03:00:00+00:00,29.4,1001.1,84.92
2023-07-02T06:00:00+00:00,32.8,1000.8,65.53
2023-07-02T09:00:00+00:00,34.8,998.5,54.54
2023-07-02T12:00:00+00:00,35.4,996.7,54.04
2023-07-02T18:00:00+00:00,30.6,1000.2,76.95
2023-07-02T21:00:00+00:00,29.4,999.6,81.96
2023-07-03T00:00:00+00:00,29.0,999.8,87.94
2023-07-03T03:00:00+00:00,31.0,1000.5,76.11
2023-07-03T06:00:00+00:00,34.2,999.9,59.51
2023-07-03T09:00:00+00:00,36.4,997.9,51.76
2023-07-03T12:00:00+00:00,37.6,996.2,53.61
2023-07-03T15:00:00+00:00,34.2,997.1,67.78
2023-07-03T18:00:00+00:00,32.4,998.9,74.11
2023-07-03T21:00:00+00:00,30.8,998.3,79.75
2023-07-04T00:00:00+00:00,30.8,997.6,79.75
2023-07-04T03:00:00+00:00,32.4,998.2,75.43
2023-07-04T06:00:00+00:00,34.8,998.7,65.55
2023-07-04T09:00:00+00:00,34.4,998.1,71.06
2023-07-04T12:00:00+00:00,30.2,996.4,75.53
2023-07-04T15:00:00+00:00,31.4,996.4,77.52
2023-07-04T18:00:00+00:00,30.6,998.9,78.33
2023-07-04T21:00:00+00:00,29.8,997.6,82.5
2023-07-05T00:00:00+00:00,29.2,997.5,84.9
2023-07-05T03:00:00+00:00,30.0,998.7,84.98
2023-07-05T06:00:00+00:00,34.0,998.4,65.01
2023-07-05T09:00:00+00:00,34.8,995.9,63.28
2023-07-05T12:00:00+00:00,34.2,997.0,67.78
2023-07-05T15:00:00+00:00,27.0,998.2,96.53
2023-07-05T18:00:00+00:00,27.0,999.2,96.53
2023-07-05T21:00:00+00:00,26.6,998.4,96.52
2023-07-06T00:00:00+00:00,27.6,998.6,95.41
2023-07-06T03:00:00+00:00,29.8,999.8,83.48
2023-07-06T06:00:00+00:00,26.8,1001.5,93.7
2023-07-06T09:00:00+00:00,30.0,999.8,81.07
2023-07-06T12:00:00+00:00,29.8,998.1,79.62
2023-07-06T15:00:00+00:00,28.6,1000.4,83.34
2023-07-06T18:00:00+00:00,28.2,1000.8,87.35
2023-07-06T21:00:00+00:00,27.6,1000.5,88.87
2023-07-07T00:00:00+00:00,27.4,1000.7,92.08
2023-07-07T03:00:00+00:00,29.6,1001.9,79.59
2023-07-07T06:00:00+00:00,31.4,1002.0,73.51
2023-07-07T09:00:00+00:00,33.6,999.5,69.68
2023-07-07T12:00:00+00:00,32.8,998.3,74.18
2023-07-07T15:00:00+00:00,30.8,1000.5,79.75
2023-07-07T18:00:00+00:00,29.6,1001.3,81.02
2023-07-07T21:00:00+00:00,28.6,1000.9,81.87
2023-07-08T00:00:00+00:00,26.4,1001.1,96.51
2023-07-08T03:00:00+00:00,27.0,1002.1,96.53
2023-07-08T06:00:00+00:00,26.8,1001.6,100.0
2023-07-08T09:00:00+00:00,26.2,999.9,100.0
2023-07-08T12:00:00+00:00,26.4,998.9,100.0
2023-07-08T15:00:00+00:00,27.2,1000.1,96.53
2023-07-08T18:00:00+00:00,27.0,1000.8,98.25
2023-07-08T21:00:00+00:00,26.4,1000.1,100.0
2023-07-09T00:00:00+00:00,26.0,999.2,96.5
2023-07-09T03:00:00+00:00,27.0,1000.4,100.0
2023-07-09T06:00:00+00:00,28.8,1000.3,93.79
2023-07-09T09:00:00+00:00,28.0,999.4,98.26
2023-07-09T12:00:00+00:00,25.8,998.1,100.0
2023-07-09T15:00:00+00:00,25.8,1000.0,100.0
2023-07-09T18:00:00+00:00,25.8,1001.8,100.0
2023-07-09T21:00:00+00:00,25.8,1000.4,100.0
2023-07-10T00:00:00+00:00,26.0,1000.3,100.0
2023-07-10T03:00:00+00:00,28.4,1000.5,95.44
2023-07-10T06:00:00+00:00,29.8,1000.5,91.15
2023-07-10T09:00:00+00:00,28.6,999.5,96.0
2023-07-10T12:00:00+00:00,28.4,998.7,92.14
2023-07-10T15:00:00+00:00,26.0,1000.2,100.0
2023-07-10T18:00:00+00:00,25.8,1000.2,96.5
2023-07-10T21:00:00+00:00,25.8,1000.6,98.23
2023-07-11T00:00:00+00:00,26.0,1000.1,100.0
2023-07-11T03:00:00+00:00,26.6,1001.1,96.52
2023-07-11T06:00:00+00:00,28.4,1001.4,92.14
2023-07-11T09:00:00+00:00,32.0,999.8,73.61
2023-07-11T12:00:00+00:00,31.4,998.9,77.52
2023-07-11T15:00:00+00:00,29.4,999.4,86.44
2023-07-11T18:00:00+00:00,28.2,1000.6,92.13
2023-07-11T21:00:00+00:00,27.2,999.9,93.72
2023-07-12T00:00:00+00:00,27.8,999.4,93.75
2023-07-12T03:00:00+00:00,29.2,1000.5,87.96
2023-07-12T06:00:00+00:00,31.0,1000.3,82.64
2023-07-12T09:00:00+00:00,32.0,998.9,76.26
2023-07-12T12:00:00+00:00,31.2,998.4,79.81
2023-07-12T15:00:00+00:00,29.4,999.0,80.52
2023-07-12T18:00:00+00:00,28.8,1000.9,81.89
2023-07-12T21:00:00+00:00,28.0,999.7,84.78
2023-07-13T00:00:00+00:00,27.4,998.6,92.08
2023-07-13T03:00:00+00:00,28.6,1000.4,90.54
2023-07-13T06:00:00+00:00,33.2,1000.9,71.68
2023-07-13T09:00:00+00:00,31.8,999.4,87.16
2023-07-13T12:00:00+00:00,33.0,998.5,74.21
2023-07-13T15:00:00+00:00,29.8,999.1,83.48
2023-07-13T18:00:00+00:00,29.0,1000.6,87.94
2023-07-13T21:00:00+00:00,28.4,1000.0,91.6
2023-07-14T00:00:00+00:00,28.0,1000.7,92.11
2023-07-14T03:00:00+00:00,29.4,1001.9,87.97
2023-07-14T06:00:00+00:00,31.6,1002.4,77.55
2023-07-14T09:00:00+00:00,32.6,1000.6,76.79
2023-07-14T12:00:00+00:00,33.2,998.1,67.19
2023-07-14T15:00:00+00:00,30.0,1000.2,82.52
2023-07-14T18:00:00+00:00,29.4,1001.4,86.44
2023-07-14T21:00:00+00:00,28.8,1000.5,89.49
2023-07-15T00:00:00+00:00,28.2,1000.3,92.13
2023-07-15T03:00:00+00:00,29.6,1001.0,84.94
2023-07-15T06:00:00+00:00,32.4,1001.4,69.05
2023-07-15T09:00:00+00:00,34.4,999.0,64.33
2023-07-15T12:00:00+00:00,32.0,998.4,77.61
2023-07-15T15:00:00+00:00,27.2,1000.6,96.53
2023-07-15T18:00:00+00:00,27.2,1001.4,96.53
2023-07-15T21:00:00+00:00,26.6,1000.8,96.52
2023-07-16T00:00:00+00:00,26.6,1000.7,98.24
2023-07-16T03:00:00+00:00,27.2,1002.3,92.07
2023-07-16T06:00:00+00:00,30.6,1001.6,78.33
2023-07-16T09:00:00+00:00,33.4,999.4,67.23
2023-07-16T12:00:00+00:00,32.4,998.2,69.05
2023-07-16T15:00:00+00:00,28.2,999.0,93.77
2023-07-16T18:00:00+00:00,28.6,1000.6,97.13
2023-07-16T21:00:00+00:00,28.0,999.7,96.55
2023-07-17T00:00:00+00:00,28.4,999.6,98.27
2023-07-17T03:00:00+00:00,29.6,1001.1,81.02
2023-07-17T06:00:00+00:00,32.4,1000.5,71.54
2023-07-17T09:00:00+00:00,32.8,998.7,78.18
2023-07-17T12:00:00+00:00,33.2,996.3,75.55
2023-07-17T15:00:00+00:00,32.0,998.4,80.38
2023-07-17T18:00:00+00:00,30.4,1000.1,85.52
2023-07-17T21:00:00+00:00,29.2,999.4,89.52
2023-07-18T00:00:00+00:00,28.2,998.7,92.13
2023-07-18T03:00:00+00:00,29.6,1000.5,89.55
2023-07-18T06:00:00+00:00,32.2,1000.2,76.29
2023-07-18T09:00:00+00:00,30.4,999.4,86.53
2023-07-18T12:00:00+00:00,30.2,997.4,93.85
2023-07-18T15:00:00+00:00,29.0,998.9,87.94
2023-07-18T18:00:00+00:00,28.8,1000.3,92.16
2023-07-18T21:00:00+00:00,28.2,999.4,93.77
2023-07-19T00:00:00+00:00,28.4,999.6,93.77
2023-07-19T03:00:00+00:00,30.2,1000.1,85.0
2023-07-19T06:00:00+00:00,32.6,1000.0,76.79
2023-07-19T09:00:00+00:00,35.4,998.1,61.57
2023-07-19T12:00:00+00:00,35.0,996.8,65.59
2023-07-19T15:00:00+00:00,32.2,998.4,71.51
2023-07-19T18:00:00+00:00,30.8,999.4,82.61
2023-07-19T21:00:00+00:00,29.4,998.0,87.97
2023-07-20T00:00:00+00:00,29.6,999.5,87.99
2023-07-20T03:00:00+00:00,32.2,1000.4,74.96
2023-07-20T06:00:00+00:00,35.8,999.7,59.52
2023-07-20T09:00:00+00:00,37.0,997.9,56.39
2023-07-20T15:00:00+00:00,34.6,997.7,64.37
2023-07-20T18:00:00+00:00,33.2,999.9,67.19
2023-07-20T21:00:00+00:00,32.2,998.8,69.01
2023-07-21T00:00:00+00:00,29.8,1000.2,82.5
2023-07-21T03:00:00+00:00,33.0,1001.3,72.92
2023-07-21T06:00:00+00:00,36.0,1001.5,60.63
2023-07-21T09:00:00+00:00,37.4,999.5,54.52
2023-07-21T12:00:00+00:00,36.6,998.5,59.01
2023-07-21T15:00:00+00:00,33.0,1000.9,72.92
2023-07-21T18:00:00+00:00,32.2,1002.2,79.01
2023-07-21T21:00:00+00:00,31.4,1000.7,81.25
2023-07-22T00:00:00+00:00,30.2,1003.0,85.0
2023-07-22T03:00:00+00:00,32.4,1004.3,75.43
2023-07-22T06:00:00+00:00,34.4,1004.6,69.02
2023-07-22T09:00:00+00:00,35.4,1002.6,66.06
2023-07-22T12:00:00+00:00,35.6,1000.7,60.54
2023-07-22T15:00:00+00:00,32.6,1001.3,71.58
2023-07-22T18:00:00+00:00,31.4,1003.5,74.83
2023-07-22T21:00:00+00:00,30.2,1003.1,79.67
2023-07-23T00:00:00+00:00,29.8,1003.7,82.5
2023-07-23T03:00:00+00:00,31.6,1005.0,70.98
2023-07-23T06:00:00+00:00,35.4,1003.8,61.57
2023-07-23T12:00:00+00:00,34.4,999.9,70.24
2023-07-23T15:00:00+00:00,32.6,1000.7,72.85
2023-07-23T18:00:00+00:00,31.8,1001.7,74.89
2023-07-23T21:00:00+00:00,31.0,1001.0,77.47
2023-07-24T00:00:00+00:00,30.8,1001.8,78.82
2023-07-24T03:00:00+00:00,32.0,1002.8,77.61
2023-07-24T06:00:00+00:00,36.0,1001.4,59.57
2023-07-24T09:00:00+00:00,37.6,998.9,53.61
2023-07-24T12:00:00+00:00,36.2,997.2,63.21
2023-07-24T15:00:00+00:00,32.4,999.3,67.83
2023-07-24T18:00:00+00:00,31.6,1001.1,70.98
2023-07-24T21:00:00+00:00,30.2,1000.0,75.53
2023-07-25T00:00:00+00:00,30.8,999.5,78.36
2023-07-25T03:00:00+00:00,31.4,1002.3,82.68
2023-07-25T06:00:00+00:00,34.6,1001.6,66.67
2023-07-25T09:00:00+00:00,35.2,1000.1,60.09
2023-07-25T12:00:00+00:00,33.0,998.9,71.65
2023-07-25T15:00:00+00:00,31.0,1001.0,84.1
2023-07-25T18:00:00+00:00,30.0,1002.1,88.02
2023-07-25T21:00:00+00:00,29.4,1001.7,89.54
2023-07-26T00:00:00+00:00,26.4,1002.9,94.81
2023-07-26T03:00:00+00:00,25.2,1004.2,100.0
2023-07-26T06:00:00+00:00,25.6,1005.1,98.23
2023-07-26T09:00:00+00:00,27.0,1003.6,96.53
2023-07-26T12:00:00+00:00,30.2,1001.0,79.67
2023-07-26T15:00:00+00:00,28.6,1001.7,86.36
2023-07-26T18:00:00+00:00,27.8,1003.6,88.36
2023-07-26T21:00:00+00:00,27.0,1002.5,92.06
2023-07-27T00:00:00+00:00,26.8,1002.5,93.7
2023-07-27T03:00:00+00:00,28.6,1003.5,84.84
2023-07-27T06:00:00+00:00,32.2,1002.7,72.78
2023-07-27T09:00:00+00:00,33.8,1000.5,68.5
2023-07-27T12:00:00+00:00,31.0,999.2,78.38
2023-07-27T15:00:00+00:00,29.6,1000.9,83.45
2023-07-27T18:00:00+00:00,29.2,1002.1,84.9
2023-07-27T21:00:00+00:00,28.6,1001.8,86.36
2023-07-28T00:00:00+00:00,27.8,999.5,90.48
2023-07-28T03:00:00+00:00,29.6,1000.7,84.94
2023-07-28T06:00:00+00:00,32.0,1000.2,72.32
2023-07-28T09:00:00+00:00,31.8,999.8,77.58
2023-07-28T12:00:00+00:00,32.8,997.0,71.61
2023-07-28T15:00:00+00:00,26.4,999.8,100.0
2023-07-28T18:00:00+00:00,26.0,1000.5,100.0
2023-07-28T21:00:00+00:00,25.8,999.6,98.23
2023-07-29T00:00:00+00:00,26.2,998.0,100.0
2023-07-29T03:00:00+00:00,26.6,1000.2,96.52
2023-07-29T06:00:00+00:00,28.8,1000.7,86.38
2023-07-29T09:00:00+00:00,29.8,999.1,81.05
2023-07-29T12:00:00+00:00,30.0,997.6,81.07
2023-07-29T15:00:00+00:00,29.0,998.8,84.88
2023-07-29T18:00:00+00:00,28.2,1000.1,88.92
2023-07-29T21:00:00+00:00,26.4,999.2,97.66
2023-07-30T00:00:00+00:00,26.4,999.5,97.66
2023-07-30T03:00:00+00:00,28.0,999.7,85.79
2023-07-30T06:00:00+00:00,32.4,999.6,69.05
2023-07-30T09:00:00+00:00,34.0,997.0,65.01
2023-07-30T12:00:00+00:00,33.8,995.0,62.7
2023-07-30T15:00:00+00:00,30.6,997.6,76.95
2023-07-30T18:00:00+00:00,29.8,998.5,83.48
2023-07-30T21:00:00+00:00,28.8,997.5,87.92
2023-07-31T00:00:00+00:00,28.2,998.1,90.51
2023-07-31T03:00:00+00:00,30.0,999.0,86.49
2023-07-31T06:00:00+00:00,32.6,998.9,66.67
2023-07-31T09:00:00+00:00,34.2,997.4,62.78
2023-07-31T12:00:00+00:00,34.4,995.2,60.99
2023-07-31T15:00:00+00:00,32.2,996.6,72.78
2023-07-31T18:00:00+00:00,31.2,997.9,78.87
2023-07-31T21:00:00+00:00,30.0,996.7,83.5
2023-08-01T00:00:00+00:00,28.0,997.1,84.78
2023-08-01T03:00:00+00:00,30.2,998.3,79.67
2023-08-01T06:00:00+00:00,33.8,997.9,66.13
2023-08-01T09:00:00+00:00,35.4,995.8,57.02
2023-08-01T12:00:00+00:00,35.4,994.1,56.01
2023-08-01T15:00:00+00:00,32.6,995.4,65.49
2023-08-01T18:00:00+00:00,32.0,996.7,67.35
2023-08-01T21:00:00+00:00,31.2,995.9,69.65
2023-08-02T00:00:00+00:00,30.4,996.6,71.62
2023-08-02T03:00:00+00:00,30.4,998.4,78.3
2023-08-02T06:00:00+00:00,33.6,998.7,67.27
2023-08-02T09:00:00+00:00,35.2,996.7,63.74
2023-08-02T12:00:00+00:00,32.2,995.9,72.78
2023-08-02T15:00:00+00:00,30.0,997.2,78.24
2023-08-02T18:00:00+00:00,27.6,998.1,96.54
2023-08-02T21:00:00+00:00,27.2,997.1,100.0
2023-08-03T00:00:00+00:00,27.0,997.7,95.39
2023-08-03T03:00:00+00:00,30.2,997.7,78.27
2023-08-03T06:00:00+00:00,32.6,998.5,69.09
2023-08-03T09:00:00+00:00,34.0,996.8,65.01
2023-08-03T12:00:00+00:00,33.6,995.5,72.17
2023-08-03T15:00:00+00:00,30.8,997.5,76.98
2023-08-03T18:00:00+00:00,30.2,998.4,82.54
2023-08-03T21:00:00+00:00,29.0,997.4,84.88
2023-08-04T00:00:00+00:00,28.6,998.6,83.34
2023-08-04T03:00:00+00:00,28.0,999.5,93.76
2023-08-04T06:00:00+00:00,29.8,1001.5,86.47
2023-08-04T09:00:00+00:00,31.6,999.9,73.55
2023-08-04T12:00:00+00:00,33.2,998.0,70.43
2023-08-04T15:00:00+00:00,26.6,1001.5,100.0
2023-08-04T18:00:00+00:00,27.2,1002.0,100.0
2023-08-04T21:00:00+00:00,26.8,1000.9,100.0
2023-08-05T00:00:00+00:00,28.0,1001.1,98.26
2023-08-05T03:00:00+00:00,26.0,1002.8,100.0
2023-08-05T06:00:00+00:00,29.2,1002.9,89.52
2023-08-05T09:00:00+00:00,31.4,1001.1,84.14
2023-08-05T12:00:00+00:00,32.6,999.0,70.32
2023-08-05T15:00:00+00:00,31.6,1000.4,74.86
2023-08-05T18:00:00+00:00,30.8,1000.8,76.98
2023-08-05T21:00:00+00:00,30.0,999.5,79.65
2023-08-06T00:00:00+00:00,29.4,999.2,81.96
2023-08-06T03:00:00+00:00,29.8,1000.7,76.83
2023-08-06T06:00:00+00:00,33.4,1000.2,62.24
2023-08-06T09:00:00+00:00,34.6,997.3,58.9
2023-08-06T12:00:00+00:00,34.2,995.7,61.68
2023-08-06T15:00:00+00:00,31.4,997.3,61.06
2023-08-06T18:00:00+00:00,30.0,997.6,71.54
2023-08-06T21:00:00+00:00,28.8,996.0,74.86
2023-08-07T00:00:00+00:00,28.0,996.1,78.43
2023-08-07T03:00:00+00:00,29.4,998.1,73.62
2023-08-07T06:00:00+00:00,32.8,997.5,62.11
2023-08-07T09:00:00+00:00,33.2,995.3,63.32
2023-08-07T12:00:00+00:00,32.6,994.3,61.69
2023-08-07T18:00:00+00:00,29.2,996.6,73.59
2023-08-07T21:00:00+00:00,28.4,995.7,77.55
2023-08-08T00:00:00+00:00,27.8,996.6,79.83
2023-08-08T03:00:00+00:00,29.2,998.5,73.59
2023-08-08T06:00:00+00:00,31.8,998.2,63.78
2023-08-08T09:00:00+00:00,33.4,997.6,61.13
2023-08-08T12:00:00+00:00,32.8,997.1,66.71
2023-08-08T15:00:00+00:00,31.4,998.4,67.23
2023-08-08T18:00:00+00:00,30.2,1000.0,72.88
2023-08-08T21:00:00+00:00,29.0,998.8,77.64
2023-08-09T00:00:00+00:00,28.2,1000.2,77.52
2023-08-09T03:00:00+00:00,29.4,1002.4,73.62
2023-08-09T06:00:00+00:00,31.4,1003.1,69.69
2023-08-09T09:00:00+00:00,33.6,1001.7,61.54
2023-08-09T12:00:00+00:00,33.4,1000.6,66.05
2023-08-09T15:00:00+00:00,31.8,1001.6,71.01
2023-08-09T18:00:00+00:00,31.2,1002.5,73.48
2023-08-09T21:00:00+00:00,30.4,1001.6,75.56
2023-08-10T00:00:00+00:00,29.2,1001.9,80.49
2023-08-10T03:00:00+00:00,29.8,1004.1,74.13
2023-08-10T06:00:00+00:00,32.4,1004.5,63.91
2023-08-10T09:00:00+00:00,34.4,1002.6,60.99
2023-08-10T12:00:00+00:00,34.0,1001.5,66.17
2023-08-10T15:00:00+00:00,30.0,1002.9,85.99
2023-08-10T18:00:00+00:00,29.0,1003.8,74.89
2023-08-10T21:00:00+00:00,28.2,1003.0,76.13
2023-08-11T00:00:00+00:00,28.4,1003.4,76.16
2023-08-11T03:00:00+00:00,29.4,1004.6,72.74
2023-08-11T06:00:00+00:00,33.4,1003.7,60.05
2023-08-11T09:00:00+00:00,34.6,1002.2,55.48
2023-08-11T12:00:00+00:00,34.2,1000.6,57.42
2023-08-11T15:00:00+00:00,31.6,1001.8,70.98
2023-08-11T18:00:00+00:00,31.0,1002.1,67.97
2023-08-11T21:00:00+00:00,29.8,1001.2,76.83
2023-08-12T00:00:00+00:00,28.8,1001.8,69.2
2023-08-12T03:00:00+00:00,29.2,1002.6,69.28
2023-08-12T06:00:00+00:00,33.4,1002.0,61.13
2023-08-12T09:00:00+00:00,35.0,1000.4,52.66
2023-08-12T12:00:00+00:00,34.4,997.9,54.12
2023-08-12T15:00:00+00:00,32.6,998.7,57.39
2023-08-12T18:00:00+00:00,31.0,999.8,60.6
2023-08-12T21:00:00+00:00,29.6,999.0,66.07
2023-08-13T00:00:00+00:00,28.0,998.3,72.94
2023-08-13T03:00:00+00:00,28.4,999.1,74.35
2023-08-13T06:00:00+00:00,32.6,999.8,63.19
2023-08-13T09:00:00+00:00,34.2,998.1,59.51
2023-08-13T12:00:00+00:00,32.8,997.5,63.23
2023-08-13T15:00:00+00:00,31.8,999.1,64.94
2023-08-13T18:00:00+00:00,31.4,1000.0,64.47
2023-08-13T21:00:00+00:00,30.6,998.9,67.89
2023-08-14T00:00:00+00:00,28.8,1001.9,76.22
2023-08-14T03:00:00+00:00,29.2,1003.5,74.92
2023-08-14T06:00:00+00:00,32.0,1004.1,63.82
2023-08-14T09:00:00+00:00,34.4,1002.3,58.5
2023-08-14T12:00:00+00:00,33.6,1000.9,61.54
2023-08-14T15:00:00+00:00,30.4,1002.9,72.91
2023-08-14T18:00:00+00:00,29.0,1004.0,83.39
2023-08-14T21:00:00+00:00,28.0,1003.5,85.79
2023-08-15T00:00:00+00:00,28.0,1003.1,85.79
2023-08-15T03:00:00+00:00,29.0,1003.9,84.88
2023-08-15T06:00:00+00:00,33.2,1003.7,67.19
2023-08-15T09:00:00+00:00,28.6,1003.4,83.34
2023-08-15T12:00:00+00:00,32.4,1001.5,67.83
2023-08-15T15:00:00+00:00,30.8,1002.7,78.36
2023-08-15T18:00:00+00:00,29.2,1004.1,84.9
2023-08-15T21:00:00+00:00,28.2,1003.7,88.92
2023-08-16T00:00:00+00:00,27.8,1003.0,90.48
2023-08-16T03:00:00+00:00,30.2,1004.1,79.67
2023-08-16T06:00:00+00:00,33.4,1003.9,68.43
2023-08-16T09:00:00+00:00,35.0,1001.6,60.05
2023-08-16T12:00:00+00:00,34.4,1001.6,58.5
2023-08-16T15:00:00+00:00,32.8,1000.9,66.71
2023-08-16T18:00:00+00:00,31.0,1002.2,79.78
2023-08-16T21:00:00+00:00,29.6,1001.6,84.94
2023-08-17T00:00:00+00:00,29.0,1002.1,79.04
2023-08-17T03:00:00+00:00,30.8,1004.1,66.71
2023-08-17T06:00:00+00:00,34.2,1003.7,55.06
2023-08-17T09:00:00+00:00,36.2,1001.8,51.71
2023-08-17T12:00:00+00:00,35.4,1000.2,53.08
2023-08-17T18:00:00+00:00,32.2,1001.9,65.02
2023-08-17T21:00:00+00:00,30.4,1001.1,72.91
2023-08-18T00:00:00+00:00,29.6,1001.8,76.8
2023-08-18T03:00:00+00:00,30.4,1003.6,69.09
2023-08-18T06:00:00+00:00,34.4,1003.5,57.47
2023-08-18T09:00:00+00:00,36.4,1001.1,52.69
2023-08-18T12:00:00+00:00,35.6,999.8,55.06
2023-08-18T15:00:00+00:00,33.2,1001.2,69.61
2023-08-18T18:00:00+00:00,32.4,1002.0,71.54
2023-08-18T21:00:00+00:00,31.0,1001.3,77.47
2023-08-19T00:00:00+00:00,27.0,1002.8,100.0
2023-08-19T03:00:00+00:00,27.6,1003.3,96.54
2023-08-19T06:00:00+00:00,29.2,1004.2,92.18
2023-08-19T09:00:00+00:00,34.2,1001.6,66.6
2023-08-19T12:00:00+00:00,34.0,999.6,65.01
2023-08-19T15:00:00+00:00,31.6,1001.7,80.33
2023-08-19T18:00:00+00:00,30.8,1003.1,84.08
2023-08-19T21:00:00+00:00,29.6,1002.6,87.99
2023-08-20T00:00:00+00:00,29.4,1003.2,92.19
2023-08-20T03:00:00+00:00,31.4,1004.4,78.9
2023-08-20T06:00:00+00:00,34.0,1004.1,67.34
2023-08-20T09:00:00+00:00,36.0,1002.6,58.52
2023-08-20T12:00:00+00:00,36.0,1000.7,54.51
2023-08-20T15:00:00+00:00,32.0,1002.3,74.93
2023-08-20T18:00:00+00:00,31.6,1002.5,78.93
2023-08-20T21:00:00+00:00,30.6,1002.1,82.59
2023-08-21T00:00:00+00:00,29.8,1001.8,88.01
2023-08-21T03:00:00+00:00,31.4,1003.5,77.52
2023-08-21T06:00:00+00:00,35.0,1002.4,63.32
2023-08-21T09:00:00+00:00,37.2,1000.1,52.26
2023-08-21T12:00:00+00:00,36.4,998.9,54.93
2023-08-21T15:00:00+00:00,34.2,1000.4,61.68
2023-08-21T18:00:00+00:00,32.6,1001.5,70.32
2023-08-21T21:00:00+00:00,31.0,1000.5,76.11
2023-08-22T00:00:00+00:00,30.2,999.2,79.67
2023-08-22T03:00:00+00:00,31.2,1000.2,76.14
2023-08-22T06:00:00+00:00,33.8,1000.1,67.3
2023-08-22T09:00:00+00:00,35.4,997.7,62.67
2023-08-22T12:00:00+00:00,32.4,997.4,75.43
2023-08-22T15:00:00+00:00,29.0,999.7,87.94
2023-08-22T18:00:00+00:00,28.2,1000.3,93.77
2023-08-22T21:00:00+00:00,27.8,998.6,92.1
2023-08-23T00:00:00+00:00,29.0,997.7,86.4
2023-08-23T03:00:00+00:00,28.8,999.3,87.92
2023-08-23T06:00:00+00:00,27.6,1000.4,95.41
2023-08-23T09:00:00+00:00,27.2,999.3,95.4
2023-08-23T12:00:00+00:00,27.4,998.7,98.25
2023-08-23T15:00:00+00:00,27.2,999.2,95.4
2023-08-23T18:00:00+00:00,27.0,999.5,96.53
2023-08-23T21:00:00+00:00,26.8,998.2,95.38
2023-08-24T00:00:00+00:00,26.2,998.5,87.18
2023-08-24T03:00:00+00:00,27.6,999.6,81.25
2023-08-24T06:00:00+00:00,30.0,999.5,72.84
2023-08-24T09:00:00+00:00,32.0,997.8,63.82
2023-08-24T12:00:00+00:00,31.6,997.2,67.27
2023-08-24T18:00:00+00:00,28.6,998.5,74.83
2023-08-24T21:00:00+00:00,27.0,997.8,78.29
2023-08-25T00:00:00+00:00,26.6,997.7,81.13
2023-08-25T03:00:00+00:00,28.8,999.9,74.86
2023-08-25T06:00:00+00:00,32.4,999.2,60.55
2023-08-25T09:00:00+00:00,34.6,997.9,55.48
2023-08-25T12:00:00+00:00,33.6,997.8,60.45
2023-08-25T15:00:00+00:00,32.4,998.8,65.45
2023-08-25T18:00:00+00:00,30.8,1000.2,67.93
2023-08-25T21:00:00+00:00,29.6,999.2,74.1
2023-08-26T00:00:00+00:00,28.4,999.7,83.32
2023-08-26T03:00:00+00:00,29.0,1001.3,69.66
2023-08-26T06:00:00+00:00,32.8,1001.4,56.4
2023-08-26T09:00:00+00:00,34.8,999.6,50.43
2023-08-26T12:00:00+00:00,34.2,998.6,53.1
2023-08-26T15:00:00+00:00,32.0,999.9,60.09
2023-08-26T18:00:00+00:00,30.0,1001.3,70.27
2023-08-26T21:00:00+00:00,29.0,1000.7,70.94
2023-08-27T00:00:00+00:00,27.8,1000.6,70.29
2023-08-27T03:00:00+00:00,29.0,1001.8,66.76
2023-08-27T06:00:00+00:00,33.4,1000.9,54.53
2023-08-27T09:00:00+00:00,34.8,998.9,51.36
2023-08-27T12:00:00+00:00,34.2,997.4,53.1
2023-08-27T15:00:00+00:00,31.2,999.8,59.55
2023-08-27T18:00:00+00:00,29.2,1000.5,65.59
2023-08-28T00:00:00+00:00,27.6,999.5,72.87
2023-08-28T03:00:00+00:00,29.2,1000.9,66.8
2023-08-28T06:00:00+00:00,32.0,1002.2,60.09
2023-08-28T09:00:00+00:00,35.2,999.4,52.71
2023-08-28T12:00:00+00:00,34.4,998.3,55.44
2023-08-28T15:00:00+00:00,31.8,1000.0,71.01
2023-08-28T18:00:00+00:00,30.6,1001.0,76.95
2023-08-28T21:00:00+00:00,29.2,1000.4,80.49
2023-08-29T00:00:00+00:00,28.2,1002.6,70.36
2023-08-29T03:00:00+00:00,29.6,1004.0,64.48
2023-08-29T06:00:00+00:00,33.8,1003.7,53.65
2023-08-29T09:00:00+00:00,35.2,1001.3,51.77
2023-08-29T12:00:00+00:00,35.0,1000.9,51.72
2023-08-29T15:00:00+00:00,32.6,1002.8,64.33
2023-08-29T18:00:00+00:00,31.4,1003.5,68.45
2023-08-29T21:00:00+00:00,30.4,1002.6,72.91
2023-08-30T00:00:00+00:00,29.2,1003.8,77.66
2023-08-30T03:00:00+00:00,30.0,1005.6,81.07
2023-08-30T06:00:00+00:00,33.8,1005.8,59.42
2023-08-30T09:00:00+00:00,35.8,1003.7,49.18
2023-08-30T12:00:00+00:00,34.8,1002.5,50.43
2023-08-30T15:00:00+00:00,32.2,1004.0,60.5
2023-08-30T18:00:00+00:00,30.2,1004.4,70.3
2023-08-30T21:00:00+00:00,29.0,1003.9,76.25
2023-08-31T00:00:00+00:00,27.0,1004.8,87.25
2023-08-31T03:00:00+00:00,30.0,1006.4,72.84
2023-08-31T06:00:00+00:00,34.0,1006.3,55.01
2023-08-31T09:00:00+00:00,35.6,1004.6,52.18
2023-08-31T12:00:00+00:00,35.8,1003.5,51.3
2023-08-31T15:00:00+00:00,31.8,1004.5,67.31
2023-08-31T18:00:00+00:00,30.0,1004.8,76.86
2023-08-31T21:00:00+00:00,28.8,1004.1,81.89
2023-09-01T00:00:00+00:00,28.4,1004.2,83.32
2023-09-01T03:00:00+00:00,30.0,1006.4,75.5
2023-09-01T06:00:00+00:00,35.2,1006.1,51.77
2023-09-01T09:00:00+00:00,36.0,1004.2,44.41
2023-09-01T12:00:00+00:00,35.2,1003.1,44.74
2023-09-01T15:00:00+00:00,32.2,1004.0,61.61
2023-09-01T18:00:00+00:00,30.0,1004.0,74.16
2023-09-01T21:00:00+00:00,28.8,1003.2,79.01
2023-09-02T00:00:00+00:00,28.6,1004.0,78.98
2023-09-02T03:00:00+00:00,30.4,1005.7,69.09
2023-09-02T06:00:00+00:00,34.8,1005.2,43.28
2023-09-02T09:00:00+00:00,35.6,1001.2,44.3
2023-09-02T12:00:00+00:00,35.6,1001.2,44.3
2023-09-02T15:00:00+00:00,33.4,1001.9,50.08
2023-09-02T18:00:00+00:00,32.6,1003.2,51.74
2023-09-03T00:00:00+00:00,29.6,1002.4,64.09
2023-09-03T03:00:00+00:00,29.2,1003.7,70.97
2023-09-03T06:00:00+00:00,33.4,1003.9,49.16
2023-09-03T09:00:00+00:00,36.2,1001.4,40.06
2023-09-03T12:00:00+00:00,35.4,999.7,42.12
2023-09-03T15:00:00+00:00,31.8,1001.0,61.52
2023-09-03T18:00:00+00:00,30.6,1001.9,67.89
2023-09-03T21:00:00+00:00,29.2,1001.4,74.03
2023-09-04T00:00:00+00:00,27.2,1001.7,85.71
2023-09-04T03:00:00+00:00,30.2,1003.2,70.3
2023-09-04T06:00:00+00:00,34.4,1002.8,43.98
2023-09-04T09:00:00+00:00,36.2,1000.7,39.08
2023-09-04T12:00:00+00:00,36.0,999.1,39.76
2023-09-04T15:00:00+00:00,31.6,1002.1,62.22
2023-09-04T18:00:00+00:00,30.0,1002.5,70.27
2023-09-04T21:00:00+00:00,28.8,1002.0,74.86
2023-09-05T00:00:00+00:00,27.8,1003.2,75.61
2023-09-05T03:00:00+00:00,29.0,1004.2,73.55
2023-09-05T06:00:00+00:00,34.8,1003.5,56.88
2023-09-05T09:00:00+00:00,37.2,1001.1,49.54
2023-09-05T12:00:00+00:00,36.0,1000.4,56.48
2023-09-05T15:00:00+00:00,32.8,1002.7,65.53
2023-09-05T18:00:00+00:00,30.6,1003.6,70.38
2023-09-05T21:00:00+00:00,29.4,1002.8,74.96
2023-09-06T00:00:00+00:00,28.8,1004.3,84.86
2023-09-06T03:00:00+00:00,28.8,1006.0,74.86
2023-09-06T06:00:00+00:00,32.6,1004.8,60.59
2023-09-06T09:00:00+00:00,36.2,1002.5,45.83
2023-09-06T12:00:00+00:00,36.0,1001.1,44.41
2023-09-06T15:00:00+00:00,33.2,1002.8,55.48
2023-09-06T18:00:00+00:00,32.2,1003.5,58.0
2023-09-06T21:00:00+00:00,30.6,1002.7,65.48
2023-09-07T00:00:00+00:00,29.8,1003.9,67.32
2023-09-07T03:00:00+00:00,29.6,1005.3,72.34
2023-09-07T06:00:00+00:00,34.2,1003.8,58.46
2023-09-07T09:00:00+00:00,37.0,1001.4,50.38
2023-09-07T12:00:00+00:00,30.4,1000.8,70.34
2023-09-07T15:00:00+00:00,29.0,1002.5,74.89
2023-09-07T18:00:00+00:00,29.0,1003.1,74.89
2023-09-07T21:00:00+00:00,28.6,1002.6,74.83
2023-09-08T00:00:00+00:00,28.0,1003.7,75.64
2023-09-08T03:00:00+00:00,28.6,1004.7,76.19
2023-09-08T06:00:00+00:00,35.0,1004.4,48.68
2023-09-08T09:00:00+00:00,35.6,1001.6,52.18
2023-09-08T12:00:00+00:00,36.0,1000.4,52.28
2023-09-08T15:00:00+00:00,29.4,1003.4,72.3
2023-09-08T18:00:00+00:00,29.2,1003.7,76.28
2023-09-08T21:00:00+00:00,28.2,1003.3,80.36
2023-09-09T00:00:00+00:00,25.4,1003.7,98.23
2023-09-09T03:00:00+00:00,26.4,1004.3,98.24
2023-09-09T06:00:00+00:00,28.8,1004.1,90.55
2023-09-09T09:00:00+00:00,30.4,1001.8,76.92
2023-09-09T12:00:00+00:00,27.4,1001.1,87.28
2023-09-09T15:00:00+00:00,26.4,1002.7,85.64
2023-09-09T18:00:00+00:00,25.2,1002.4,100.0
2023-09-09T21:00:00+00:00,25.0,1000.5,100.0
2023-09-10T00:00:00+00:00,24.8,1000.8,100.0
2023-09-10T03:00:00+00:00,25.4,1001.7,100.0
2023-09-10T06:00:00+00:00,26.4,1001.6,100.0
2023-09-10T09:00:00+00:00,27.6,999.8,90.47
2023-09-10T12:00:00+00:00,27.2,999.4,92.07
2023-09-10T15:00:00+00:00,26.8,1001.1,92.05
2023-09-10T18:00:00+00:00,26.2,1002.1,96.51
2023-09-10T21:00:00+00:00,26.2,1001.5,93.12
2023-09-11T00:00:00+00:00,25.2,1000.6,94.76
2023-09-11T03:00:00+00:00,26.4,1002.4,90.39
2023-09-11T06:00:00+00:00,28.6,1000.9,83.34
2023-09-11T09:00:00+00:00,31.2,1000.7,79.81
2023-09-11T12:00:00+00:00,32.4,999.6,67.83
2023-09-11T15:00:00+00:00,28.8,1001.2,81.89
2023-09-11T18:00:00+00:00,28.0,1002.2,87.34
2023-09-11T21:00:00+00:00,27.0,1001.7,92.06
2023-09-12T00:00:00+00:00,25.8,1001.4,93.1
2023-09-12T03:00:00+00:00,27.0,1003.4,87.25
2023-09-12T06:00:00+00:00,31.8,1002.8,69.76
2023-09-12T09:00:00+00:00,33.2,1000.6,63.32
2023-09-12T12:00:00+00:00,32.2,999.8,72.78
2023-09-12T15:00:00+00:00,29.6,1001.6,83.45
2023-09-12T18:00:00+00:00,28.8,1002.0,89.49
2023-09-12T21:00:00+00:00,27.8,1001.9,92.1
2023-09-13T00:00:00+00:00,27.0,1002.1,93.71
2023-09-13T03:00:00+00:00,28.4,1003.6,90.52
2023-09-13T06:00:00+00:00,33.2,1002.7,68.39
2023-09-13T09:00:00+00:00,34.8,1000.7,63.28
2023-09-13T12:00:00+00:00,35.0,999.4,66.75
2023-09-13T15:00:00+00:00,31.0,1001.0,79.78
2023-09-13T18:00:00+00:00,30.2,1002.1,84.01
2023-09-13T21:00:00+00:00,29.0,1001.9,89.51
2023-09-14T00:00:00+00:00,28.6,1003.2,90.54
2023-09-14T03:00:00+00:00,29.6,1004.4,86.45
2023-09-14T06:00:00+00:00,34.2,1004.0,62.78
2023-09-14T09:00:00+00:00,36.8,1001.3,55.02
2023-09-14T12:00:00+00:00,35.2,1000.5,63.74
2023-09-14T15:00:00+00:00,32.6,1001.9,71.58
2023-09-14T18:00:00+00:00,31.8,1003.6,72.72
2023-09-14T21:00:00+00:00,30.6,1002.8,78.33
2023-09-15T00:00:00+00:00,29.4,1002.9,80.52
2023-09-15T03:00:00+00:00,24.8,1006.8,100.0
2023-09-15T06:00:00+00:00,29.8,1007.3,79.62
2023-09-15T09:00:00+00:00,32.4,1003.9,69.05
2023-09-15T12:00:00+00:00,33.0,1001.5,69.16
2023-09-15T15:00:00+00:00,30.2,1003.6,84.01
2023-09-15T18:00:00+00:00,29.0,1004.0,87.94
2023-09-15T21:00:00+00:00,28.2,1003.8,90.51
2023-09-16T00:00:00+00:00,28.0,1003.3,90.5
2023-09-16T03:00:00+00:00,29.4,1004.6,84.92
2023-09-16T06:00:00+00:00,33.6,1004.3,67.27
2023-09-16T09:00:00+00:00,33.0,1001.5,71.65
2023-09-16T12:00:00+00:00,27.2,1001.8,96.53
2023-09-16T15:00:00+00:00,25.4,1003.5,100.0
2023-09-16T18:00:00+00:00,25.8,1002.8,98.23
2023-09-16T21:00:00+00:00,25.2,1001.3,96.48
2023-09-17T00:00:00+00:00,26.8,1001.2,96.52
2023-09-17T03:00:00+00:00,27.8,1003.1,90.48
2023-09-17T06:00:00+00:00,29.4,1002.9,83.43
2023-09-17T09:00:00+00:00,32.0,1000.2,71.05
2023-09-17T12:00:00+00:00,31.4,999.7,69.69
2023-09-17T15:00:00+00:00,28.6,1001.0,83.34
2023-09-17T18:00:00+00:00,28.0,1001.7,87.34
2023-09-17T21:00:00+00:00,27.4,1000.8,88.86
2023-09-18T00:00:00+00:00,26.4,1001.6,90.39
2023-09-18T03:00:00+00:00,28.6,1003.4,77.58
2023-09-18T06:00:00+00:00,31.4,1003.4,64.47
2023-09-18T09:00:00+00:00,33.0,1001.8,63.28
2023-09-18T12:00:00+00:00,33.2,1001.1,62.57
2023-09-18T15:00:00+00:00,30.6,1003.2,71.65
2023-09-18T18:00:00+00:00,29.8,1004.6,74.13
2023-09-18T21:00:00+00:00,28.6,1004.0,77.58
2023-09-19T00:00:00+00:00,27.8,1004.5,85.77
2023-09-19T03:00:00+00:00,29.0,1006.0,81.91
2023-09-19T06:00:00+00:00,33.6,1005.8,61.54
2023-09-19T09:00:00+00:00,35.2,1003.9,52.71
2023-09-19T12:00:00+00:00,33.8,1003.0,60.5
2023-09-20T00:00:00+00:00,27.6,1005.9,90.47
2023-09-20T03:00:00+00:00,29.6,1007.3,79.59
2023-09-20T06:00:00+00:00,33.4,1006.6,57.92
2023-09-20T09:00:00+00:00,35.8,1003.3,49.18
2023-09-20T12:00:00+00:00,36.0,1001.3,50.43
2023-09-20T15:00:00+00:00,31.4,1004.1,72.22
2023-09-20T18:00:00+00:00,30.2,1005.2,79.67
2023-09-20T21:00:00+00:00,28.8,1005.0,86.38
2023-09-21T00:00:00+00:00,28.4,1005.1,86.34
2023-09-21T03:00:00+00:00,30.0,1006.1,79.65
2023-09-21T06:00:00+00:00,34.4,1005.1,60.99
2023-09-21T09:00:00+00:00,36.4,1001.4,52.69
2023-09-21T12:00:00+00:00,33.6,1002.2,61.54
2023-09-21T15:00:00+00:00,28.4,1003.6,88.94
2023-09-21T18:00:00+00:00,27.8,1004.6,92.1
2023-09-21T21:00:00+00:00,27.2,1003.9,93.72
2023-09-22T00:00:00+00:00,27.0,1004.4,93.71
2023-09-22T03:00:00+00:00,29.0,1006.7,86.4
2023-09-22T06:00:00+00:00,33.4,1005.6,64.88
2023-09-22T09:00:00+00:00,35.8,1002.7,53.17
2023-09-22T12:00:00+00:00,34.2,1002.6,59.51
2023-09-22T15:00:00+00:00,32.0,1003.8,68.57
2023-09-22T18:00:00+00:00,30.6,1005.0,74.26
2023-09-22T21:00:00+00:00,29.4,1004.3,80.52
2023-09-23T00:00:00+00:00,28.6,1004.5,81.87
2023-09-23T03:00:00+00:00,29.4,1007.1,80.52
2023-09-23T06:00:00+00:00,33.2,1006.9,68.39
2023-09-23T09:00:00+00:00,24.4,1007.2,100.0
2023-09-23T12:00:00+00:00,29.0,1004.1,77.64
2023-09-23T15:00:00+00:00,27.2,1005.4,92.07
2023-09-23T18:00:00+00:00,26.8,1005.8,93.7
2023-09-23T21:00:00+00:00,26.4,1005.5,94.81
2023-09-24T00:00:00+00:00,25.4,1005.8,98.23
2023-09-24T03:00:00+00:00,27.6,1007.0,90.47
2023-09-24T06:00:00+00:00,31.0,1006.8,77.47
2023-09-24T09:00:00+00:00,33.6,1004.0,55.92
2023-09-24T12:00:00+00:00,29.8,1003.1,67.32
2023-09-24T15:00:00+00:00,27.4,1004.8,81.23
2023-09-24T18:00:00+00:00,26.2,1005.2,87.18
2023-09-24T21:00:00+00:00,25.8,1005.1,90.35
2023-09-25T00:00:00+00:00,25.0,1005.3,93.06
2023-09-25T03:00:00+00:00,26.6,1007.1,88.8
2023-09-25T06:00:00+00:00,31.6,1006.8,64.9
2023-09-25T09:00:00+00:00,34.6,1004.2,55.48
2023-09-25T12:00:00+00:00,33.6,1003.6,63.78
2023-09-25T15:00:00+00:00,29.6,1005.3,76.8
2023-09-25T18:00:00+00:00,28.2,1006.4,80.36
2023-09-25T21:00:00+00:00,27.0,1006.0,85.7
2023-09-26T00:00:00+00:00,26.0,1006.5,92.0
2023-09-26T03:00:00+00:00,28.0,1008.5,83.27
2023-09-26T06:00:00+00:00,33.4,1007.9,61.13
2023-09-26T09:00:00+00:00,34.6,1005.6,50.38
2023-09-26T12:00:00+00:00,33.2,1004.6,56.5
2023-09-26T15:00:00+00:00,30.4,1006.3,69.09
2023-09-26T18:00:00+00:00,29.2,1007.2,73.59
2023-09-26T21:00:00+00:00,27.6,1006.4,79.8
2023-09-27T00:00:00+00:00,26.4,1007.4,90.39
2023-09-27T03:00:00+00:00,27.6,1008.6,81.25
2023-09-27T06:00:00+00:00,32.8,1007.7,56.4
2023-09-27T09:00:00+00:00,34.0,1005.3,49.62
2023-09-27T12:00:00+00:00,32.0,1004.2,46.72
2023-09-27T15:00:00+00:00,30.2,1005.3,54.08
2023-09-27T18:00:00+00:00,27.4,1006.1,76.93
2023-09-27T21:00:00+00:00,25.6,1005.9,85.04
2023-09-28T00:00:00+00:00,23.4,1006.6,92.98
2023-09-28T03:00:00+00:00,25.8,1008.2,87.14
2023-09-28T06:00:00+00:00,31.8,1008.1,47.55
2023-09-28T18:00:00+00:00,26.2,1005.8,76.28
2023-09-28T21:00:00+00:00,24.7,1005.4,83.92
2023-09-29T00:00:00+00:00,23.4,1006.3,91.29
2023-09-29T03:00:00+00:00,26.0,1008.0,84.06
2023-09-29T06:00:00+00:00,31.5,1007.5,54.73
2023-09-29T12:00:00+00:00,33.0,1003.4,46.7
2023-09-29T15:00:00+00:00,28.2,1005.3,71.66
2023-09-29T21:00:00+00:00,25.0,1006.6,86.54
2023-09-30T00:00:00+00:00,24.2,1005.9,91.34
2023-09-30T03:00:00+00:00,26.4,1007.4,81.1
2023-09-30T06:00:00+00:00,32.6,1007.3,54.01
2023-09-30T09:00:00+00:00,35.2,1003.8,39.05
2023-09-30T12:00:00+00:00,33.2,1003.3,44.76
2023-09-30T15:00:00+00:00,29.8,1005.1,66.11
2023-09-30T18:00:00+00:00,27.6,1006.0,75.58
2023-09-30T21:00:00+00:00,26.4,1004.9,79.64
2023-10-01T00:00:00+00:00,24.4,1005.5,84.92
2023-10-01T03:00:00+00:00,26.4,1007.4,77.72
2023-10-01T06:00:00+00:00,31.8,1006.5,48.75
2023-10-01T09:00:00+00:00,35.0,1003.8,28.0
2023-10-01T12:00:00+00:00,33.0,1003.0,38.45
2023-10-01T15:00:00+00:00,27.0,1004.7,69.71
2023-10-01T18:00:00+00:00,26.2,1006.2,71.74
2023-10-02T00:00:00+00:00,21.6,1005.4,88.94
2023-10-02T03:00:00+00:00,23.8,1007.6,76.38
2023-10-02T06:00:00+00:00,31.6,1007.7,45.18
2023-10-02T09:00:00+00:00,34.2,1005.0,35.05
2023-10-02T12:00:00+00:00,33.2,1004.8,35.0
2023-10-02T15:00:00+00:00,26.2,1006.6,63.36
2023-10-02T18:00:00+00:00,22.4,1007.1,72.41
2023-10-02T21:00:00+00:00,20.6,1006.4,79.84
2023-10-03T00:00:00+00:00,19.8,1007.1,86.59
2023-10-03T03:00:00+00:00,23.6,1009.1,66.91
2023-10-03T06:00:00+00:00,30.8,1008.5,41.14
2023-10-03T09:00:00+00:00,34.2,1005.0,27.07
2023-10-03T12:00:00+00:00,32.0,1005.0,50.02
2023-10-03T15:00:00+00:00,25.0,1007.3,74.24
2023-10-03T18:00:00+00:00,22.6,1008.1,82.65
2023-10-03T21:00:00+00:00,21.0,1007.7,88.9
2023-10-04T00:00:00+00:00,20.2,1007.4,94.57
2023-10-04T03:00:00+00:00,23.6,1009.1,74.94
2023-10-04T06:00:00+00:00,31.0,1008.1,55.97
2023-10-04T09:00:00+00:00,34.0,1005.2,47.54
2023-10-04T12:00:00+00:00,32.8,1004.8,48.71
2023-10-04T15:00:00+00:00,30.2,1007.0,52.75
2023-10-04T18:00:00+00:00,26.8,1007.8,61.16
2023-10-04T21:00:00+00:00,23.4,1007.4,77.76
2023-10-05T00:00:00+00:00,21.0,1006.9,92.85
2023-10-05T03:00:00+00:00,24.6,1008.7,66.28
2023-10-05T06:00:00+00:00,32.0,1007.9,50.96
2023-10-05T09:00:00+00:00,34.6,1004.5,40.37
2023-10-05T15:00:00+00:00,26.8,1005.7,72.29
2023-10-05T18:00:00+00:00,23.2,1006.0,81.19
2023-10-06T00:00:00+00:00,20.2,1005.8,90.52
2023-10-06T03:00:00+00:00,22.6,1007.4,77.64
2023-10-06T06:00:00+00:00,32.2,1006.5,45.91
2023-10-06T09:00:00+00:00,34.8,1003.3,42.49
2023-10-06T12:00:00+00:00,34.4,1003.4,45.08
2023-10-06T15:00:00+00:00,25.8,1005.6,73.01
2023-10-06T18:00:00+00:00,24.4,1006.0,83.37
2023-10-06T21:00:00+00:00,22.8,1005.9,87.95
2023-10-07T00:00:00+00:00,22.2,1006.6,91.22
2023-10-07T03:00:00+00:00,26.2,1008.5,62.18
2023-10-07T06:00:00+00:00,32.2,1007.6,45.91
2023-10-07T09:00:00+00:00,35.0,1005.1,45.52
2023-10-07T12:00:00+00:00,33.6,1005.4,50.43
2023-10-07T15:00:00+00:00,28.4,1007.2,78.96
2023-10-07T18:00:00+00:00,26.6,1007.6,85.66
2023-10-07T21:00:00+00:00,25.4,1007.0,90.32
2023-10-08T00:00:00+00:00,25.2,1007.0,89.76
2023-10-08T03:00:00+00:00,27.8,1008.7,59.5
2023-10-08T06:00:00+00:00,31.6,1008.2,49.61
2023-10-08T09:00:00+00:00,36.2,1005.5,43.92
2023-10-08T12:00:00+00:00,34.2,1005.3,54.07
2023-10-08T15:00:00+00:00,29.6,1007.2,78.19
2023-10-08T18:00:00+00:00,28.2,1007.9,81.82
2023-10-08T21:00:00+00:00,27.0,1007.2,87.25
2023-10-09T00:00:00+00:00,25.8,1007.6,91.99
2023-10-09T03:00:00+00:00,27.8,1009.8,63.31
2023-10-09T06:00:00+00:00,33.2,1009.5,49.11
2023-10-09T09:00:00+00:00,36.0,1006.5,39.03
2023-10-09T12:00:00+00:00,34.4,1005.5,55.44
2023-10-09T15:00:00+00:00,29.4,1007.3,72.3
2023-10-09T18:00:00+00:00,28.0,1008.4,78.43
2023-10-09T21:00:00+00:00,27.0,1007.9,84.17
2023-10-10T00:00:00+00:00,24.0,1008.3,85.92
2023-10-10T03:00:00+00:00,27.2,1010.4,62.79
2023-10-10T06:00:00+00:00,32.8,1010.6,46.35
2023-10-10T09:00:00+00:00,34.8,1008.1,45.47
2023-10-10T12:00:00+00:00,33.6,1007.5,46.28
2023-10-10T15:00:00+00:00,26.4,1008.2,70.46
2023-10-10T18:00:00+00:00,25.0,1009.2,80.43
2023-10-11T00:00:00+00:00,21.8,1009.6,91.19
2023-10-11T03:00:00+00:00,24.2,1011.7,81.32
2023-10-11T06:00:00+00:00,31.4,1011.2,47.15
2023-10-11T09:00:00+00:00,34.8,1008.5,33.05
2023-10-11T12:00:00+00:00,32.2,1008.5,39.72
2023-10-11T15:00:00+00:00,24.4,1010.7,69.22
2023-10-11T18:00:00+00:00,22.2,1011.0,77.1
2023-10-11T21:00:00+00:00,21.0,1010.5,83.5
2023-10-12T00:00:00+00:00,19.0,1011.2,93.92
2023-10-12T03:00:00+00:00,23.0,1012.8,74.37
2023-10-12T06:00:00+00:00,32.0,1012.5,44.72
2023-10-12T09:00:00+00:00,34.2,1010.4,41.8
2023-10-12T12:00:00+00:00,32.0,1010.2,50.02
2023-10-12T15:00:00+00:00,26.8,1011.8,66.72
2023-10-12T18:00:00+00:00,25.6,1012.4,71.63
2023-10-12T21:00:00+00:00,23.4,1011.7,84.29
2023-10-13T00:00:00+00:00,21.8,1012.2,96.39
2023-10-13T03:00:00+00:00,24.2,1013.8,79.83
2023-10-13T06:00:00+00:00,33.6,1013.0,46.28
2023-10-13T09:00:00+00:00,35.4,1010.0,42.91
2023-10-13T12:00:00+00:00,33.0,1009.3,52.16
2023-10-13T15:00:00+00:00,26.2,1010.6,74.9
2023-10-13T18:00:00+00:00,25.0,1012.2,81.92
2023-10-13T21:00:00+00:00,24.0,1011.8,85.92
2023-10-14T00:00:00+00:00,22.2,1011.7,92.92
2023-10-14T03:00:00+00:00,24.6,1012.8,83.39
2023-10-14T06:00:00+00:00,34.0,1012.1,51.78
2023-10-14T09:00:00+00:00,36.0,1009.2,43.6
2023-10-14T12:00:00+00:00,33.4,1008.8,49.16
2023-10-14T15:00:00+00:00,26.4,1010.5,73.56
2023-10-14T18:00:00+00:00,24.8,1010.9,80.4
2023-10-14T21:00:00+00:00,23.6,1009.2,88.02
2023-10-15T00:00:00+00:00,22.6,1009.0,92.94
2023-10-15T03:00:00+00:00,26.0,1011.5,74.86
2023-10-15T06:00:00+00:00,29.2,1011.0,56.93
2023-10-15T09:00:00+00:00,33.6,1007.6,50.43
2023-10-15T12:00:00+00:00,32.4,1006.9,60.55
2023-10-15T15:00:00+00:00,26.2,1009.0,79.13
2023-10-15T18:00:00+00:00,25.2,1009.4,81.95
2023-10-15T21:00:00+00:00,24.0,1008.2,86.45
2023-10-16T00:00:00+00:00,22.6,1009.7,84.2
2023-10-16T03:00:00+00:00,26.2,1011.2,67.44
2023-10-16T06:00:00+00:00,28.6,1011.2,74.83
2023-10-16T09:00:00+00:00,29.4,1010.5,62.12
2023-10-16T12:00:00+00:00,26.2,1009.6,59.13
2023-10-16T15:00:00+00:00,24.2,1012.4,56.08
2023-10-16T18:00:00+00:00,21.4,1016.7,80.45
2023-10-16T21:00:00+00:00,18.8,1013.2,93.92
2023-10-17T00:00:00+00:00,19.2,1014.0,90.45
2023-10-17T03:00:00+00:00,21.6,1016.1,80.48
2023-10-17T06:00:00+00:00,24.2,1018.9,67.46
2023-10-17T09:00:00+00:00,25.6,1014.6,60.12
2023-10-17T12:00:00+00:00,24.6,1014.3,67.96
2023-10-17T15:00:00+00:00,22.4,1015.2,80.59
2023-10-17T21:00:00+00:00,19.4,1014.5,96.33
2023-10-18T00:00:00+00:00,18.4,1014.5,96.3
2023-10-18T03:00:00+00:00,20.8,1016.4,81.91
2023-10-18T06:00:00+00:00,28.6,1016.4,38.47
2023-10-18T09:00:00+00:00,30.2,1013.2,37.19
2023-10-18T15:00:00+00:00,22.2,1014.8,74.24
2023-10-18T18:00:00+00:00,20.0,1014.8,84.98
2023-10-18T21:00:00+00:00,18.8,1013.1,92.15
2023-10-19T00:00:00+00:00,17.2,1014.5,93.84
2023-10-19T03:00:00+00:00,20.6,1016.5,79.84
2023-10-19T06:00:00+00:00,26.6,1016.1,50.52
2023-10-19T09:00:00+00:00,29.4,1013.3,35.09
2023-10-19T12:00:00+00:00,28.4,1012.5,44.03
2023-10-19T15:00:00+00:00,21.8,1014.5,72.31
2023-10-19T18:00:00+00:00,19.6,1015.1,82.81
2023-10-19T21:00:00+00:00,18.2,1014.5,92.12
2023-10-20T00:00:00+00:00,17.6,1015.4,93.86
2023-10-20T03:00:00+00:00,20.2,1017.2,88.83
2023-10-20T06:00:00+00:00,28.0,1016.0,47.14
2023-10-20T09:00:00+00:00,30.6,1013.4,37.79
2023-10-20T12:00:00+00:00,28.6,1014.6,45.23
2023-10-20T15:00:00+00:00,21.4,1014.9,75.05
2023-10-20T18:00:00+00:00,19.2,1015.1,86.53
2023-10-20T21:00:00+00:00,17.8,1014.7,92.1
2023-10-21T00:00:00+00:00,17.2,1015.5,93.84
2023-10-21T03:00:00+00:00,20.6,1017.6,83.45
2023-10-21T06:00:00+00:00,28.2,1016.9,47.19
2023-10-21T09:00:00+00:00,31.0,1014.0,36.23
2023-10-21T12:00:00+00:00,29.6,1013.5,50.34
2023-10-21T15:00:00+00:00,22.2,1015.1,75.66
2023-10-21T18:00:00+00:00,20.0,1015.8,84.98
2023-10-21T21:00:00+00:00,19.0,1015.3,90.44
2023-10-22T00:00:00+00:00,17.4,1016.5,91.49
2023-10-22T03:00:00+00:00,20.2,1017.9,83.41
2023-10-22T06:00:00+00:00,28.4,1017.0,49.72
2023-10-22T09:00:00+00:00,30.8,1013.9,37.36
2023-10-22T12:00:00+00:00,27.8,1013.4,49.24
2023-10-22T15:00:00+00:00,22.2,1015.5,80.56
2023-10-22T18:00:00+00:00,20.4,1015.7,88.85
2023-10-22T21:00:00+00:00,19.2,1015.0,92.18
2023-10-23T00:00:00+00:00,18.4,1015.6,93.9
2023-10-23T03:00:00+00:00,20.8,1016.9,85.07
2023-10-23T06:00:00+00:00,27.4,1015.3,51.38
2023-10-23T09:00:00+00:00,30.6,1012.0,34.51
2023-10-23T12:00:00+00:00,28.4,1010.2,44.03
2023-10-23T15:00:00+00:00,22.6,1013.6,75.72
2023-10-23T18:00:00+00:00,20.4,1014.1,85.02
2023-10-23T21:00:00+00:00,19.0,1014.0,92.17
2023-10-24T00:00:00+00:00,17.8,1013.4,93.87
2023-10-24T03:00:00+00:00,20.6,1015.3,81.89
2023-10-24T06:00:00+00:00,29.0,1014.3,45.63
2023-10-24T09:00:00+00:00,30.8,1012.2,32.8
2023-10-24T12:00:00+00:00,28.6,1011.0,44.08
2023-10-24T15:00:00+00:00,21.2,1013.6,76.95
2023-10-24T18:00:00+00:00,19.8,1013.8,82.83
2023-10-24T21:00:00+00:00,18.6,1013.2,90.41
2023-10-25T00:00:00+00:00,17.2,1014.2,92.06
2023-10-25T03:00:00+00:00,20.4,1016.0,79.81
2023-10-25T06:00:00+00:00,27.8,1015.9,46.79
2023-10-25T09:00:00+00:00,30.2,1012.9,38.17
2023-10-25T12:00:00+00:00,28.4,1012.6,49.72
2023-10-25T15:00:00+00:00,22.4,1014.1,75.69
2023-10-25T18:00:00+00:00,20.4,1014.7,83.43
2023-10-25T21:00:00+00:00,19.2,1014.5,90.45
2023-10-26T00:00:00+00:00,17.4,1013.7,91.49
2023-10-26T03:00:00+00:00,21.4,1015.7,68.63
2023-10-26T06:00:00+00:00,28.6,1015.3,44.08
2023-10-26T09:00:00+00:00,31.2,1012.4,31.43
2023-10-26T12:00:00+00:00,29.2,1011.9,42.58
2023-10-26T15:00:00+00:00,21.4,1013.6,75.05
2023-10-26T18:00:00+00:00,19.8,1014.1,81.27
2023-10-26T21:00:00+00:00,18.6,1013.0,88.14
2023-10-27T00:00:00+00:00,16.4,1013.4,91.42
2023-10-27T03:00:00+00:00,21.0,1014.6,66.38
2023-10-27T06:00:00+00:00,28.2,1014.1,44.83
2023-10-27T09:00:00+00:00,31.2,1011.6,27.53
2023-10-27T12:00:00+00:00,29.0,1011.0,30.21
2023-10-27T15:00:00+00:00,21.2,1013.2,73.13
2023-10-27T18:00:00+00:00,18.8,1013.8,84.32
2023-10-27T21:00:00+00:00,17.0,1012.8,89.72
2023-10-28T00:00:00+00:00,16.4,1013.3,91.42
2023-10-28T03:00:00+00:00,18.2,1015.2,86.44
2023-10-28T06:00:00+00:00,29.8,1014.6,38.81
2023-10-28T09:00:00+00:00,31.8,1012.0,30.58
2023-10-28T12:00:00+00:00,29.0,1011.8,43.35
2023-10-28T15:00:00+00:00,21.8,1014.0,73.7
2023-10-28T18:00:00+00:00,19.4,1014.1,84.92
2023-10-28T21:00:00+00:00,17.2,1013.4,87.46
2023-10-29T00:00:00+00:00,17.4,1013.4,93.85
2023-10-29T03:00:00+00:00,19.8,1015.4,81.27
2023-10-29T06:00:00+00:00,28.0,1014.7,39.84
2023-10-29T09:00:00+00:00,32.8,1011.9,30.65
2023-10-29T12:00:00+00:00,28.6,1011.2,56.09
2023-10-29T15:00:00+00:00,21.6,1013.4,78.48
2023-10-29T18:00:00+00:00,20.4,1014.2,87.19
2023-10-29T21:00:00+00:00,19.2,1013.8,90.45
2023-10-30T00:00:00+00:00,18.0,1014.1,93.88
2023-10-30T03:00:00+00:00,19.4,1015.9,84.92
2023-10-30T06:00:00+00:00,30.4,1015.0,41.82
2023-10-30T09:00:00+00:00,32.6,1012.2,37.14
2023-10-30T12:00:00+00:00,29.2,1012.2,58.0
2023-10-30T15:00:00+00:00,22.4,1014.6,82.11
2023-10-30T18:00:00+00:00,20.8,1015.5,87.23
2023-10-30T21:00:00+00:00,19.4,1015.1,92.19
2023-10-31T00:00:00+00:00,18.8,1015.8,95.71
2023-10-31T03:00:00+00:00,21.4,1017.4,85.66
2023-10-31T06:00:00+00:00,29.2,1016.5,55.54
2023-10-31T09:00:00+00:00,31.8,1014.1,43.28
2023-10-31T12:00:00+00:00,28.4,1013.5,57.45
2023-10-31T15:00:00+00:00,23.6,1015.7,82.77
2023-10-31T18:00:00+00:00,20.8,1016.4,90.56
2023-10-31T21:00:00+00:00,19.2,1015.6,93.93
2023-11-01T00:00:00+00:00,18.4,1016.7,93.9
2023-11-01T03:00:00+00:00,19.8,1018.8,84.96
2023-11-01T06:00:00+00:00,28.4,1018.2,54.65
2023-11-01T09:00:00+00:00,31.2,1014.8,44.79
2023-11-01T12:00:00+00:00,28.8,1013.5,47.96
2023-11-01T15:00:00+00:00,21.4,1015.2,78.45
2023-11-01T18:00:00+00:00,19.8,1015.7,86.59
2023-11-01T21:00:00+00:00,18.6,1015.1,92.14
2023-11-02T00:00:00+00:00,18.0,1015.3,95.68
2023-11-02T03:00:00+00:00,19.6,1016.7,90.48
2023-11-02T06:00:00+00:00,27.4,1015.5,61.67
2023-11-02T09:00:00+00:00,29.8,1012.9,56.03
2023-11-02T12:00:00+00:00,26.8,1012.3,69.24
2023-11-02T15:00:00+00:00,21.8,1013.4,91.76
2023-11-02T18:00:00+00:00,20.4,1013.6,92.25
2023-11-02T21:00:00+00:00,19.4,1013.3,96.33
2023-11-03T00:00:00+00:00,18.2,1013.0,93.89
2023-11-03T03:00:00+00:00,18.8,1013.8,93.92
2023-11-03T06:00:00+00:00,25.2,1012.9,75.66
2023-11-03T09:00:00+00:00,29.4,1010.0,44.02
2023-11-03T12:00:00+00:00,26.2,1009.9,63.36
2023-11-03T15:00:00+00:00,21.2,1012.1,85.64
2023-11-03T18:00:00+00:00,19.4,1012.6,90.46
2023-11-03T21:00:00+00:00,18.2,1011.9,92.12
2023-11-04T00:00:00+00:00,17.8,1012.2,95.67
2023-11-04T03:00:00+00:00,19.6,1013.9,88.23
2023-11-04T06:00:00+00:00,25.8,1013.4,64.47
2023-11-04T09:00:00+00:00,28.6,1010.9,57.5
2023-11-04T12:00:00+00:00,27.0,1010.7,72.32
2023-11-04T15:00:00+00:00,21.8,1012.6,88.96
2023-11-04T18:00:00+00:00,19.6,1013.2,96.33
2023-11-04T21:00:00+00:00,18.2,1012.3,95.69
2023-11-05T00:00:00+00:00,18.0,1013.7,98.13
2023-11-05T03:00:00+00:00,18.6,1015.7,96.3
2023-11-05T06:00:00+00:00,27.6,1014.3,61.72
2023-11-05T09:00:00+00:00,30.6,1012.1,45.19
2023-11-05T12:00:00+00:00,28.4,1012.0,57.45
2023-11-05T15:00:00+00:00,20.2,1014.4,86.63
2023-11-05T18:00:00+00:00,17.8,1015.5,93.87
2023-11-05T21:00:00+00:00,16.6,1014.3,95.63
2023-11-06T00:00:00+00:00,15.6,1015.8,98.09
2023-11-06T03:00:00+00:00,16.4,1017.7,98.11
2023-11-06T06:00:00+00:00,28.2,1016.5,47.19
2023-11-06T09:00:00+00:00,30.8,1014.0,34.79
2023-11-06T12:00:00+00:00,26.6,1013.1,62.27
2023-11-06T15:00:00+00:00,20.6,1015.3,83.45
2023-11-06T21:00:00+00:00,18.0,1015.2,93.88
2023-11-07T00:00:00+00:00,16.0,1015.3,97.47
2023-11-07T03:00:00+00:00,16.6,1016.8,95.63
2023-11-07T06:00:00+00:00,28.0,1015.7,54.55
2023-11-07T09:00:00+00:00,31.4,1012.3,41.83
2023-11-07T12:00:00+00:00,29.2,1011.9,44.82
2023-11-07T15:00:00+00:00,22.4,1014.4,77.61
2023-11-07T18:00:00+00:00,20.0,1013.8,88.82
2023-11-07T21:00:00+00:00,18.4,1013.6,93.9
2023-11-08T00:00:00+00:00,16.6,1014.0,97.48
2023-11-08T03:00:00+00:00,17.4,1014.8,91.49
2023-11-08T06:00:00+00:00,27.4,1014.7,51.38
2023-11-08T09:00:00+00:00,29.4,1011.7,47.51
2023-11-08T12:00:00+00:00,27.0,1011.7,62.75
2023-11-08T15:00:00+00:00,21.0,1013.8,85.62
2023-11-08T18:00:00+00:00,19.0,1014.3,92.17
2023-11-08T21:00:00+00:00,17.6,1014.2,93.86
2023-11-09T00:00:00+00:00,17.2,1013.3,95.65
2023-11-09T03:00:00+00:00,18.8,1015.2,88.16
2023-11-09T06:00:00+00:00,27.2,1014.5,58.62
2023-11-09T09:00:00+00:00,30.0,1012.2,41.18
2023-11-09T12:00:00+00:00,27.8,1011.7,58.03
2023-11-09T15:00:00+00:00,21.2,1014.0,85.64
2023-11-09T18:00:00+00:00,20.0,1014.8,93.97
2023-11-09T21:00:00+00:00,19.0,1014.5,96.31
2023-11-10T00:00:00+00:00,18.2,1014.4,100.0
2023-11-10T03:00:00+00:00,20.0,1016.5,90.51
2023-11-10T06:00:00+00:00,21.0,1017.3,88.9
2023-11-10T09:00:00+00:00,21.6,1015.2,87.3
2023-11-10T12:00:00+00:00,19.8,1015.2,93.96
2023-11-10T15:00:00+00:00,19.4,1017.2,93.94
2023-11-10T18:00:00+00:00,18.0,1017.1,95.68
2023-11-10T21:00:00+00:00,16.8,1016.7,97.49
2023-11-11T00:00:00+00:00,15.4,1016.9,100.0
2023-11-11T03:00:00+00:00,17.0,1018.3,88.0
2023-11-11T06:00:00+00:00,22.8,1019.1,60.24
2023-11-11T09:00:00+00:00,25.8,1016.4,49.35
2023-11-11T12:00:00+00:00,22.8,1016.6,66.32
2023-11-11T15:00:00+00:00,19.0,1018.3,86.51
2023-11-11T18:00:00+00:00,17.0,1018.8,90.3
2023-11-11T21:00:00+00:00,15.8,1018.4,93.78
2023-11-12T00:00:00+00:00,14.0,1018.1,100.0
2023-11-12T03:00:00+00:00,16.0,1019.5,85.66
2023-11-12T06:00:00+00:00,24.2,1018.7,54.65
2023-11-12T09:00:00+00:00,26.4,1015.8,43.77
2023-11-12T12:00:00+00:00,25.0,1015.8,59.6
2023-11-12T15:00:00+00:00,18.4,1017.7,82.67
2023-11-12T18:00:00+00:00,16.6,1018.5,91.44
2023-11-12T21:00:00+00:00,15.2,1017.6,95.59
2023-11-13T00:00:00+00:00,13.8,1018.0,97.43
2023-11-13T03:00:00+00:00,14.4,1020.0,100.0
2023-11-13T06:00:00+00:00,22.8,1019.5,60.24
2023-11-13T09:00:00+00:00,27.2,1016.0,44.85
2023-11-13T12:00:00+00:00,24.4,1015.5,66.23
2023-11-13T15:00:00+00:00,19.0,1017.0,86.51
2023-11-13T18:00:00+00:00,16.6,1018.4,89.69
2023-11-13T21:00:00+00:00,15.4,1017.1,93.15
2023-11-14T00:00:00+00:00,13.8,1017.3,97.43
2023-11-14T03:00:00+00:00,15.2,1019.4,97.46
2023-11-14T06:00:00+00:00,23.4,1019.0,55.16
2023-11-14T09:00:00+00:00,25.6,1015.9,41.58
2023-11-14T12:00:00+00:00,22.8,1015.5,69.79
2023-11-14T15:00:00+00:00,18.0,1017.3,88.09
2023-11-14T18:00:00+00:00,16.0,1018.5,89.64
2023-11-15T00:00:00+00:00,12.6,1017.4,100.0
2023-11-15T03:00:00+00:00,13.6,1019.2,100.0
2023-11-15T06:00:00+00:00,22.2,1018.4,69.23
2023-11-15T09:00:00+00:00,26.8,1015.2,43.03
2023-11-15T12:00:00+00:00,24.2,1015.2,57.17
2023-11-15T15:00:00+00:00,17.0,1017.3,88.0
2023-11-15T18:00:00+00:00,15.2,1017.6,91.35
2023-11-15T21:00:00+00:00,14.0,1017.2,95.55
2023-11-16T00:00:00+00:00,13.0,1017.7,97.41
2023-11-16T06:00:00+00:00,23.0,1019.3,56.14
2023-11-16T09:00:00+00:00,26.6,1016.4,52.84
2023-11-16T12:00:00+00:00,24.4,1016.4,67.92
2023-11-16T15:00:00+00:00,18.0,1018.6,92.11
2023-11-16T18:00:00+00:00,16.4,1018.9,93.81
2023-11-16T21:00:00+00:00,15.0,1018.9,95.58
2023-11-17T00:00:00+00:00,13.8,1019.2,100.0
2023-11-17T03:00:00+00:00,15.0,1020.3,97.45
2023-11-17T06:00:00+00:00,25.0,1019.1,58.1
2023-11-17T09:00:00+00:00,27.6,1015.4,51.43
2023-11-17T12:00:00+00:00,25.0,1015.3,69.76
2023-11-17T15:00:00+00:00,19.2,1016.4,88.19
2023-11-17T18:00:00+00:00,17.8,1016.2,93.87
2023-11-17T21:00:00+00:00,15.6,1015.9,95.6
2023-11-18T00:00:00+00:00,15.2,1016.5,98.09
2023-11-18T06:00:00+00:00,25.4,1017.0,57.09
2023-11-18T09:00:00+00:00,27.4,1013.9,55.09
2023-11-18T12:00:00+00:00,24.0,1013.9,70.45
2023-11-18T15:00:00+00:00,18.4,1015.2,85.9
2023-11-18T18:00:00+00:00,17.2,1016.1,93.84
2023-11-18T21:00:00+00:00,16.4,1015.7,95.63
2023-11-19T00:00:00+00:00,13.6,1016.8,100.0
2023-11-19T03:00:00+00:00,15.4,1019.0,97.46
2023-11-19T06:00:00+00:00,24.4,1018.3,57.59
2023-11-19T09:00:00+00:00,26.2,1015.5,46.05
2023-11-19T12:00:00+00:00,24.0,1015.4,61.29
2023-11-19T15:00:00+00:00,17.2,1017.0,89.73
2023-11-19T18:00:00+00:00,15.4,1017.1,95.59
2023-11-19T21:00:00+00:00,14.0,1017.0,97.43
2023-11-20T00:00:00+00:00,13.4,1017.1,97.42
2023-11-20T03:00:00+00:00,14.8,1019.6,94.34
2023-11-20T06:00:00+00:00,24.6,1018.7,50.65
2023-11-20T09:00:00+00:00,26.2,1015.5,48.51
2023-11-20T12:00:00+00:00,24.0,1015.1,64.5
2023-11-20T15:00:00+00:00,17.2,1017.0,85.78
2023-11-20T18:00:00+00:00,15.2,1017.9,93.14
2023-11-20T21:00:00+00:00,13.4,1017.5,95.53
2023-11-21T00:00:00+00:00,13.2,1017.2,95.52
2023-11-21T03:00:00+00:00,15.0,1018.9,91.34
2023-11-21T06:00:00+00:00,23.0,1017.0,60.67
2023-11-21T09:00:00+00:00,25.8,1014.1,56.11
2023-11-21T12:00:00+00:00,22.2,1014.0,72.38
2023-11-21T15:00:00+00:00,17.8,1015.6,84.2
2023-11-21T18:00:00+00:00,16.6,1015.2,83.53
2023-11-21T21:00:00+00:00,15.0,1014.0,88.98
2023-11-22T00:00:00+00:00,13.0,1014.0,90.6
2023-11-22T03:00:00+00:00,14.6,1016.1,75.9
2023-11-22T06:00:00+00:00,21.8,1015.4,51.6
2023-11-22T09:00:00+00:00,25.0,1012.8,48.5
2023-11-22T12:00:00+00:00,21.6,1012.9,65.23
2023-11-22T15:00:00+00:00,15.2,1014.9,89.0
2023-11-22T18:00:00+00:00,13.4,1014.6,95.53
2023-11-22T21:00:00+00:00,12.4,1013.6,97.4
2023-11-23T00:00:00+00:00,10.8,1014.1,100.0
2023-11-23T03:00:00+00:00,12.2,1016.1,94.86
2023-11-23T06:00:00+00:00,22.8,1015.1,55.73
2023-11-23T09:00:00+00:00,25.8,1012.0,50.97
2023-11-23T12:00:00+00:00,22.6,1012.1,66.28
2023-11-23T15:00:00+00:00,15.4,1014.6,89.02
2023-11-23T18:00:00+00:00,13.8,1015.0,95.54
2023-11-23T21:00:00+00:00,12.0,1014.8,97.39
2023-11-24T00:00:00+00:00,11.4,1014.5,100.0
2023-11-24T03:00:00+00:00,12.8,1018.1,100.0
2023-11-24T06:00:00+00:00,22.8,1017.4,60.24
2023-11-24T09:00:00+00:00,26.4,1014.2,51.45
2023-11-24T12:00:00+00:00,21.4,1014.5,69.96
2023-11-24T15:00:00+00:00,15.6,1017.1,91.37
2023-11-24T18:00:00+00:00,14.0,1017.4,93.08
2023-11-24T21:00:00+00:00,12.4,1017.0,95.49
2023-11-25T00:00:00+00:00,11.8,1016.8,100.0
2023-11-25T03:00:00+00:00,12.4,1018.4,97.4
2023-11-25T06:00:00+00:00,24.0,1018.1,57.12
2023-11-25T09:00:00+00:00,25.0,1015.9,52.43
2023-11-25T12:00:00+00:00,21.6,1015.2,73.66
2023-11-25T15:00:00+00:00,16.8,1017.9,91.45
2023-11-25T18:00:00+00:00,14.6,1018.3,95.57
2023-11-26T00:00:00+00:00,12.6,1018.3,100.0
2023-11-26T03:00:00+00:00,14.4,1020.3,93.1
2023-11-26T06:00:00+00:00,22.4,1019.0,64.56
2023-11-26T09:00:00+00:00,25.6,1016.4,56.06
2023-11-26T12:00:00+00:00,21.6,1016.4,78.48
2023-11-26T15:00:00+00:00,18.0,1017.3,89.79
2023-11-26T18:00:00+00:00,17.0,1017.4,95.65
2023-11-26T21:00:00+00:00,15.6,1016.1,95.6
2023-11-27T00:00:00+00:00,15.0,1015.4,100.0
2023-11-27T03:00:00+00:00,15.4,1015.5,97.46
2023-11-27T06:00:00+00:00,19.6,1017.4,75.72
2023-11-27T09:00:00+00:00,23.4,1014.1,60.77
2023-11-27T12:00:00+00:00,21.4,1013.6,71.78
2023-11-27T15:00:00+00:00,16.8,1016.0,100.0
2023-11-27T18:00:00+00:00,16.2,1015.8,98.1
2023-11-27T21:00:00+00:00,15.0,1015.3,100.0
2023-11-28T00:00:00+00:00,15.4,1015.6,100.0
2023-11-28T03:00:00+00:00,17.0,1015.8,95.65
2023-11-28T06:00:00+00:00,19.0,1016.7,90.44
2023-11-28T09:00:00+00:00,19.8,1013.9,84.96
2023-11-28T12:00:00+00:00,19.4,1013.5,86.55
2023-11-28T15:00:00+00:00,16.2,1015.1,98.1
2023-11-28T18:00:00+00:00,15.6,1015.2,98.09
2023-11-28T21:00:00+00:00,14.4,1014.6,100.0
2023-11-29T00:00:00+00:00,13.6,1015.2,100.0
2023-11-29T03:00:00+00:00,14.0,1016.8,100.0
2023-11-29T06:00:00+00:00,22.0,1016.8,70.53
2023-11-29T09:00:00+00:00,25.0,1013.9,69.76
2023-11-29T12:00:00+00:00,21.2,1014.0,78.42
2023-11-29T15:00:00+00:00,18.0,1015.8,92.11
2023-11-29T18:00:00+00:00,16.6,1015.7,95.63
2023-11-29T21:00:00+00:00,15.4,1015.4,98.09
2023-11-30T00:00:00+00:00,14.6,1015.2,100.0
2023-11-30T03:00:00+00:00,15.4,1017.3,95.59
2023-11-30T06:00:00+00:00,22.8,1017.4,74.34
2023-11-30T09:00:00+00:00,24.6,1014.9,66.28
2023-11-30T12:00:00+00:00,21.8,1015.2,84.11
2023-11-30T15:00:00+00:00,19.0,1017.1,93.92
2023-11-30T18:00:00+00:00,17.4,1017.3,95.66
2023-11-30T21:00:00+00:00,16.0,1017.4,97.47
2023-12-01T00:00:00+00:00,14.2,1017.0,100.0
2023-12-01T03:00:00+00:00,15.4,1017.0,100.0
2023-12-01T06:00:00+00:00,22.6,1017.6,74.3
2023-12-01T09:00:00+00:00,25.0,1014.7,63.9
2023-12-01T12:00:00+00:00,22.0,1014.7,82.06
2023-12-01T15:00:00+00:00,18.4,1017.0,93.9
2023-12-01T18:00:00+00:00,16.6,1016.7,98.11
2023-12-01T21:00:00+00:00,15.2,1016.5,98.09
2023-12-02T00:00:00+00:00,14.0,1017.4,100.0
2023-12-02T03:00:00+00:00,14.8,1019.2,100.0
2023-12-02T06:00:00+00:00,21.2,1019.1,73.13
2023-12-02T09:00:00+00:00,24.0,1015.9,64.5
2023-12-02T12:00:00+00:00,22.2,1015.4,80.56
2023-12-02T15:00:00+00:00,16.6,1017.4,95.63
2023-12-02T18:00:00+00:00,14.6,1018.3,98.08
2023-12-02T21:00:00+00:00,13.2,1017.4,100.0
2023-12-03T00:00:00+00:00,11.8,1018.0,100.0
2023-12-03T06:00:00+00:00,22.4,1019.5,66.24
2023-12-03T09:00:00+00:00,25.4,1015.6,61.22
2023-12-03T12:00:00+00:00,21.2,1015.3,81.96
2023-12-03T15:00:00+00:00,18.0,1017.1,92.11
2023-12-03T18:00:00+00:00,17.4,1017.4,93.85
2023-12-03T21:00:00+00:00,16.2,1016.8,95.62
2023-12-04T00:00:00+00:00,15.8,1016.0,98.1
2023-12-04T03:00:00+00:00,16.4,1018.1,98.11
2023-12-04T06:00:00+00:00,23.6,1018.0,58.14
2023-12-04T09:00:00+00:00,24.4,1015.1,66.23
2023-12-04T12:00:00+00:00,21.4,1014.9,78.45
2023-12-04T15:00:00+00:00,17.0,1016.3,89.72
2023-12-04T18:00:00+00:00,16.0,1016.9,91.4
2023-12-04T21:00:00+00:00,15.0,1016.2,95.58
2023-12-05T00:00:00+00:00,14.0,1015.6,100.0
2023-12-05T03:00:00+00:00,13.4,1017.2,100.0
2023-12-05T06:00:00+00:00,22.4,1016.4,62.93
2023-12-05T09:00:00+00:00,24.4,1013.8,69.22
2023-12-05T12:00:00+00:00,21.4,1013.7,81.99
2023-12-05T15:00:00+00:00,15.4,1015.8,91.36
2023-12-05T18:00:00+00:00,13.2,1017.0,97.42
2023-12-05T21:00:00+00:00,12.0,1016.5,100.0
2023-12-06T00:00:00+00:00,10.6,1015.8,100.0
2023-12-06T03:00:00+00:00,12.2,1018.0,100.0
2023-12-06T06:00:00+00:00,21.8,1017.6,64.02
2023-12-06T09:00:00+00:00,25.2,1014.3,69.8
2023-12-06T12:00:00+00:00,22.4,1014.6,82.62
2023-12-06T15:00:00+00:00,15.4,1016.8,89.02
2023-12-06T18:00:00+00:00,13.2,1017.3,95.52
2023-12-06T21:00:00+00:00,11.6,1017.0,97.39
2023-12-07T00:00:00+00:00,11.2,1016.5,100.0
2023-12-07T03:00:00+00:00,12.6,1017.6,97.41
2023-12-07T06:00:00+00:00,22.0,1016.5,61.23
2023-12-07T09:00:00+00:00,25.0,1013.5,71.08
2023-12-07T12:00:00+00:00,21.6,1013.4,71.81
2023-12-07T15:00:00+00:00,16.8,1015.6,91.45
2023-12-07T18:00:00+00:00,13.6,1016.0,97.43
2023-12-07T21:00:00+00:00,12.0,1015.3,97.39
2023-12-08T00:00:00+00:00,11.4,1015.7,100.0
2023-12-08T03:00:00+00:00,12.8,1017.2,93.02
2023-12-08T06:00:00+00:00,21.8,1016.8,54.75
2023-12-08T09:00:00+00:00,24.8,1013.4,44.19
2023-12-08T12:00:00+00:00,21.4,1013.2,66.89
2023-12-08T15:00:00+00:00,14.4,1015.0,95.56
2023-12-08T18:00:00+00:00,13.0,1015.9,95.51
2023-12-08T21:00:00+00:00,11.4,1015.6,97.38
2023-12-09T00:00:00+00:00,10.2,1016.2,100.0
2023-12-09T03:00:00+00:00,11.0,1017.9,100.0
2023-12-09T06:00:00+00:00,22.0,1018.2,51.99
2023-12-09T09:00:00+00:00,24.8,1015.3,45.67
2023-12-09T12:00:00+00:00,20.2,1014.7,69.28
2023-12-09T15:00:00+00:00,13.6,1012.1,94.91
2023-12-09T18:00:00+00:00,11.2,1016.0,97.38
2023-12-09T21:00:00+00:00,10.0,1014.9,100.0
2023-12-10T00:00:00+00:00,9.8,1014.5,100.0
2023-12-10T03:00:00+00:00,11.6,1015.8,87.52
2023-12-10T06:00:00+00:00,20.2,1015.8,55.81
2023-12-10T09:00:00+00:00,22.8,1013.5,44.23
2023-12-10T12:00:00+00:00,21.2,1012.9,60.26
2023-12-10T15:00:00+00:00,12.6,1015.2,90.58
2023-12-10T18:00:00+00:00,10.2,1015.8,97.36
2023-12-10T21:00:00+00:00,8.8,1015.0,100.0
2023-12-11T00:00:00+00:00,8.4,1015.2,100.0
2023-12-11T03:00:00+00:00,9.2,1017.0,100.0
2023-12-11T06:00:00+00:00,21.2,1016.7,50.76
2023-12-11T09:00:00+00:00,23.6,1014.1,39.93
2023-12-11T12:00:00+00:00,20.6,1013.7,59.72
2023-12-11T15:00:00+00:00,13.8,1015.9,84.31
2023-12-11T18:00:00+00:00,10.2,1016.3,100.0
2023-12-11T21:00:00+00:00,8.6,1015.3,100.0
2023-12-12T00:00:00+00:00,8.0,1015.1,100.0
2023-12-12T03:00:00+00:00,9.2,1016.1,100.0
2023-12-12T06:00:00+00:00,20.8,1015.4,59.77
2023-12-12T09:00:00+00:00,24.0,1012.6,48.55
2023-12-12T12:00:00+00:00,20.0,1012.6,70.6
2023-12-12T15:00:00+00:00,13.4,1014.3,95.53
2023-12-12T18:00:00+00:00,11.4,1015.0,100.0
2023-12-12T21:00:00+00:00,9.8,1014.7,100.0
2023-12-13T00:00:00+00:00,8.2,1014.8,100.0
2023-12-13T03:00:00+00:00,9.2,1017.5,100.0
2023-12-13T06:00:00+00:00,21.2,1017.2,65.14
2023-12-13T09:00:00+00:00,24.2,1014.5,38.26
2023-12-13T12:00:00+00:00,21.4,1014.7,52.53
2023-12-13T15:00:00+00:00,12.4,1017.4,88.18
2023-12-13T18:00:00+00:00,10.0,1017.7,94.77
2023-12-13T21:00:00+00:00,9.0,1017.2,100.0
2023-12-14T00:00:00+00:00,7.6,1016.4,100.0
2023-12-14T03:00:00+00:00,9.4,1018.6,100.0
2023-12-14T06:00:00+00:00,20.2,1018.5,43.5
2023-12-14T09:00:00+00:00,23.0,1016.0,34.93
2023-12-14T12:00:00+00:00,21.0,1015.7,50.71
2023-12-14T15:00:00+00:00,12.6,1018.1,83.61
2023-12-14T18:00:00+00:00,9.8,1019.1,92.23
2023-12-14T21:00:00+00:00,8.0,1018.2,97.31
2023-12-15T00:00:00+00:00,7.0,1019.1,97.29
2023-12-15T03:00:00+00:00,7.8,1021.1,100.0
2023-12-15T06:00:00+00:00,21.0,1019.9,47.74
2023-12-15T09:00:00+00:00,24.4,1016.7,33.45
2023-12-15T12:00:00+00:00,19.8,1016.5,61.93
2023-12-15T15:00:00+00:00,13.4,1018.3,85.96
2023-12-15T18:00:00+00:00,10.0,1018.6,97.35
2023-12-15T21:00:00+00:00,8.0,1018.8,97.31
2023-12-16T00:00:00+00:00,7.4,1018.3,100.0
2023-12-16T03:00:00+00:00,7.6,1018.3,100.0
2023-12-16T06:00:00+00:00,20.5,1018.5,55.89
2023-12-16T09:00:00+00:00,24.0,1015.0,27.84
2023-12-16T12:00:00+00:00,19.2,1014.7,57.83
2023-12-16T15:00:00+00:00,13.0,1015.9,88.23
2023-12-16T18:00:00+00:00,11.0,1017.6,97.37
2023-12-17T00:00:00+00:00,7.0,1017.7,100.0
2023-12-17T03:00:00+00:00,8.6,1018.8,100.0
2023-12-17T06:00:00+00:00,22.0,1018.7,37.38
2023-12-17T09:00:00+00:00,24.0,1016.3,35.46
2023-12-17T12:00:00+00:00,20.2,1016.6,52.56
2023-12-17T15:00:00+00:00,13.0,1019.0,85.35
2023-12-17T18:00:00+00:00,11.2,1020.2,94.82
2023-12-17T21:00:00+00:00,8.4,1020.2,100.0
2023-12-18T00:00:00+00:00,8.0,1020.4,100.0
2023-12-18T03:00:00+00:00,11.2,1021.0,89.87
2023-12-18T06:00:00+00:00,19.0,1020.9,56.26
2023-12-18T09:00:00+00:00,21.8,1018.3,44.25
2023-12-18T12:00:00+00:00,18.2,1017.6,58.36
2023-12-18T15:00:00+00:00,13.6,1020.0,77.28
2023-12-18T18:00:00+00:00,13.8,1020.3,77.31
2023-12-18T21:00:00+00:00,12.4,1020.0,83.59
2023-12-19T00:00:00+00:00,10.2,1019.9,89.8
2023-12-19T03:00:00+00:00,10.2,1021.8,86.8
2023-12-19T06:00:00+00:00,19.2,1021.1,45.04
2023-12-19T09:00:00+00:00,22.4,1018.0,28.79
2023-12-19T12:00:00+00:00,18.6,1017.7,47.08
2023-12-19T15:00:00+00:00,12.6,1020.2,74.55
2023-12-19T18:00:00+00:00,9.4,1020.9,94.74
2023-12-19T21:00:00+00:00,8.0,1020.9,97.31
2023-12-20T00:00:00+00:00,7.6,1020.2,97.3
2023-12-20T03:00:00+00:00,8.8,1022.3,91.55
2023-12-20T06:00:00+00:00,18.6,1020.8,49.05
2023-12-20T09:00:00+00:00,21.0,1017.8,43.13
2023-12-20T12:00:00+00:00,18.4,1017.1,64.11
2023-12-20T15:00:00+00:00,12.8,1018.7,85.9
2023-12-20T18:00:00+00:00,10.4,1019.7,97.36
2023-12-20T21:00:00+00:00,8.6,1019.0,100.0
2023-12-21T00:00:00+00:00,7.8,1018.0,100.0
2023-12-21T03:00:00+00:00,8.2,1019.5,97.32
2023-12-21T06:00:00+00:00,18.8,1018.9,59.29
2023-12-21T09:00:00+00:00,22.2,1015.4,42.03
2023-12-21T12:00:00+00:00,19.4,1015.5,61.43
2023-12-21T15:00:00+00:00,12.2,1018.0,88.16
2023-12-21T18:00:00+00:00,10.2,1018.4,94.78
2023-12-21T21:00:00+00:00,8.8,1017.7,100.0
2023-12-22T00:00:00+00:00,7.4,1018.0,100.0
2023-12-22T03:00:00+00:00,8.2,1019.7,91.51
2023-12-22T06:00:00+00:00,19.0,1018.3,62.99
2023-12-22T09:00:00+00:00,22.4,1015.3,46.54
2023-12-22T12:00:00+00:00,18.6,1015.7,75.07
2023-12-22T15:00:00+00:00,13.4,1017.6,93.05
2023-12-22T18:00:00+00:00,11.6,1018.3,97.39
2023-12-22T21:00:00+00:00,11.8,1017.5,97.39
2023-12-23T00:00:00+00:00,12.2,1017.1,97.4
2023-12-23T03:00:00+00:00,11.2,1020.6,97.38
2023-12-23T06:00:00+00:00,19.6,1021.3,63.54
2023-12-23T09:00:00+00:00,23.2,1018.7,51.96
2023-12-23T12:00:00+00:00,20.4,1018.3,69.32
2023-12-23T15:00:00+00:00,13.4,1020.6,90.63
2023-12-23T18:00:00+00:00,11.4,1021.6,94.82
2023-12-23T21:00:00+00:00,10.4,1021.6,97.36
2023-12-24T00:00:00+00:00,9.4,1021.5,97.34
2023-12-24T03:00:00+00:00,9.6,1023.1,94.75
2023-12-24T06:00:00+00:00,21.0,1022.4,61.8
2023-12-24T09:00:00+00:00,24.2,1019.0,52.91
2023-12-24T12:00:00+00:00,20.2,1019.1,72.49
2023-12-24T15:00:00+00:00,14.2,1020.7,97.44
2023-12-24T18:00:00+00:00,12.0,1021.1,100.0
2023-12-26T12:00:00+00:00,18.7,1017.6,59.66
2023-12-26T18:00:00+00:00,10.7,1020.3,95.43
2023-12-26T21:00:00+00:00,9.4,1020.1,97.34
2023-12-27T00:00:00+00:00,11.0,1019.9,100.0
2023-12-27T03:00:00+00:00,11.8,1022.3,100.0
2023-12-27T06:00:00+00:00,14.0,1022.5,93.08
2023-12-27T09:00:00+00:00,20.8,1019.1,62.98
2023-12-27T12:00:00+00:00,16.4,1018.8,81.35
2023-12-27T15:00:00+00:00,12.8,1020.4,97.41
2023-12-27T18:00:00+00:00,10.2,1020.4,97.36
2023-12-27T21:00:00+00:00,9.0,1019.5,100.0
2023-12-28T00:00:00+00:00,8.6,1018.9,100.0
2023-12-28T03:00:00+00:00,11.6,1020.4,94.83
2023-12-28T06:00:00+00:00,14.6,1020.7,80.05
2023-12-28T09:00:00+00:00,20.6,1017.5,58.17
2023-12-28T12:00:00+00:00,16.8,1017.7,81.4
2023-12-28T15:00:00+00:00,12.6,1019.9,95.5
2023-12-28T18:00:00+00:00,13.4,1020.6,97.42
2023-12-28T21:00:00+00:00,12.4,1020.0,100.0
2023-12-29T00:00:00+00:00,12.6,1020.2,100.0
2023-12-29T03:00:00+00:00,13.0,1021.6,95.51
2023-12-29T06:00:00+00:00,15.0,1022.9,88.98
2023-12-29T09:00:00+00:00,18.8,1018.6,73.18
2023-12-29T12:00:00+00:00,16.6,1018.6,83.53
2023-12-29T15:00:00+00:00,13.8,1019.9,94.3
2023-12-29T18:00:00+00:00,13.8,1019.9,95.54
2023-12-29T21:00:00+00:00,12.6,1019.3,97.41
2023-12-30T00:00:00+00:00,13.2,1019.2,93.04
2023-12-30T03:00:00+00:00,13.4,1020.0,88.27
2023-12-30T06:00:00+00:00,15.8,1020.6,89.05
2023-12-30T09:00:00+00:00,19.6,1017.4,66.95
2023-12-30T12:00:00+00:00,16.0,1017.2,87.35
2023-12-30T15:00:00+00:00,14.4,1018.3,90.7
2023-12-30T18:00:00+00:00,13.8,1018.4,90.66
2023-12-30T21:00:00+00:00,13.2,1018.4,90.62
2023-12-31T00:00:00+00:00,13.0,1018.5,90.6
2023-12-31T03:00:00+00:00,12.8,1020.2,90.59
2023-12-31T06:00:00+00:00,14.2,1020.7,82.15
2023-12-31T09:00:00+00:00,15.2,1018.3,78.56
2023-12-31T12:00:00+00:00,13.8,1017.3,84.31
2023-12-31T15:00:00+00:00,12.0,1019.1,92.98
2023-12-31T18:00:00+00:00,11.4,1019.2,92.33
2023-12-31T21:00:00+00:00,11.0,1019.0,94.81
