timestamp,temperature_c,pressure_hpa,humidity_pct
2021-01-01T00:00:00+00:00,24.0,1010.4,89.68
2021-01-01T03:00:00+00:00,24.0,1012.2,89.68
2021-01-01T12:00:00+00:00,28.6,1009.6,78.98
2021-01-02T03:00:00+00:00,24.6,1013.6,88.1
2021-01-02T12:00:00+00:00,25.6,1010.5,77.61
2021-01-03T03:00:00+00:00,23.2,1011.8,86.37
2021-01-03T12:00:00+00:00,25.4,1008.6,68.55
2021-01-04T03:00:00+00:00,23.2,1011.2,81.19
2021-01-04T06:00:00+00:00,26.0,1011.4,63.32
2021-01-04T09:00:00+00:00,26.0,1008.8,60.59
2021-01-04T12:00:00+00:00,25.4,1009.0,65.61
2021-01-04T15:00:00+00:00,24.2,1010.8,79.83
2021-01-05T03:00:00+00:00,23.0,1012.9,61.86
2021-01-05T12:00:00+00:00,25.4,1009.7,72.94
2021-01-06T03:00:00+00:00,22.0,1012.6,68.31
2021-01-06T12:00:00+00:00,25.6,1008.6,71.63
2021-01-07T03:00:00+00:00,22.4,1010.9,82.62
2021-01-07T12:00:00+00:00,26.8,1006.5,76.84
2021-01-08T03:00:00+00:00,24.0,1010.2,89.68
2021-01-09T00:00:00+00:00,24.4,1008.1,88.08
2021-01-09T03:00:00+00:00,24.4,1010.6,89.71
2021-01-09T12:00:00+00:00,26.6,1007.2,82.61
2021-01-10T03:00:00+00:00,24.4,1010.3,91.35
2021-01-10T12:00:00+00:00,27.8,1007.6,82.75
2021-01-11T03:00:00+00:00,24.4,1011.4,92.47
2021-01-11T12:00:00+00:00,28.6,1009.4,77.58
2021-01-12T03:00:00+00:00,24.4,1012.7,91.35
2021-01-12T12:00:00+00:00,28.2,1009.5,80.36
2021-01-13T03:00:00+00:00,24.4,1012.6,89.71
2021-01-13T12:00:00+00:00,28.0,1009.2,70.33
2021-01-14T03:00:00+00:00,23.4,1011.9,85.86
2021-01-14T06:00:00+00:00,30.0,1012.0,51.4
2021-01-14T12:00:00+00:00,27.2,1008.2,72.36
2021-01-15T03:00:00+00:00,23.0,1011.1,91.27
2021-01-15T12:00:00+00:00,26.2,1008.8,62.18
2021-01-16T03:00:00+00:00,20.2,1010.4,83.41
2021-01-16T06:00:00+00:00,28.4,1010.1,40.48
2021-01-16T09:00:00+00:00,28.8,1007.3,44.42
2021-01-16T12:00:00+00:00,26.8,1007.4,62.31
2021-01-16T15:00:00+00:00,25.0,1009.1,74.24
2021-01-17T03:00:00+00:00,22.6,1010.3,92.94
2021-01-17T12:00:00+00:00,27.0,1008.5,61.2
2021-01-18T03:00:00+00:00,23.4,1012.6,89.63
2021-01-18T12:00:00+00:00,27.2,1009.5,62.79
2021-01-19T03:00:00+00:00,22.4,1012.7,80.59
2021-01-19T06:00:00+00:00,29.0,1013.5,49.25
2021-01-19T09:00:00+00:00,30.8,1010.5,47.58
2021-01-19T12:00:00+00:00,27.8,1010.0,71.59
2021-01-19T15:00:00+00:00,26.6,1011.9,74.96
2021-01-20T00:00:00+00:00,23.0,1010.7,82.69
2021-01-20T03:00:00+00:00,22.4,1013.5,84.18
2021-01-20T12:00:00+00:00,27.8,1011.4,54.16
2021-01-21T03:00:00+00:00,22.4,1013.8,72.41
2021-01-22T03:00:00+00:00,21.0,1013.8,90.57
2021-01-22T12:00:00+00:00,27.2,1009.2,72.36
2021-01-23T03:00:00+00:00,23.8,1012.8,61.25
2021-01-23T09:00:00+00:00,30.0,1010.5,53.69
2021-01-23T12:00:00+00:00,27.4,1009.6,79.77
2021-01-24T03:00:00+00:00,21.6,1013.8,87.3
2021-01-24T09:00:00+00:00,29.0,1011.8,57.96
2021-01-24T12:00:00+00:00,27.2,1011.5,66.81
2021-01-25T03:00:00+00:00,20.0,1014.2,72.45
2021-01-25T06:00:00+00:00,27.4,1015.0,50.09
2021-01-25T12:00:00+00:00,26.4,1011.7,52.79
2021-01-25T15:00:00+00:00,24.6,1013.3,73.71
2021-01-26T03:00:00+00:00,19.4,1013.8,81.22
2021-01-26T12:00:00+00:00,25.8,1010.9,60.16
2021-01-27T03:00:00+00:00,19.4,1013.4,90.46
2021-01-27T09:00:00+00:00,27.4,1011.6,50.09
2021-01-27T12:00:00+00:00,25.8,1010.7,67.36
2021-01-28T03:00:00+00:00,19.0,1013.9,84.34
2021-01-28T06:00:00+00:00,27.4,1014.4,51.38
2021-01-28T12:00:00+00:00,26.0,1011.3,70.39
2021-01-29T03:00:00+00:00,18.8,1014.4,77.07
2021-01-29T12:00:00+00:00,26.6,1012.4,66.68
2021-01-30T03:00:00+00:00,20.4,1013.9,92.25
2021-01-30T12:00:00+00:00,27.6,1011.2,69.82
2021-01-31T03:00:00+00:00,22.0,1014.0,73.73
2021-01-31T06:00:00+00:00,27.0,1015.1,43.36
2021-01-31T09:00:00+00:00,30.2,1012.2,50.5
2021-01-31T12:00:00+00:00,27.4,1011.7,60.15
2021-02-01T03:00:00+00:00,22.4,1016.1,75.69
2021-02-01T09:00:00+00:00,31.2,1013.6,50.44
2021-02-01T12:00:00+00:00,28.8,1012.7,63.92
2021-02-02T03:00:00+00:00,24.0,1016.6,75.0
2021-02-02T12:00:00+00:00,29.2,1012.6,69.7
2021-02-03T03:00:00+00:00,22.4,1015.2,91.23
2021-02-03T09:00:00+00:00,32.8,1012.6,17.39
2021-02-03T12:00:00+00:00,29.2,1011.8,50.56
2021-02-04T03:00:00+00:00,22.4,1014.7,84.18
2021-02-04T12:00:00+00:00,27.4,1011.7,71.08
2021-02-05T03:00:00+00:00,22.6,1015.3,81.12
2021-02-05T12:00:00+00:00,27.0,1011.6,62.75
2021-02-05T15:00:00+00:00,25.6,1013.0,60.12
2021-02-06T00:00:00+00:00,21.4,1011.6,52.53
2021-02-06T03:00:00+00:00,21.4,1014.3,49.48
2021-02-06T12:00:00+00:00,27.8,1010.5,63.31
2021-02-07T03:00:00+00:00,24.2,1014.7,47.66
2021-02-07T12:00:00+00:00,28.6,1011.5,63.88
2021-02-08T03:00:00+00:00,24.0,1015.8,55.67
2021-02-08T12:00:00+00:00,29.4,1011.6,60.61
2021-02-09T03:00:00+00:00,23.0,1014.5,71.16
2021-02-09T12:00:00+00:00,29.0,1010.4,65.55
2021-02-09T15:00:00+00:00,26.4,1011.8,73.56
2021-02-10T03:00:00+00:00,21.4,1012.9,85.66
2021-02-10T06:00:00+00:00,27.4,1013.4,46.38
2021-02-13T12:00:00+00:00,28.4,1010.7,66.23
2021-02-13T15:00:00+00:00,26.0,1012.6,85.6
2021-02-14T03:00:00+00:00,22.4,1013.6,89.56
2021-02-14T12:00:00+00:00,27.8,1010.5,70.29
2021-02-15T03:00:00+00:00,23.0,1013.3,91.27
2021-02-15T12:00:00+00:00,27.4,1009.8,71.08
2021-02-16T03:00:00+00:00,23.6,1012.9,91.3
2021-02-16T09:00:00+00:00,28.6,1010.1,66.68
2021-02-16T12:00:00+00:00,26.8,1009.6,72.29
2021-02-17T03:00:00+00:00,23.4,1013.3,94.69
2021-02-17T12:00:00+00:00,27.0,1008.9,69.71
2021-02-18T03:00:00+00:00,23.4,1012.4,92.98
2021-02-18T09:00:00+00:00,30.2,1009.8,54.08
2021-02-18T12:00:00+00:00,29.6,1009.3,64.48
2021-02-19T03:00:00+00:00,24.6,1014.5,64.62
2021-02-21T03:00:00+00:00,25.0,1014.7,71.08
2021-02-22T03:00:00+00:00,25.0,1015.0,81.92
2021-02-22T06:00:00+00:00,30.4,1015.1,49.61
2021-02-22T12:00:00+00:00,30.8,1010.7,62.8
2021-02-23T03:00:00+00:00,25.2,1014.1,88.15
2021-02-23T12:00:00+00:00,31.0,1009.2,64.38
2021-02-24T03:00:00+00:00,25.2,1011.7,90.31
2021-02-24T12:00:00+00:00,29.8,1008.5,64.92
2021-02-25T03:00:00+00:00,25.0,1012.5,88.13
2021-02-25T06:00:00+00:00,31.2,1013.8,42.31
2021-02-25T09:00:00+00:00,31.4,1010.9,52.73
2021-02-25T12:00:00+00:00,29.0,1009.4,74.89
2021-02-25T15:00:00+00:00,27.6,1010.5,61.72
2021-02-26T03:00:00+00:00,24.4,1012.1,64.58
2021-02-26T12:00:00+00:00,29.4,1008.6,55.58
2021-02-27T03:00:00+00:00,24.0,1010.8,88.05
2021-02-27T12:00:00+00:00,29.0,1007.5,61.65
2021-02-28T03:00:00+00:00,24.4,1010.3,84.92
2021-02-28T12:00:00+00:00,29.6,1007.6,67.28
2021-03-01T03:00:00+00:00,24.4,1012.4,66.23
2021-03-01T12:00:00+00:00,30.2,1010.3,66.19
2021-03-02T03:00:00+00:00,24.2,1013.8,89.69
2021-03-02T12:00:00+00:00,29.6,1010.5,58.46
2021-03-03T03:00:00+00:00,24.0,1012.2,54.24
2021-03-03T06:00:00+00:00,32.0,1012.5,33.35
2021-03-03T12:00:00+00:00,29.4,1008.5,72.3
2021-03-04T00:00:00+00:00,24.4,1009.3,67.92
2021-03-04T03:00:00+00:00,24.4,1011.5,75.53
2021-03-04T09:00:00+00:00,33.0,1009.8,50.9
2021-03-04T12:00:00+00:00,31.0,1009.1,58.42
2021-03-04T15:00:00+00:00,29.0,1010.7,64.36
2021-03-05T03:00:00+00:00,24.0,1013.1,91.33
2021-03-05T12:00:00+00:00,31.0,1009.3,60.6
2021-03-05T15:00:00+00:00,28.4,1011.7,81.84
2021-03-06T03:00:00+00:00,25.0,1014.4,89.75
2021-03-06T12:00:00+00:00,29.8,1010.5,75.47
2021-03-07T03:00:00+00:00,24.0,1013.2,93.01
2021-03-07T12:00:00+00:00,29.6,1010.0,50.03
2021-03-08T03:00:00+00:00,23.0,1012.9,68.08
2021-03-08T12:00:00+00:00,29.0,1009.5,79.04
2021-03-09T03:00:00+00:00,25.2,1012.9,85.0
2021-03-09T09:00:00+00:00,31.6,1010.5,54.09
2021-03-09T12:00:00+00:00,30.6,1009.7,47.53
2021-03-10T03:00:00+00:00,25.6,1013.9,87.12
2021-03-10T09:00:00+00:00,31.0,1010.3,67.97
2021-03-10T12:00:00+00:00,29.2,1008.6,76.28
2021-03-11T03:00:00+00:00,25.0,1012.9,84.98
2021-03-11T06:00:00+00:00,31.0,1013.5,72.15
2021-03-11T12:00:00+00:00,28.4,1009.7,76.16
2021-03-12T03:00:00+00:00,24.8,1014.3,89.73
2021-03-12T09:00:00+00:00,30.2,1011.8,69.05
2021-03-12T12:00:00+00:00,29.0,1010.4,79.04
2021-03-13T03:00:00+00:00,25.6,1014.2,69.88
2021-03-13T12:00:00+00:00,30.6,1009.5,63.91
2021-03-14T03:00:00+00:00,27.4,1011.7,61.67
2021-03-14T12:00:00+00:00,31.0,1008.4,49.15
2021-03-15T03:00:00+00:00,27.0,1011.2,81.18
2021-03-15T12:00:00+00:00,30.6,1007.9,47.53
2021-03-16T03:00:00+00:00,26.4,1011.8,72.22
2021-03-16T12:00:00+00:00,31.0,1007.7,43.62
2021-03-17T03:00:00+00:00,26.0,1011.0,76.25
2021-03-17T09:00:00+00:00,35.6,1005.5,18.29
2021-03-17T12:00:00+00:00,30.8,1006.6,59.46
2021-03-18T03:00:00+00:00,27.0,1010.7,73.66
2021-03-18T06:00:00+00:00,31.4,1010.4,84.14
2021-03-18T12:00:00+00:00,29.8,1007.2,76.83
2021-03-19T03:00:00+00:00,25.4,1011.7,88.17
2021-03-19T06:00:00+00:00,31.4,1011.7,56.41
2021-03-19T12:00:00+00:00,29.8,1007.9,61.07
2021-03-20T03:00:00+00:00,25.4,1010.8,83.48
2021-03-20T09:00:00+00:00,30.4,1007.5,51.83
2021-03-20T12:00:00+00:00,29.4,1005.9,56.98
2021-03-21T03:00:00+00:00,26.0,1009.5,93.67
2021-03-21T12:00:00+00:00,30.6,1006.2,55.53
2021-03-22T03:00:00+00:00,25.6,1011.7,90.33
2021-03-22T12:00:00+00:00,30.6,1007.7,59.05
2021-03-22T15:00:00+00:00,28.6,1010.4,77.58
2021-03-23T00:00:00+00:00,26.4,1010.3,65.01
2021-03-23T03:00:00+00:00,26.0,1012.2,82.54
2021-03-23T06:00:00+00:00,32.0,1012.5,43.61
2021-03-23T12:00:00+00:00,29.8,1008.3,76.83
2021-03-24T03:00:00+00:00,27.4,1012.2,60.15
2021-03-24T12:00:00+00:00,31.4,1008.0,63.31
2021-03-25T03:00:00+00:00,27.4,1011.1,37.89
2021-03-25T06:00:00+00:00,35.0,1011.6,26.4
2021-03-25T12:00:00+00:00,34.0,1007.4,32.2
2021-03-25T15:00:00+00:00,31.6,1009.2,40.06
2021-03-26T03:00:00+00:00,27.0,1010.4,75.48
2021-03-26T12:00:00+00:00,33.0,1006.4,35.62
2021-03-27T03:00:00+00:00,26.4,1009.3,70.46
2021-03-27T12:00:00+00:00,33.2,1005.6,45.89
2021-03-27T15:00:00+00:00,31.4,1007.4,40.78
2021-03-28T00:00:00+00:00,27.4,1006.8,79.77
2021-03-28T03:00:00+00:00,27.8,1009.5,81.28
2021-03-28T12:00:00+00:00,31.0,1005.5,78.38
2021-03-29T00:00:00+00:00,26.4,1007.6,90.39
2021-03-29T03:00:00+00:00,27.0,1009.8,88.83
2021-03-29T12:00:00+00:00,30.2,1005.2,76.89
2021-03-30T00:00:00+00:00,26.4,1007.4,90.39
2021-03-30T03:00:00+00:00,27.2,1010.5,90.44
2021-03-30T12:00:00+00:00,30.4,1006.2,61.58
2021-03-31T03:00:00+00:00,25.8,1008.9,90.35
2021-03-31T06:00:00+00:00,31.4,1009.6,59.96
2021-03-31T12:00:00+00:00,30.2,1005.4,79.67
2021-04-01T03:00:00+00:00,27.2,1008.6,87.27
2021-04-01T12:00:00+00:00,30.6,1004.9,70.38
2021-04-02T03:00:00+00:00,27.4,1009.1,84.21
2021-04-02T06:00:00+00:00,31.8,1009.2,57.9
2021-04-02T09:00:00+00:00,33.0,1006.4,52.16
2021-04-02T12:00:00+00:00,31.0,1005.0,62.09
2021-04-03T03:00:00+00:00,27.0,1009.0,85.7
2021-04-03T09:00:00+00:00,32.2,1008.0,58.0
2021-04-03T12:00:00+00:00,30.2,1007.5,66.19
2021-04-03T15:00:00+00:00,28.6,1009.6,74.83
2021-04-04T03:00:00+00:00,27.8,1011.7,84.25
2021-04-04T09:00:00+00:00,32.2,1009.0,60.5
2021-04-04T12:00:00+00:00,30.4,1008.2,71.62
2021-04-05T03:00:00+00:00,27.0,1012.2,85.7
2021-04-05T12:00:00+00:00,30.6,1007.5,70.38
2021-04-06T03:00:00+00:00,28.0,1010.5,74.28
2021-04-06T12:00:00+00:00,31.8,1007.2,71.01
2021-04-07T03:00:00+00:00,27.0,1011.5,94.27
2021-04-07T06:00:00+00:00,32.4,1011.8,69.05
2021-04-07T12:00:00+00:00,31.2,1007.6,64.43
2021-04-08T03:00:00+00:00,27.4,1010.1,87.28
2021-04-08T12:00:00+00:00,30.2,1006.7,81.1
2021-04-09T03:00:00+00:00,26.4,1009.7,90.39
2021-04-09T12:00:00+00:00,30.2,1005.8,74.19
2021-04-10T03:00:00+00:00,27.4,1009.9,87.28
2021-04-10T12:00:00+00:00,30.2,1007.2,79.67
2021-04-11T03:00:00+00:00,28.0,1011.6,88.9
2021-04-11T06:00:00+00:00,33.0,1011.8,44.71
2021-04-11T09:00:00+00:00,33.2,1009.4,60.0
2021-04-11T12:00:00+00:00,31.2,1007.9,78.87
2021-04-11T15:00:00+00:00,30.0,1010.1,88.02
2021-04-12T03:00:00+00:00,28.4,1013.0,88.94
2021-04-12T12:00:00+00:00,31.4,1007.8,67.23
2021-04-13T03:00:00+00:00,28.4,1012.0,77.55
2021-04-13T09:00:00+00:00,32.4,1009.0,74.11
2021-04-13T12:00:00+00:00,31.6,1007.5,63.74
2021-04-13T15:00:00+00:00,30.2,1009.2,79.67
2021-04-14T03:00:00+00:00,29.0,1012.0,87.94
2021-04-14T09:00:00+00:00,34.4,1008.6,49.12
2021-04-14T12:00:00+00:00,31.6,1007.0,74.86
2021-04-15T03:00:00+00:00,28.2,1011.6,86.32
2021-04-15T12:00:00+00:00,31.6,1007.9,69.72
2021-04-16T03:00:00+00:00,27.0,1011.5,85.7
2021-04-16T12:00:00+00:00,30.2,1007.6,78.27
2021-04-17T03:00:00+00:00,27.4,1011.7,85.73
2021-04-17T12:00:00+00:00,31.0,1008.3,78.38
2021-04-18T03:00:00+00:00,28.8,1012.4,87.92
2021-04-18T09:00:00+00:00,33.0,1009.7,71.65
2021-04-18T12:00:00+00:00,31.6,1008.6,77.55
2021-04-19T03:00:00+00:00,28.8,1011.4,89.49
2021-04-19T09:00:00+00:00,33.8,1008.2,61.59
2021-04-19T12:00:00+00:00,31.6,1007.2,69.72
2021-04-20T03:00:00+00:00,28.0,1010.1,81.79
2021-04-20T09:00:00+00:00,33.4,1007.4,55.2
2021-04-20T12:00:00+00:00,31.4,1006.8,73.51
2021-04-20T15:00:00+00:00,29.6,1008.3,84.94
2021-04-21T03:00:00+00:00,28.4,1011.7,88.94
2021-04-21T12:00:00+00:00,31.0,1008.8,72.15
2021-04-22T03:00:00+00:00,28.4,1011.4,71.26
2021-04-22T06:00:00+00:00,33.4,1011.4,55.53
2021-04-22T09:00:00+00:00,32.4,1009.0,69.05
2021-04-22T12:00:00+00:00,31.6,1008.0,77.55
2021-04-23T03:00:00+00:00,27.4,1011.7,71.08
2021-04-23T12:00:00+00:00,31.8,1008.5,56.51
2021-04-24T03:00:00+00:00,27.4,1011.0,81.23
2021-04-24T12:00:00+00:00,31.2,1007.5,73.48
2021-04-24T15:00:00+00:00,29.8,1009.0,81.05
2021-04-25T03:00:00+00:00,28.6,1010.0,87.91
2021-04-25T12:00:00+00:00,31.8,1005.3,84.18
2021-04-26T03:00:00+00:00,29.4,1009.0,89.54
2021-04-26T06:00:00+00:00,33.4,1009.5,68.43
2021-04-26T09:00:00+00:00,31.4,1007.4,67.23
2021-04-26T12:00:00+00:00,32.0,1005.6,69.8
2021-04-27T03:00:00+00:00,28.4,1010.0,87.89
2021-04-27T12:00:00+00:00,32.4,1006.8,66.63
2021-04-28T03:00:00+00:00,29.4,1012.1,86.44
2021-04-28T12:00:00+00:00,31.4,1007.4,76.17
2021-04-29T03:00:00+00:00,29.0,1010.9,87.94
2021-04-29T12:00:00+00:00,31.4,1006.8,81.25
2021-04-30T03:00:00+00:00,29.0,1009.7,89.51
2021-04-30T12:00:00+00:00,31.2,1006.4,78.87
2021-05-01T03:00:00+00:00,29.0,1008.6,87.94
2021-05-01T12:00:00+00:00,31.0,1005.0,84.1
2021-05-02T00:00:00+00:00,29.8,1008.0,91.15
2021-05-02T03:00:00+00:00,30.4,1010.0,86.53
2021-05-02T12:00:00+00:00,31.6,1005.6,74.86
2021-05-03T03:00:00+00:00,29.8,1009.3,81.05
2021-05-03T12:00:00+00:00,32.6,1005.0,72.85
2021-05-04T03:00:00+00:00,30.4,1008.9,85.52
2021-05-04T12:00:00+00:00,31.4,1004.5,76.17
2021-05-05T03:00:00+00:00,29.4,1009.3,92.19
2021-05-05T12:00:00+00:00,31.6,1004.7,84.16
2021-05-06T03:00:00+00:00,30.0,1008.6,84.98
2021-05-06T12:00:00+00:00,32.0,1006.2,77.61
2021-05-07T03:00:00+00:00,30.0,1009.8,84.98
2021-05-07T12:00:00+00:00,32.0,1006.5,80.38
2021-05-08T03:00:00+00:00,29.4,1009.2,83.43
2021-05-08T12:00:00+00:00,32.0,1004.4,81.79
2021-05-08T15:00:00+00:00,30.4,1006.8,86.53
2021-05-09T03:00:00+00:00,29.8,1008.1,89.56
2021-05-09T12:00:00+00:00,32.8,1004.9,74.18
2021-05-09T15:00:00+00:00,31.2,1006.9,82.66
2021-05-10T03:00:00+00:00,29.4,1008.3,80.52
2021-05-10T12:00:00+00:00,32.2,1005.1,70.25
2021-05-11T03:00:00+00:00,29.4,1008.9,73.62
2021-05-11T12:00:00+00:00,32.0,1005.4,69.8
2021-05-12T03:00:00+00:00,29.4,1007.3,72.3
2021-05-12T12:00:00+00:00,32.4,1003.3,63.91
2021-05-13T03:00:00+00:00,29.4,1006.8,74.96
2021-05-13T12:00:00+00:00,32.0,1003.2,66.16
2021-05-14T03:00:00+00:00,29.4,1004.9,76.31
2021-05-14T12:00:00+00:00,31.2,1000.7,79.34
2021-05-15T03:00:00+00:00,29.0,1002.1,69.66
2021-05-15T12:00:00+00:00,32.0,996.5,81.79
2021-05-16T03:00:00+00:00,29.8,999.8,71.51
2021-05-16T09:00:00+00:00,34.0,996.7,51.78
2021-05-16T12:00:00+00:00,33.6,994.6,52.63
2021-05-16T15:00:00+00:00,33.0,994.7,55.43
2021-05-17T03:00:00+00:00,26.0,993.6,92.0
2021-05-17T15:00:00+00:00,27.0,999.1,90.43
2021-05-18T03:00:00+00:00,29.0,1002.0,86.4
2021-05-18T12:00:00+00:00,29.8,1002.1,69.81
2021-05-19T03:00:00+00:00,29.0,1005.0,87.94
2021-05-19T12:00:00+00:00,28.4,1003.2,83.32
2021-05-20T03:00:00+00:00,27.4,1007.4,90.46
2021-05-20T12:00:00+00:00,31.0,1004.9,73.45
2021-05-21T03:00:00+00:00,29.0,1008.7,87.94
2021-05-21T12:00:00+00:00,32.0,1005.2,63.82
2021-05-22T03:00:00+00:00,29.6,1008.2,75.44
2021-05-22T12:00:00+00:00,31.4,1004.0,72.22
2021-05-23T03:00:00+00:00,29.4,1008.6,83.43
2021-05-23T12:00:00+00:00,31.8,1005.7,67.31
2021-05-24T03:00:00+00:00,30.0,1010.3,79.65
2021-05-24T12:00:00+00:00,32.0,1006.3,73.61
2021-05-24T15:00:00+00:00,30.4,1007.5,79.7
2021-05-25T03:00:00+00:00,30.4,1008.3,79.7
2021-05-25T09:00:00+00:00,32.6,1006.0,71.58
2021-05-25T12:00:00+00:00,31.4,1004.3,77.52
2021-05-25T15:00:00+00:00,30.4,1005.4,81.12
2021-05-26T00:00:00+00:00,28.4,1005.8,81.84
2021-05-26T03:00:00+00:00,29.4,1007.6,79.09
2021-05-26T12:00:00+00:00,32.0,1004.2,66.16
2021-05-27T03:00:00+00:00,30.0,1007.3,79.65
2021-05-27T12:00:00+00:00,32.2,1004.5,74.08
2021-05-28T03:00:00+00:00,31.0,1006.9,79.78
2021-05-28T12:00:00+00:00,33.0,1005.5,71.65
2021-05-29T03:00:00+00:00,29.6,1008.0,84.94
2021-05-29T12:00:00+00:00,32.4,1005.6,74.11
2021-05-30T03:00:00+00:00,29.6,1008.0,86.45
2021-05-30T12:00:00+00:00,32.0,1005.4,80.38
2021-05-31T03:00:00+00:00,29.4,1006.1,89.54
2021-05-31T12:00:00+00:00,31.4,1003.7,80.3
2021-06-01T03:00:00+00:00,30.0,1006.2,84.98
2021-06-01T06:00:00+00:00,33.4,1006.0,68.43
2021-06-01T09:00:00+00:00,33.4,1004.7,69.64
2021-06-01T12:00:00+00:00,32.0,1004.5,73.61
2021-06-02T03:00:00+00:00,29.4,1007.0,84.92
2021-06-02T15:00:00+00:00,29.0,1006.7,86.4
2021-06-03T03:00:00+00:00,29.0,1007.1,80.47
2021-06-03T12:00:00+00:00,32.2,1005.5,67.79
2021-06-04T03:00:00+00:00,30.0,1009.3,82.52
2021-06-04T12:00:00+00:00,32.2,1005.4,72.78
2021-06-05T03:00:00+00:00,29.0,1008.1,77.64
2021-06-05T12:00:00+00:00,31.4,1005.0,72.22
2021-06-06T03:00:00+00:00,25.4,1008.7,91.42
2021-06-06T12:00:00+00:00,30.8,1005.2,71.69
2021-06-06T15:00:00+00:00,29.8,1007.1,74.13
2021-06-07T03:00:00+00:00,27.4,1008.2,92.08
2021-06-07T12:00:00+00:00,30.4,1006.1,74.23
2021-06-08T03:00:00+00:00,27.2,1007.7,92.07
2021-06-08T12:00:00+00:00,25.4,1005.1,90.32
2021-06-09T03:00:00+00:00,26.0,1006.1,90.36
2021-06-09T12:00:00+00:00,24.8,1004.6,93.05
2021-06-10T03:00:00+00:00,25.4,1005.1,91.42
2021-06-10T09:00:00+00:00,27.4,1005.9,90.46
2021-06-10T12:00:00+00:00,26.0,1004.2,92.0
2021-06-11T03:00:00+00:00,26.4,1004.7,90.39
2021-06-11T12:00:00+00:00,26.0,1003.0,92.0
2021-06-12T03:00:00+00:00,27.0,1003.9,90.43
2021-06-12T12:00:00+00:00,28.6,1002.4,80.41
2021-06-13T03:00:00+00:00,27.4,1004.8,90.46
2021-06-13T06:00:00+00:00,29.0,1004.6,83.39
2021-06-13T09:00:00+00:00,29.2,1003.2,90.58
2021-06-13T12:00:00+00:00,29.0,1001.8,84.88
2021-06-14T03:00:00+00:00,28.0,1003.5,90.5
2021-06-14T06:00:00+00:00,31.4,1002.8,76.17
2021-06-14T09:00:00+00:00,32.0,1001.2,71.05
2021-06-14T12:00:00+00:00,31.2,1000.2,77.49
2021-06-14T15:00:00+00:00,30.0,1001.2,83.5
2021-06-15T03:00:00+00:00,29.0,1002.1,87.94
2021-06-15T12:00:00+00:00,26.0,1000.1,92.0
2021-06-16T03:00:00+00:00,25.4,1002.3,91.42
2021-06-16T06:00:00+00:00,25.0,1003.2,91.39
2021-06-16T12:00:00+00:00,25.8,1000.5,91.99
2021-06-17T03:00:00+00:00,27.4,1002.7,87.28
2021-06-17T12:00:00+00:00,27.4,1000.9,90.46
2021-06-18T03:00:00+00:00,28.4,1003.4,83.82
2021-06-18T12:00:00+00:00,30.0,1001.5,79.65
2021-06-19T03:00:00+00:00,26.4,1006.1,93.68
2021-06-19T12:00:00+00:00,27.6,1004.4,82.73
2021-06-20T03:00:00+00:00,28.6,1007.6,84.84
2021-06-20T12:00:00+00:00,29.6,1005.9,84.94
2021-06-21T03:00:00+00:00,27.0,1007.8,92.06
2021-06-21T12:00:00+00:00,30.4,1006.3,74.23
2021-06-22T03:00:00+00:00,29.4,1008.0,83.43
2021-06-22T09:00:00+00:00,31.6,1006.8,72.25
2021-06-22T12:00:00+00:00,31.2,1005.8,74.8
2021-06-23T00:00:00+00:00,27.4,1005.8,92.08
2021-06-23T03:00:00+00:00,28.4,1007.0,87.89
2021-06-23T12:00:00+00:00,30.6,1005.2,71.65
2021-06-24T03:00:00+00:00,29.0,1007.5,81.91
2021-06-24T06:00:00+00:00,30.0,1008.2,79.65
2021-06-24T12:00:00+00:00,29.4,1006.1,77.69
2021-06-25T03:00:00+00:00,27.0,1006.8,84.17
2021-06-25T12:00:00+00:00,25.2,1004.9,93.07
2021-06-26T03:00:00+00:00,27.0,1006.4,92.06
2021-06-26T06:00:00+00:00,31.0,1007.0,72.15
2021-06-26T12:00:00+00:00,30.6,1004.9,71.65
2021-06-26T15:00:00+00:00,29.4,1006.4,79.09
2021-06-27T03:00:00+00:00,29.0,1008.3,81.91
2021-06-27T12:00:00+00:00,26.6,1006.8,93.69
2021-06-28T03:00:00+00:00,26.0,1007.7,92.0
2021-06-28T12:00:00+00:00,29.0,1005.2,80.47
2021-06-29T03:00:00+00:00,27.8,1007.0,85.77
2021-06-29T12:00:00+00:00,30.4,1005.1,76.92
2021-06-30T03:00:00+00:00,27.4,1007.3,90.46
2021-06-30T12:00:00+00:00,29.6,1005.3,78.19
2021-07-01T03:00:00+00:00,29.0,1005.7,79.04
2021-07-01T12:00:00+00:00,31.0,1003.5,69.2
2021-07-02T03:00:00+00:00,29.2,1005.3,79.07
2021-07-02T12:00:00+00:00,30.6,1004.8,70.38
2021-07-03T03:00:00+00:00,29.4,1006.9,81.96
2021-07-03T09:00:00+00:00,32.4,1006.0,65.45
2021-07-03T12:00:00+00:00,31.2,1005.3,69.65
2021-07-04T03:00:00+00:00,28.6,1008.0,86.36
2021-07-04T12:00:00+00:00,31.8,1005.4,67.31
2021-07-04T15:00:00+00:00,30.0,1006.5,74.16
2021-07-05T00:00:00+00:00,29.0,1006.3,83.39
2021-07-05T03:00:00+00:00,30.0,1007.5,79.65
2021-07-05T12:00:00+00:00,31.4,1004.6,68.45
2021-07-06T03:00:00+00:00,28.8,1006.2,83.36
2021-07-06T12:00:00+00:00,30.6,1003.3,65.48
2021-07-07T03:00:00+00:00,28.8,1006.3,83.36
2021-07-07T06:00:00+00:00,31.4,1006.8,72.22
2021-07-07T12:00:00+00:00,31.4,1003.7,69.69
2021-07-07T15:00:00+00:00,30.4,1005.3,71.62
2021-07-08T03:00:00+00:00,28.0,1006.2,92.11
2021-07-08T12:00:00+00:00,28.4,1003.7,81.84
2021-07-09T03:00:00+00:00,26.2,1004.4,92.01
2021-07-09T12:00:00+00:00,28.6,1001.5,83.34
2021-07-10T03:00:00+00:00,26.4,1002.8,92.02
2021-07-10T12:00:00+00:00,27.6,1000.9,79.8
2021-07-11T03:00:00+00:00,25.4,1003.0,91.42
2021-07-11T06:00:00+00:00,26.8,1002.8,92.05
2021-07-11T12:00:00+00:00,27.6,999.1,90.47
2021-07-11T15:00:00+00:00,26.8,1000.6,92.05
2021-07-12T03:00:00+00:00,27.4,1000.1,87.28
2021-07-12T12:00:00+00:00,27.0,997.7,87.25
2021-07-12T15:00:00+00:00,26.4,999.9,90.39
2021-07-13T03:00:00+00:00,26.4,1001.2,90.39
2021-07-13T12:00:00+00:00,26.4,1001.0,92.02
2021-07-14T03:00:00+00:00,25.0,1002.8,91.39
2021-07-14T06:00:00+00:00,26.4,1003.1,92.02
2021-07-14T12:00:00+00:00,25.4,1001.0,93.08
2021-07-15T03:00:00+00:00,26.4,1001.1,92.02
2021-07-15T06:00:00+00:00,27.4,1001.5,90.46
2021-07-15T12:00:00+00:00,27.2,999.6,85.71
2021-07-16T03:00:00+00:00,27.0,1003.6,90.43
2021-07-16T06:00:00+00:00,26.8,1004.1,90.42
2021-07-16T09:00:00+00:00,27.8,1003.2,90.48
2021-07-16T12:00:00+00:00,27.4,1002.8,92.08
2021-07-16T15:00:00+00:00,26.4,1004.5,90.39
2021-07-17T00:00:00+00:00,26.4,1004.2,90.39
2021-07-17T03:00:00+00:00,26.8,1006.2,90.42
2021-07-17T12:00:00+00:00,29.0,1003.5,80.47
2021-07-18T03:00:00+00:00,26.4,1005.1,92.02
2021-07-18T06:00:00+00:00,26.4,1005.4,92.02
2021-07-18T12:00:00+00:00,26.4,1002.6,92.02
2021-07-19T03:00:00+00:00,26.4,1003.8,92.02
2021-07-19T12:00:00+00:00,26.0,1002.6,92.0
2021-07-20T03:00:00+00:00,27.0,1006.2,95.39
2021-07-20T06:00:00+00:00,28.0,1006.3,81.79
2021-07-20T12:00:00+00:00,29.0,1004.6,79.04
2021-07-21T03:00:00+00:00,27.4,1005.7,92.08
2021-07-21T12:00:00+00:00,26.2,1003.0,92.01
2021-07-22T03:00:00+00:00,27.0,1002.8,92.06
2021-07-22T12:00:00+00:00,27.2,998.9,90.44
2021-07-23T03:00:00+00:00,27.0,1001.3,92.06
2021-07-23T09:00:00+00:00,27.0,1000.5,94.27
2021-07-23T12:00:00+00:00,27.0,999.7,92.06
2021-07-24T03:00:00+00:00,27.4,1003.3,85.73
2021-07-24T06:00:00+00:00,30.0,1004.4,74.16
2021-07-24T12:00:00+00:00,29.6,1001.8,75.44
2021-07-25T03:00:00+00:00,28.2,1004.5,86.32
2021-07-25T12:00:00+00:00,29.0,1002.9,79.04
2021-07-26T03:00:00+00:00,28.4,1005.2,81.84
2021-07-26T12:00:00+00:00,29.4,1003.9,73.62
2021-07-27T03:00:00+00:00,28.0,1004.5,78.43
2021-07-27T12:00:00+00:00,28.6,1003.4,74.83
2021-07-28T03:00:00+00:00,27.8,1004.7,85.77
2021-07-28T06:00:00+00:00,28.4,1005.8,88.94
2021-07-28T12:00:00+00:00,28.6,1003.9,77.58
2021-07-29T03:00:00+00:00,28.0,1006.1,81.79
2021-07-29T12:00:00+00:00,29.0,1005.2,73.55
2021-07-30T03:00:00+00:00,28.4,1007.3,83.32
2021-07-30T12:00:00+00:00,28.6,1006.3,84.84
2021-07-31T03:00:00+00:00,27.4,1008.3,92.08
2021-07-31T12:00:00+00:00,29.6,1007.1,68.52
2021-08-01T03:00:00+00:00,28.2,1007.3,84.8
2021-08-01T12:00:00+00:00,29.2,1005.2,77.66
2021-08-02T03:00:00+00:00,28.4,1006.3,77.55
2021-08-02T06:00:00+00:00,27.4,1006.8,90.46
2021-08-02T12:00:00+00:00,29.0,1006.2,73.55
2021-08-02T15:00:00+00:00,28.2,1007.3,80.36
2021-08-03T03:00:00+00:00,28.0,1008.3,80.34
2021-08-03T12:00:00+00:00,28.4,1006.1,83.32
2021-08-04T03:00:00+00:00,28.0,1008.6,81.79
2021-08-04T12:00:00+00:00,29.6,1006.1,76.8
2021-08-05T03:00:00+00:00,27.4,1006.6,92.08
2021-08-05T12:00:00+00:00,29.8,1004.1,72.81
2021-08-06T03:00:00+00:00,27.4,1005.4,85.73
2021-08-06T12:00:00+00:00,30.0,1004.2,72.84
2021-08-07T12:00:00+00:00,30.6,1004.5,71.65
2021-08-08T03:00:00+00:00,28.0,1007.5,84.78
2021-08-08T12:00:00+00:00,29.6,1005.6,72.34
2021-08-09T03:00:00+00:00,27.8,1008.7,87.32
2021-08-09T12:00:00+00:00,30.0,1007.0,71.54
2021-08-10T03:00:00+00:00,28.2,1009.0,81.82
2021-08-10T12:00:00+00:00,30.0,1006.8,70.27
2021-08-11T03:00:00+00:00,27.4,1008.9,79.77
2021-08-12T03:00:00+00:00,27.0,1009.6,90.43
2021-08-12T12:00:00+00:00,29.4,1007.5,72.3
2021-08-13T03:00:00+00:00,28.0,1008.6,80.34
2021-08-13T06:00:00+00:00,29.2,1008.7,72.27
2021-08-13T09:00:00+00:00,30.6,1006.9,63.91
2021-08-13T12:00:00+00:00,29.4,1006.3,69.73
2021-08-14T03:00:00+00:00,27.4,1006.8,85.73
2021-08-14T12:00:00+00:00,26.6,1004.6,90.4
2021-08-15T03:00:00+00:00,25.8,1006.3,91.99
2021-08-15T12:00:00+00:00,26.0,1005.0,90.36
2021-08-16T03:00:00+00:00,26.2,1008.2,87.18
2021-08-16T12:00:00+00:00,27.0,1006.4,78.29
2021-08-17T03:00:00+00:00,25.4,1009.2,91.42
2021-08-17T12:00:00+00:00,26.4,1006.3,82.59
2021-08-18T03:00:00+00:00,25.0,1006.9,91.39
2021-08-18T12:00:00+00:00,24.4,1004.8,89.71
2021-08-19T03:00:00+00:00,25.0,1006.5,91.39
2021-08-19T12:00:00+00:00,25.2,1004.6,88.15
2021-08-20T03:00:00+00:00,25.0,1006.6,91.39
2021-08-20T12:00:00+00:00,26.2,1004.8,87.18
2021-08-21T03:00:00+00:00,24.6,1007.8,93.04
2021-08-21T12:00:00+00:00,25.0,1006.3,89.75
2021-08-22T03:00:00+00:00,25.0,1009.2,88.13
2021-08-22T12:00:00+00:00,27.0,1006.1,88.83
2021-08-22T15:00:00+00:00,26.2,1007.4,90.38
2021-08-23T03:00:00+00:00,26.0,1008.7,88.75
2021-08-23T12:00:00+00:00,29.4,1006.0,74.96
2021-08-24T03:00:00+00:00,27.0,1008.4,90.43
2021-08-24T12:00:00+00:00,28.4,1006.3,76.16
2021-08-25T03:00:00+00:00,27.4,1008.1,87.28
2021-08-25T06:00:00+00:00,29.6,1008.3,72.34
2021-08-25T09:00:00+00:00,28.8,1006.3,76.22
2021-08-25T12:00:00+00:00,28.0,1005.3,74.28
2021-08-26T03:00:00+00:00,28.0,1005.5,78.43
2021-08-26T12:00:00+00:00,28.4,1003.9,71.69
2021-08-27T03:00:00+00:00,27.0,1005.5,87.25
2021-08-27T12:00:00+00:00,30.0,1003.4,71.54
2021-08-28T03:00:00+00:00,28.0,1004.5,87.34
2021-08-28T12:00:00+00:00,30.6,1001.8,63.91
2021-08-29T03:00:00+00:00,27.4,1004.1,88.86
2021-08-29T09:00:00+00:00,30.4,1003.2,63.87
2021-08-29T12:00:00+00:00,30.0,1001.8,67.36
2021-08-30T03:00:00+00:00,28.0,1005.8,81.79
2021-08-30T12:00:00+00:00,27.6,1003.7,92.09
2021-08-31T03:00:00+00:00,25.0,1006.9,91.39
2021-08-31T12:00:00+00:00,25.0,1003.6,91.39
2021-09-01T03:00:00+00:00,25.4,1006.8,91.42
2021-09-01T12:00:00+00:00,26.4,1004.2,93.68
2021-09-02T03:00:00+00:00,27.4,1006.4,84.21
2021-09-02T09:00:00+00:00,29.0,1005.6,77.64
2021-09-02T12:00:00+00:00,26.4,1004.2,92.02
2021-09-02T15:00:00+00:00,26.6,1005.7,82.61
2021-09-03T00:00:00+00:00,27.0,1004.0,85.7
2021-09-03T03:00:00+00:00,27.0,1005.7,88.83
2021-09-03T12:00:00+00:00,26.4,1003.7,90.39
2021-09-04T03:00:00+00:00,25.0,1007.0,91.39
2021-09-04T12:00:00+00:00,26.0,1003.8,90.36
2021-09-05T03:00:00+00:00,25.4,1006.6,91.42
2021-09-05T12:00:00+00:00,27.0,1003.9,90.43
2021-09-06T03:00:00+00:00,26.4,1006.2,87.2
2021-09-06T06:00:00+00:00,29.4,1006.3,73.62
2021-09-06T09:00:00+00:00,30.0,1003.5,72.84
2021-09-06T12:00:00+00:00,29.0,1002.9,77.64
2021-09-06T15:00:00+00:00,28.0,1003.8,81.79
2021-09-07T03:00:00+00:00,26.4,1004.5,92.02
2021-09-07T12:00:00+00:00,27.4,1001.2,84.21
2021-09-08T03:00:00+00:00,26.0,1002.8,92.0
2021-09-08T12:00:00+00:00,27.0,1002.1,88.83
2021-09-09T03:00:00+00:00,27.0,1006.4,81.18
2021-09-09T12:00:00+00:00,28.0,1005.4,92.11
2021-09-10T03:00:00+00:00,27.0,1006.9,85.7
2021-09-10T12:00:00+00:00,28.0,1003.7,84.78
2021-09-11T03:00:00+00:00,28.0,1004.7,81.79
2021-09-11T06:00:00+00:00,27.0,1005.2,93.71
2021-09-11T12:00:00+00:00,27.4,1001.8,88.86
2021-09-12T03:00:00+00:00,26.4,1003.1,92.02
2021-09-12T12:00:00+00:00,26.4,1000.5,92.02
2021-09-13T03:00:00+00:00,26.2,1002.4,87.18
2021-09-13T06:00:00+00:00,26.4,1002.8,92.02
2021-09-13T09:00:00+00:00,26.0,1001.3,93.67
2021-09-13T12:00:00+00:00,26.4,1000.7,87.2
2021-09-14T03:00:00+00:00,27.0,1003.8,84.17
2021-09-14T12:00:00+00:00,29.2,1002.0,79.07
2021-09-15T03:00:00+00:00,28.0,1004.7,78.43
2021-09-15T12:00:00+00:00,29.0,1003.6,79.04
2021-09-16T03:00:00+00:00,27.4,1006.4,79.77
2021-09-16T12:00:00+00:00,29.0,1004.4,72.23
2021-09-17T03:00:00+00:00,28.0,1006.9,77.49
2021-09-17T12:00:00+00:00,29.6,1004.7,69.77
2021-09-18T03:00:00+00:00,28.0,1007.8,81.79
2021-09-18T12:00:00+00:00,29.4,1006.2,72.3
2021-09-19T03:00:00+00:00,28.0,1010.0,87.34
2021-09-19T12:00:00+00:00,27.2,1007.9,92.07
2021-09-20T03:00:00+00:00,26.4,1010.5,92.02
2021-09-20T12:00:00+00:00,29.0,1006.6,77.64
2021-09-21T03:00:00+00:00,27.4,1008.8,87.28
2021-09-21T12:00:00+00:00,26.4,1005.7,92.02
2021-09-22T00:00:00+00:00,25.4,1004.7,91.42
2021-09-22T03:00:00+00:00,26.0,1006.6,93.67
2021-09-22T09:00:00+00:00,27.4,1005.0,87.28
2021-09-22T12:00:00+00:00,26.8,1003.9,88.81
2021-09-23T03:00:00+00:00,26.4,1006.9,92.02
2021-09-23T12:00:00+00:00,28.8,1004.3,73.52
2021-09-24T03:00:00+00:00,27.6,1008.0,82.73
2021-09-24T12:00:00+00:00,30.0,1005.4,70.27
2021-09-25T03:00:00+00:00,27.4,1008.5,85.73
2021-09-25T12:00:00+00:00,30.6,1005.7,69.12
2021-09-26T00:00:00+00:00,26.4,1005.3,87.2
2021-09-26T03:00:00+00:00,27.4,1006.3,85.73
2021-09-26T12:00:00+00:00,28.6,1004.2,83.34
2021-09-27T03:00:00+00:00,25.4,1005.5,91.42
2021-09-27T12:00:00+00:00,28.0,1002.6,81.79
2021-09-28T03:00:00+00:00,27.0,1004.5,88.83
2021-09-28T12:00:00+00:00,25.8,1001.9,93.1
2021-09-29T03:00:00+00:00,26.4,1004.4,87.2
2021-09-29T06:00:00+00:00,28.2,1004.8,78.93
2021-09-29T12:00:00+00:00,28.6,1003.3,77.58
2021-09-30T03:00:00+00:00,26.6,1008.0,90.4
2021-09-30T12:00:00+00:00,28.6,1006.9,86.36
2021-10-01T03:00:00+00:00,26.6,1009.7,85.66
2021-10-01T12:00:00+00:00,30.4,1007.1,74.23
2021-10-02T03:00:00+00:00,28.0,1009.2,87.34
2021-10-02T06:00:00+00:00,30.0,1009.8,75.05
2021-10-02T12:00:00+00:00,30.0,1006.3,79.65
2021-10-03T03:00:00+00:00,27.4,1008.7,90.46
2021-10-03T12:00:00+00:00,30.8,1005.8,74.29
2021-10-04T03:00:00+00:00,28.6,1008.3,88.95
2021-10-04T12:00:00+00:00,30.6,1004.6,74.26
2021-10-05T03:00:00+00:00,29.0,1007.4,86.4
2021-10-05T12:00:00+00:00,31.0,1004.7,81.2
2021-10-06T03:00:00+00:00,28.0,1008.0,85.79
2021-10-06T12:00:00+00:00,32.0,1004.3,81.79
2021-10-07T03:00:00+00:00,27.0,1006.6,93.71
2021-10-07T12:00:00+00:00,31.2,1003.6,77.49
2021-10-08T03:00:00+00:00,28.0,1007.4,85.79
2021-10-08T12:00:00+00:00,30.6,1005.9,79.73
2021-10-09T03:00:00+00:00,28.0,1009.0,85.79
2021-10-09T12:00:00+00:00,30.4,1007.1,72.91
2021-10-10T03:00:00+00:00,27.4,1009.9,81.23
2021-10-10T12:00:00+00:00,30.8,1006.0,72.98
2021-10-11T03:00:00+00:00,28.0,1008.8,88.9
2021-10-11T12:00:00+00:00,31.0,1004.5,74.77
2021-10-12T03:00:00+00:00,26.0,1007.5,88.75
2021-10-12T06:00:00+00:00,30.0,1007.2,74.16
2021-10-12T12:00:00+00:00,30.6,1004.4,76.95
2021-10-13T00:00:00+00:00,26.4,1005.9,85.64
2021-10-13T03:00:00+00:00,27.4,1007.9,84.21
2021-10-13T12:00:00+00:00,31.4,1004.0,73.51
2021-10-14T03:00:00+00:00,28.4,1007.2,88.94
2021-10-14T06:00:00+00:00,32.4,1006.8,63.91
2021-10-14T12:00:00+00:00,31.6,1003.5,70.98
2021-10-14T15:00:00+00:00,31.0,1004.8,82.64
2021-10-15T03:00:00+00:00,28.4,1005.2,81.84
2021-10-15T12:00:00+00:00,32.4,1001.4,60.55
2021-10-16T03:00:00+00:00,27.2,1004.0,68.47
2021-10-16T06:00:00+00:00,32.4,1003.8,43.99
2021-10-16T12:00:00+00:00,30.6,1001.5,57.97
2021-10-17T03:00:00+00:00,28.0,1005.1,84.78
2021-10-17T12:00:00+00:00,30.6,1002.6,66.67
2021-10-18T03:00:00+00:00,29.0,1007.6,80.47
2021-10-18T12:00:00+00:00,30.0,1006.5,62.25
2021-10-19T03:00:00+00:00,27.4,1012.1,88.86
2021-10-19T12:00:00+00:00,29.4,1009.9,65.63
2021-10-20T03:00:00+00:00,27.4,1014.7,88.86
2021-10-20T12:00:00+00:00,29.2,1011.0,72.27
2021-10-21T03:00:00+00:00,26.4,1014.5,77.72
2021-10-21T12:00:00+00:00,30.2,1010.4,61.16
2021-10-22T03:00:00+00:00,26.4,1014.3,85.64
2021-10-22T12:00:00+00:00,30.2,1010.5,74.19
2021-10-23T03:00:00+00:00,27.4,1013.9,88.86
2021-10-23T09:00:00+00:00,30.6,1011.4,63.91
2021-10-23T12:00:00+00:00,29.2,1010.8,73.59
2021-10-24T03:00:00+00:00,26.4,1014.3,85.64
2021-10-24T12:00:00+00:00,29.0,1011.7,67.99
2021-10-24T15:00:00+00:00,27.6,1013.3,71.55
2021-10-25T03:00:00+00:00,26.0,1014.4,82.54
2021-10-25T12:00:00+00:00,29.0,1010.4,72.23
2021-10-26T03:00:00+00:00,26.0,1012.5,85.6
2021-10-26T12:00:00+00:00,29.6,1008.8,74.1
2021-10-27T03:00:00+00:00,26.4,1013.1,84.1
2021-10-27T09:00:00+00:00,31.6,1009.4,51.81
2021-10-27T12:00:00+00:00,30.0,1009.2,67.36
2021-10-28T03:00:00+00:00,26.4,1013.4,70.46
2021-10-28T12:00:00+00:00,30.6,1010.2,63.91
2021-10-29T03:00:00+00:00,26.4,1014.0,59.55
2021-10-29T12:00:00+00:00,30.0,1011.7,47.97
2021-10-30T03:00:00+00:00,26.0,1014.3,46.0
2021-10-30T12:00:00+00:00,29.2,1011.3,70.97
2021-10-31T03:00:00+00:00,26.0,1013.3,67.4
2021-10-31T12:00:00+00:00,29.2,1010.1,74.92
2021-11-01T03:00:00+00:00,26.0,1012.1,84.06
2021-11-01T12:00:00+00:00,30.6,1009.0,59.05
2021-11-02T03:00:00+00:00,26.4,1011.8,85.64
2021-11-02T12:00:00+00:00,29.8,1008.5,79.62
2021-11-03T03:00:00+00:00,26.4,1012.2,70.46
2021-11-03T12:00:00+00:00,30.4,1008.2,57.93
2021-11-04T03:00:00+00:00,27.4,1011.6,67.26
2021-11-04T06:00:00+00:00,32.0,1011.0,41.47
2021-11-04T12:00:00+00:00,28.6,1007.7,67.91
2021-11-05T03:00:00+00:00,27.0,1011.5,84.17
2021-11-05T12:00:00+00:00,30.2,1007.0,79.67
2021-11-06T03:00:00+00:00,25.2,1010.7,93.07
2021-11-06T09:00:00+00:00,28.6,1008.0,72.16
2021-11-06T12:00:00+00:00,27.6,1008.3,71.55
2021-11-07T03:00:00+00:00,26.4,1009.2,84.1
2021-11-07T12:00:00+00:00,28.4,1008.0,54.65
2021-11-08T03:00:00+00:00,26.4,1011.4,67.9
2021-11-08T12:00:00+00:00,29.0,1009.3,60.52
2021-11-08T15:00:00+00:00,27.2,1011.3,68.47
2021-11-09T03:00:00+00:00,25.4,1012.8,60.07
2021-11-09T12:00:00+00:00,28.4,1009.6,67.87
2021-11-10T03:00:00+00:00,25.0,1012.8,61.13
2021-11-10T12:00:00+00:00,29.4,1008.1,64.44
2021-11-11T03:00:00+00:00,25.0,1011.2,53.8
2021-11-11T12:00:00+00:00,30.6,1006.8,52.2
2021-11-12T03:00:00+00:00,25.0,1010.0,47.25
2021-11-12T12:00:00+00:00,28.6,1006.7,58.58
2021-11-13T03:00:00+00:00,25.4,1010.2,57.09
2021-11-13T12:00:00+00:00,29.0,1006.8,79.04
2021-11-14T03:00:00+00:00,27.0,1009.3,85.7
2021-11-14T12:00:00+00:00,30.0,1006.0,78.24
2021-11-15T00:00:00+00:00,27.0,1006.4,88.83
2021-11-15T03:00:00+00:00,27.0,1008.4,85.7
2021-11-15T12:00:00+00:00,29.0,1005.0,84.88
2021-11-16T03:00:00+00:00,26.4,1008.1,84.1
2021-11-16T12:00:00+00:00,30.4,1004.4,85.52
2021-11-16T15:00:00+00:00,29.4,1006.4,73.62
2021-11-17T00:00:00+00:00,28.0,1006.8,93.76
2021-11-17T03:00:00+00:00,27.4,1008.3,92.63
2021-11-17T12:00:00+00:00,27.5,1007.1,92.63
2021-11-18T03:00:00+00:00,26.2,1009.5,92.01
2021-11-18T12:00:00+00:00,31.2,1006.7,76.14
2021-11-19T03:00:00+00:00,27.2,1007.2,92.07
2021-11-19T09:00:00+00:00,31.8,1003.8,69.76
2021-11-19T12:00:00+00:00,31.0,1003.4,78.38
2021-11-19T15:00:00+00:00,29.6,1005.8,87.99
2021-11-20T03:00:00+00:00,27.6,1005.7,85.75
2021-11-20T12:00:00+00:00,31.4,1003.1,80.3
2021-11-21T03:00:00+00:00,28.4,1007.0,78.96
2021-11-21T12:00:00+00:00,30.0,1007.6,81.07
2021-11-22T03:00:00+00:00,26.8,1012.2,84.14
2021-11-22T06:00:00+00:00,29.0,1012.4,72.23
2021-11-22T12:00:00+00:00,30.0,1009.6,72.84
2021-11-22T15:00:00+00:00,28.8,1011.5,80.44
2021-11-23T03:00:00+00:00,27.8,1011.7,88.89
2021-11-23T12:00:00+00:00,30.2,1008.4,79.67
2021-11-24T03:00:00+00:00,28.6,1011.1,88.95
2021-11-24T12:00:00+00:00,31.2,1008.0,70.91
2021-11-24T15:00:00+00:00,30.4,1009.9,74.23
2021-11-25T03:00:00+00:00,28.4,1012.1,81.84
2021-11-25T12:00:00+00:00,31.0,1008.9,58.42
2021-11-26T03:00:00+00:00,27.6,1012.7,82.73
2021-11-26T12:00:00+00:00,29.4,1010.0,72.3
2021-11-27T03:00:00+00:00,26.0,1012.5,87.16
2021-11-27T12:00:00+00:00,30.0,1009.4,69.01
2021-11-28T03:00:00+00:00,25.6,1013.2,65.65
2021-11-28T12:00:00+00:00,29.6,1010.1,52.27
2021-11-29T03:00:00+00:00,25.4,1012.9,50.21
2021-11-29T12:00:00+00:00,31.4,1010.3,57.46
2021-11-29T15:00:00+00:00,29.0,1012.6,69.66
2021-11-30T03:00:00+00:00,27.4,1012.7,65.62
2021-11-30T12:00:00+00:00,31.2,1008.9,58.47
2021-12-01T03:00:00+00:00,25.0,1012.1,81.92
2021-12-01T12:00:00+00:00,21.8,1009.2,92.9
2021-12-02T03:00:00+00:00,20.8,1010.2,90.56
2021-12-02T12:00:00+00:00,24.6,1008.0,91.37
2021-12-03T03:00:00+00:00,23.0,1012.0,89.6
2021-12-03T12:00:00+00:00,26.6,1009.9,78.23
2021-12-04T03:00:00+00:00,24.0,1012.9,93.01
2021-12-04T12:00:00+00:00,27.4,1010.4,74.18
2021-12-05T03:00:00+00:00,24.0,1013.8,91.33
2021-12-05T12:00:00+00:00,27.6,1010.7,64.46
2021-12-06T03:00:00+00:00,24.0,1014.0,89.68
2021-12-06T09:00:00+00:00,28.4,1010.9,54.65
2021-12-06T12:00:00+00:00,27.6,1010.4,72.87
2021-12-07T03:00:00+00:00,25.2,1013.8,85.0
2021-12-07T12:00:00+00:00,29.0,1010.7,72.23
2021-12-08T03:00:00+00:00,25.6,1013.7,79.05
2021-12-08T12:00:00+00:00,28.4,1011.2,70.4
2021-12-09T03:00:00+00:00,25.4,1014.8,85.02
2021-12-09T12:00:00+00:00,29.0,1012.9,76.25
2021-12-10T03:00:00+00:00,25.6,1015.4,76.19
2021-12-10T12:00:00+00:00,28.8,1012.4,77.61
2021-12-11T00:00:00+00:00,25.8,1012.5,80.54
2021-12-11T03:00:00+00:00,25.6,1014.8,76.19
2021-12-11T12:00:00+00:00,29.4,1012.4,71.01
2021-12-12T03:00:00+00:00,25.4,1015.1,83.48
2021-12-12T12:00:00+00:00,29.0,1012.0,61.65
2021-12-13T03:00:00+00:00,25.0,1014.9,89.75
2021-12-13T06:00:00+00:00,29.0,1014.9,60.52
2021-12-13T12:00:00+00:00,28.4,1012.0,46.35
2021-12-14T03:00:00+00:00,23.6,1014.4,74.94
2021-12-14T12:00:00+00:00,27.4,1011.6,52.71
2021-12-15T03:00:00+00:00,23.0,1014.5,85.82
2021-12-15T06:00:00+00:00,27.4,1014.6,61.67
2021-12-15T09:00:00+00:00,27.4,1011.8,61.67
2021-12-15T12:00:00+00:00,26.6,1011.8,69.21
2021-12-16T03:00:00+00:00,22.8,1015.4,89.59
2021-12-16T12:00:00+00:00,26.8,1012.5,73.63
2021-12-16T15:00:00+00:00,25.8,1014.7,79.07
2021-12-17T03:00:00+00:00,22.4,1015.8,87.37
2021-12-17T12:00:00+00:00,27.0,1012.5,71.01
2021-12-18T03:00:00+00:00,23.4,1015.5,89.63
2021-12-18T12:00:00+00:00,27.6,1012.4,61.72
2021-12-18T15:00:00+00:00,26.6,1014.8,82.61
2021-12-19T00:00:00+00:00,24.0,1013.8,89.68
2021-12-19T03:00:00+00:00,23.6,1016.3,82.77
2021-12-19T12:00:00+00:00,28.2,1013.1,57.05
2021-12-20T03:00:00+00:00,23.4,1016.4,82.74
2021-12-20T12:00:00+00:00,28.2,1012.4,61.09
2021-12-21T03:00:00+00:00,22.8,1015.6,91.25
2021-12-21T09:00:00+00:00,29.4,1012.9,42.91
2021-12-21T12:00:00+00:00,27.6,1013.3,56.55
2021-12-22T03:00:00+00:00,23.0,1014.6,92.96
2021-12-22T12:00:00+00:00,26.4,1010.8,65.01
2021-12-23T03:00:00+00:00,21.6,1014.0,88.94
2021-12-23T12:00:00+00:00,26.4,1010.9,58.07
2021-12-24T03:00:00+00:00,21.8,1013.6,91.19
2021-12-24T12:00:00+00:00,27.6,1012.1,72.87
2021-12-25T03:00:00+00:00,21.6,1015.4,95.21
2021-12-25T12:00:00+00:00,25.6,1012.0,64.43
2021-12-26T03:00:00+00:00,22.0,1016.7,92.91
2021-12-26T12:00:00+00:00,25.2,1013.2,65.57
2021-12-27T03:00:00+00:00,21.6,1015.7,88.94
2021-12-27T12:00:00+00:00,27.2,1012.0,69.75
2021-12-28T03:00:00+00:00,23.0,1014.1,89.6
2021-12-28T12:00:00+00:00,26.6,1011.8,69.21
2021-12-29T03:00:00+00:00,20.6,1014.9,76.36
2021-12-29T12:00:00+00:00,25.4,1011.8,69.84
2021-12-30T03:00:00+00:00,22.4,1015.9,74.27
2021-12-30T12:00:00+00:00,27.4,1012.8,65.62
2021-12-31T03:00:00+00:00,24.2,1016.5,76.92
2021-12-31T12:00:00+00:00,28.6,1013.6,61.18
2022-01-01T03:00:00+00:00,23.4,1017.2,79.72
2022-01-01T12:00:00+00:00,28.6,1013.8,61.18
2022-01-02T03:00:00+00:00,24.0,1015.8,79.8
2022-01-02T12:00:00+00:00,28.4,1012.0,76.16
2022-01-03T03:00:00+00:00,24.4,1014.7,86.49
2022-01-03T12:00:00+00:00,29.0,1012.5,61.65
2022-01-04T03:00:00+00:00,24.4,1015.2,86.49
2022-01-04T12:00:00+00:00,29.0,1011.3,67.99
2022-01-05T03:00:00+00:00,23.4,1014.8,92.98
2022-01-05T12:00:00+00:00,28.4,1011.8,73.01
2022-01-06T03:00:00+00:00,23.2,1014.5,91.28
2022-01-06T12:00:00+00:00,26.8,1011.2,74.99
2022-01-07T03:00:00+00:00,23.4,1013.2,96.43
2022-01-07T12:00:00+00:00,27.0,1011.1,71.01
2022-01-08T03:00:00+00:00,24.0,1014.3,93.01
2022-01-08T12:00:00+00:00,25.0,1012.2,78.96
2022-01-08T15:00:00+00:00,23.0,1014.1,81.17
2022-01-09T03:00:00+00:00,21.4,1014.6,68.63
2022-01-09T12:00:00+00:00,24.0,1012.4,46.06
2022-01-10T03:00:00+00:00,17.0,1015.1,66.41
2022-01-10T12:00:00+00:00,22.6,1012.0,51.13
2022-01-11T03:00:00+00:00,20.0,1014.8,84.98
2022-01-11T12:00:00+00:00,25.0,1012.0,63.9
2022-01-12T00:00:00+00:00,18.4,1012.4,71.22
2022-01-12T03:00:00+00:00,18.4,1014.5,67.59
2022-01-12T12:00:00+00:00,24.6,1011.0,64.62
2022-01-13T03:00:00+00:00,20.0,1013.5,81.29
2022-01-13T12:00:00+00:00,25.6,1009.8,61.66
2022-01-14T03:00:00+00:00,20.6,1013.0,88.86
2022-01-14T12:00:00+00:00,25.6,1010.1,72.97
2022-01-15T03:00:00+00:00,21.6,1013.7,91.18
2022-01-15T12:00:00+00:00,27.0,1011.0,72.32
2022-01-16T03:00:00+00:00,22.4,1014.2,77.61
2022-01-16T09:00:00+00:00,31.6,1011.8,33.89
2022-01-16T12:00:00+00:00,28.4,1011.6,73.01
2022-01-17T03:00:00+00:00,23.6,1016.2,79.75
2022-01-17T12:00:00+00:00,28.4,1013.4,73.01
2022-01-18T03:00:00+00:00,22.6,1016.0,91.24
2022-01-18T12:00:00+00:00,27.4,1012.4,78.34
2022-01-19T03:00:00+00:00,21.8,1014.8,77.04
2022-01-19T06:00:00+00:00,26.6,1015.6,62.27
2022-01-19T12:00:00+00:00,26.4,1011.1,72.22
2022-01-20T03:00:00+00:00,20.6,1013.3,87.21
2022-01-20T09:00:00+00:00,27.8,1010.3,63.31
2022-01-20T12:00:00+00:00,26.0,1009.7,56.52
2022-01-21T00:00:00+00:00,21.6,1010.6,91.18
2022-01-21T03:00:00+00:00,21.4,1012.8,88.93
2022-01-21T12:00:00+00:00,26.2,1010.1,81.08
2022-01-22T03:00:00+00:00,22.6,1011.8,92.94
2022-01-22T12:00:00+00:00,27.0,1008.1,71.01
2022-01-23T03:00:00+00:00,23.4,1011.3,50.67
2022-01-23T12:00:00+00:00,22.4,1010.8,52.44
2022-01-24T03:00:00+00:00,17.6,1013.7,40.72
2022-01-24T06:00:00+00:00,22.4,1014.3,23.57
2022-01-24T09:00:00+00:00,23.2,1011.3,26.28
2022-01-24T12:00:00+00:00,21.8,1010.6,32.94
2022-01-24T15:00:00+00:00,21.0,1012.4,40.01
2022-01-25T03:00:00+00:00,16.6,1013.1,45.88
2022-01-25T06:00:00+00:00,22.6,1013.6,42.71
2022-01-25T12:00:00+00:00,24.4,1009.7,66.65
2022-01-26T03:00:00+00:00,19.4,1012.8,59.83
2022-01-26T12:00:00+00:00,25.0,1009.8,58.1
2022-01-27T03:00:00+00:00,20.8,1013.3,78.36
2022-01-27T12:00:00+00:00,25.2,1010.4,68.51
2022-01-28T03:00:00+00:00,21.4,1014.3,65.19
2022-01-28T12:00:00+00:00,28.4,1011.7,31.5
2022-01-29T03:00:00+00:00,21.4,1015.4,66.89
2022-01-29T12:00:00+00:00,27.6,1011.9,63.27
2022-01-30T03:00:00+00:00,20.4,1014.1,67.55
2022-01-30T12:00:00+00:00,26.6,1010.1,73.6
2022-01-31T03:00:00+00:00,20.4,1013.1,87.19
2022-01-31T06:00:00+00:00,26.4,1013.9,43.48
2022-01-31T12:00:00+00:00,26.4,1010.3,69.17
2022-02-01T03:00:00+00:00,19.4,1012.1,81.22
2022-02-01T12:00:00+00:00,25.4,1009.0,77.58
2022-02-02T00:00:00+00:00,20.4,1010.1,92.25
2022-02-02T03:00:00+00:00,20.6,1011.9,91.11
2022-02-02T12:00:00+00:00,25.4,1009.9,85.02
2022-02-03T03:00:00+00:00,20.6,1012.5,92.26
2022-02-03T12:00:00+00:00,26.0,1009.8,74.86
2022-02-04T03:00:00+00:00,21.4,1011.8,73.63
2022-02-04T06:00:00+00:00,26.4,1013.1,40.19
2022-02-04T12:00:00+00:00,25.6,1009.1,36.64
2022-02-05T03:00:00+00:00,20.0,1011.7,67.47
2022-02-05T06:00:00+00:00,25.2,1012.8,39.58
2022-02-05T09:00:00+00:00,27.2,1010.5,43.7
2022-02-05T12:00:00+00:00,25.6,1010.2,51.91
2022-02-05T15:00:00+00:00,24.0,1011.6,61.29
2022-02-06T03:00:00+00:00,21.0,1013.3,74.98
2022-02-06T12:00:00+00:00,27.0,1011.6,62.75
2022-02-07T03:00:00+00:00,21.4,1015.2,90.6
2022-02-07T12:00:00+00:00,24.4,1012.3,72.31
2022-02-08T03:00:00+00:00,20.4,1014.6,92.25
2022-02-08T12:00:00+00:00,25.0,1011.7,63.9
2022-02-09T03:00:00+00:00,21.6,1014.3,91.18
2022-02-09T06:00:00+00:00,25.6,1015.1,65.65
2022-02-09T12:00:00+00:00,25.4,1011.1,71.6
2022-02-10T03:00:00+00:00,20.6,1013.9,68.03
2022-02-10T12:00:00+00:00,26.6,1010.0,65.05
2022-02-11T03:00:00+00:00,23.0,1013.0,69.82
2022-02-11T12:00:00+00:00,27.2,1010.1,65.58
2022-02-12T03:00:00+00:00,23.8,1013.2,58.19
2022-02-12T12:00:00+00:00,27.4,1009.4,71.08
2022-02-13T03:00:00+00:00,22.4,1011.3,82.62
2022-02-13T12:00:00+00:00,27.4,1007.4,76.93
2022-02-14T03:00:00+00:00,21.2,1011.7,88.91
2022-02-14T12:00:00+00:00,28.0,1008.7,41.16
2022-02-15T03:00:00+00:00,22.6,1012.2,84.2
2022-02-15T12:00:00+00:00,25.6,1008.8,65.65
2022-02-16T03:00:00+00:00,21.8,1011.0,85.7
2022-02-16T09:00:00+00:00,27.2,1007.8,69.75
2022-02-16T12:00:00+00:00,25.6,1006.3,72.97
2022-02-17T03:00:00+00:00,21.2,1009.5,92.86
2022-02-17T12:00:00+00:00,27.0,1005.6,49.67
2022-02-18T03:00:00+00:00,21.6,1009.8,94.62
2022-02-18T06:00:00+00:00,27.2,1011.4,66.81
2022-02-18T12:00:00+00:00,28.0,1007.9,47.14
2022-02-19T00:00:00+00:00,21.8,1009.6,87.32
2022-02-19T03:00:00+00:00,22.0,1011.8,80.53
2022-02-19T12:00:00+00:00,27.4,1009.9,61.67
2022-02-20T03:00:00+00:00,20.8,1012.0,78.36
2022-02-20T12:00:00+00:00,28.0,1008.3,71.62
2022-02-21T03:00:00+00:00,21.8,1011.3,92.9
2022-02-21T12:00:00+00:00,28.4,1007.9,57.45
2022-02-22T03:00:00+00:00,21.6,1012.0,84.09
2022-02-22T12:00:00+00:00,27.6,1009.0,76.96
2022-02-23T03:00:00+00:00,22.0,1013.2,88.98
2022-02-23T06:00:00+00:00,28.4,1014.1,52.3
2022-02-23T12:00:00+00:00,28.0,1010.1,70.33
2022-02-24T03:00:00+00:00,24.0,1015.0,91.33
2022-02-24T06:00:00+00:00,29.0,1015.7,67.99
2022-02-24T12:00:00+00:00,28.6,1011.5,62.71
2022-02-25T03:00:00+00:00,23.2,1014.4,77.73
2022-02-25T06:00:00+00:00,29.2,1015.3,61.69
2022-02-25T12:00:00+00:00,28.0,1011.0,63.36
2022-02-26T03:00:00+00:00,23.2,1014.2,85.31
2022-02-26T12:00:00+00:00,28.4,1011.2,69.12
2022-02-26T15:00:00+00:00,26.4,1013.2,76.32
2022-02-27T03:00:00+00:00,23.6,1014.6,73.08
2022-02-27T06:00:00+00:00,28.4,1015.0,49.72
2022-02-27T12:00:00+00:00,27.6,1011.5,68.55
2022-02-28T03:00:00+00:00,22.8,1014.0,76.23
2022-02-28T12:00:00+00:00,29.6,1010.7,59.55
2022-03-01T03:00:00+00:00,23.2,1014.3,76.29
2022-03-01T12:00:00+00:00,28.4,1010.6,73.01
2022-03-02T03:00:00+00:00,24.2,1013.3,86.47
2022-03-02T12:00:00+00:00,29.4,1009.2,53.21
2022-03-03T03:00:00+00:00,24.8,1012.4,66.73
2022-03-03T12:00:00+00:00,29.8,1009.6,55.0
2022-03-04T03:00:00+00:00,24.4,1013.3,56.13
2022-03-04T12:00:00+00:00,30.0,1009.8,50.45
2022-03-05T03:00:00+00:00,24.8,1012.6,69.73
2022-03-05T06:00:00+00:00,32.6,1012.7,33.3
2022-03-05T12:00:00+00:00,29.0,1009.2,77.64
2022-03-06T03:00:00+00:00,24.8,1010.9,89.73
2022-03-06T06:00:00+00:00,32.0,1010.9,39.41
2022-03-06T12:00:00+00:00,29.2,1007.8,76.28
2022-03-06T15:00:00+00:00,27.6,1010.2,69.82
2022-03-07T03:00:00+00:00,25.0,1011.3,75.63
2022-03-07T06:00:00+00:00,29.6,1011.5,53.59
2022-03-07T12:00:00+00:00,28.4,1008.0,80.39
2022-03-08T00:00:00+00:00,26.6,1009.3,61.11
2022-03-08T03:00:00+00:00,26.4,1011.2,79.64
2022-03-08T12:00:00+00:00,29.8,1007.8,79.62
2022-03-09T03:00:00+00:00,26.4,1011.4,87.2
2022-03-09T12:00:00+00:00,30.0,1007.9,79.65
2022-03-10T03:00:00+00:00,26.4,1011.6,84.1
2022-03-10T06:00:00+00:00,32.2,1011.4,41.78
2022-03-10T12:00:00+00:00,31.0,1007.4,57.01
2022-03-11T03:00:00+00:00,26.2,1011.5,90.38
2022-03-11T06:00:00+00:00,32.0,1011.4,54.52
2022-03-11T12:00:00+00:00,30.2,1006.9,61.16
2022-03-12T03:00:00+00:00,26.0,1010.9,67.4
2022-03-12T06:00:00+00:00,33.4,1010.8,28.68
2022-03-12T12:00:00+00:00,31.4,1007.5,66.04
2022-03-13T03:00:00+00:00,25.4,1011.0,83.48
2022-03-13T06:00:00+00:00,34.4,1011.2,23.93
2022-03-13T12:00:00+00:00,32.8,1007.7,40.39
2022-03-14T03:00:00+00:00,25.6,1011.6,68.59
2022-03-14T12:00:00+00:00,33.2,1007.4,38.75
2022-03-15T00:00:00+00:00,27.4,1008.2,76.93
2022-03-15T03:00:00+00:00,27.4,1010.4,75.55
2022-03-15T06:00:00+00:00,33.6,1010.0,44.04
2022-03-15T12:00:00+00:00,31.8,1005.5,54.14
2022-03-16T03:00:00+00:00,27.4,1009.4,84.21
2022-03-16T12:00:00+00:00,31.8,1004.4,53.15
2022-03-17T00:00:00+00:00,27.2,1005.6,87.27
2022-03-17T03:00:00+00:00,27.4,1008.2,85.73
2022-03-17T12:00:00+00:00,31.2,1004.2,52.68
2022-03-18T00:00:00+00:00,26.4,1005.8,88.78
2022-03-18T03:00:00+00:00,26.6,1008.2,90.4
2022-03-18T12:00:00+00:00,32.4,1003.2,39.78
2022-03-19T03:00:00+00:00,26.6,1008.0,90.4
2022-03-19T06:00:00+00:00,32.0,1008.1,76.26
2022-03-19T12:00:00+00:00,30.6,1004.4,63.91
2022-03-20T03:00:00+00:00,27.2,1008.2,87.27
2022-03-20T06:00:00+00:00,28.8,1008.8,83.36
2022-03-20T12:00:00+00:00,30.0,1005.9,81.07
2022-03-21T03:00:00+00:00,26.2,1009.3,94.8
2022-03-21T06:00:00+00:00,30.0,1010.2,74.16
2022-03-21T12:00:00+00:00,29.6,1005.9,83.45
2022-03-22T03:00:00+00:00,27.6,1008.7,60.58
2022-03-22T12:00:00+00:00,30.2,1005.2,51.78
2022-03-23T03:00:00+00:00,26.0,1008.5,52.35
2022-03-23T12:00:00+00:00,31.2,1004.0,45.93
2022-03-24T03:00:00+00:00,28.4,1007.5,86.34
2022-03-24T12:00:00+00:00,30.8,1005.6,54.56
2022-03-25T03:00:00+00:00,27.2,1008.9,75.51
2022-03-25T06:00:00+00:00,29.8,1009.7,56.03
2022-03-25T12:00:00+00:00,30.2,1007.0,65.0
2022-03-26T03:00:00+00:00,27.8,1011.5,95.98
2022-03-26T12:00:00+00:00,30.0,1008.9,66.15
2022-03-27T03:00:00+00:00,26.6,1012.3,85.66
2022-03-27T06:00:00+00:00,31.4,1012.5,72.22
2022-03-27T12:00:00+00:00,30.0,1008.6,76.86
2022-03-28T03:00:00+00:00,28.0,1011.9,90.5
2022-03-28T12:00:00+00:00,30.4,1007.2,82.57
2022-03-29T03:00:00+00:00,27.4,1009.9,92.08
2022-03-29T12:00:00+00:00,32.0,1006.3,59.01
2022-03-30T03:00:00+00:00,27.2,1009.7,92.07
2022-03-30T12:00:00+00:00,31.0,1006.6,77.47
2022-03-31T03:00:00+00:00,27.0,1010.2,92.06
2022-03-31T06:00:00+00:00,31.6,1010.8,74.86
2022-03-31T12:00:00+00:00,30.6,1007.9,63.91
2022-04-01T03:00:00+00:00,26.0,1010.4,93.67
2022-04-01T06:00:00+00:00,31.2,1010.7,56.02
2022-04-01T12:00:00+00:00,30.4,1007.0,65.04
2022-04-02T03:00:00+00:00,26.8,1011.1,85.68
2022-04-03T03:00:00+00:00,27.0,1010.9,90.43
2022-04-03T12:00:00+00:00,31.0,1007.1,58.42
2022-04-04T03:00:00+00:00,27.6,1010.2,88.87
2022-04-04T06:00:00+00:00,32.4,1010.6,59.46
2022-04-04T12:00:00+00:00,31.4,1008.3,73.51
2022-04-05T03:00:00+00:00,28.8,1012.4,90.55
2022-04-05T06:00:00+00:00,32.8,1013.0,71.61
2022-04-05T12:00:00+00:00,31.0,1009.0,79.78
2022-04-06T03:00:00+00:00,29.2,1013.2,86.42
2022-04-06T09:00:00+00:00,33.4,1010.4,67.23
2022-04-06T12:00:00+00:00,31.0,1008.8,82.64
2022-04-07T03:00:00+00:00,28.0,1011.8,92.11
2022-04-07T06:00:00+00:00,32.2,1012.3,69.01
2022-04-07T12:00:00+00:00,31.5,1007.6,77.08
2022-04-08T00:00:00+00:00,28.5,1008.8,91.6
2022-04-08T03:00:00+00:00,28.8,1010.4,92.16
2022-04-08T12:00:00+00:00,32.0,1006.3,77.61
2022-04-09T03:00:00+00:00,29.6,1009.9,89.55
2022-04-09T12:00:00+00:00,32.0,1006.6,80.38
2022-04-10T00:00:00+00:00,29.2,1007.7,86.42
2022-04-10T03:00:00+00:00,29.4,1010.2,89.54
2022-04-10T12:00:00+00:00,31.5,1006.4,78.45
2022-04-11T00:00:00+00:00,28.7,1007.7,91.08
2022-04-11T03:00:00+00:00,29.0,1009.4,90.56
2022-04-11T06:00:00+00:00,32.5,1008.8,71.14
2022-04-11T12:00:00+00:00,31.5,1005.3,64.1
2022-04-12T03:00:00+00:00,28.0,1007.9,81.79
2022-04-12T06:00:00+00:00,33.5,1007.8,59.71
2022-04-12T12:00:00+00:00,32.0,1003.6,66.16
2022-04-13T03:00:00+00:00,28.2,1007.1,87.35
2022-04-13T12:00:00+00:00,32.6,1003.3,64.33
2022-04-14T03:00:00+00:00,29.4,1008.4,86.44
2022-04-14T12:00:00+00:00,31.7,1004.7,76.66
2022-04-15T03:00:00+00:00,30.0,1009.0,82.52
2022-04-15T12:00:00+00:00,31.5,1005.0,69.29
2022-04-16T03:00:00+00:00,28.2,1008.2,88.92
2022-04-16T12:00:00+00:00,31.2,1003.7,72.18
2022-04-17T03:00:00+00:00,29.0,1008.7,89.51
2022-04-17T06:00:00+00:00,32.4,1008.8,62.77
2022-04-17T12:00:00+00:00,31.0,1005.8,65.56
2022-04-18T03:00:00+00:00,27.6,1011.1,79.8
2022-04-18T06:00:00+00:00,32.0,1011.6,60.09
2022-04-18T12:00:00+00:00,30.4,1007.5,65.04
2022-04-19T03:00:00+00:00,28.0,1013.1,87.34
2022-04-19T06:00:00+00:00,32.4,1013.3,65.45
2022-04-19T12:00:00+00:00,31.0,1009.0,73.45
2022-04-20T03:00:00+00:00,29.2,1010.4,87.96
2022-04-20T12:00:00+00:00,31.6,1005.5,80.33
2022-04-21T03:00:00+00:00,30.6,1008.4,71.65
2022-04-21T12:00:00+00:00,32.8,1003.7,66.71
2022-04-22T03:00:00+00:00,30.0,1008.7,76.86
2022-04-22T12:00:00+00:00,31.8,1004.3,81.77
2022-04-23T03:00:00+00:00,29.6,1008.9,87.99
2022-04-23T09:00:00+00:00,34.8,1007.4,69.09
2022-04-23T12:00:00+00:00,32.4,1006.3,81.84
2022-04-24T03:00:00+00:00,29.6,1010.1,91.13
2022-04-24T12:00:00+00:00,32.2,1006.1,74.96
2022-04-25T03:00:00+00:00,29.4,1008.4,77.69
2022-04-25T06:00:00+00:00,34.4,1007.9,50.94
2022-04-25T12:00:00+00:00,34.0,1003.8,51.78
2022-04-26T03:00:00+00:00,29.4,1009.3,73.62
2022-04-26T12:00:00+00:00,32.2,1005.5,76.29
2022-04-27T03:00:00+00:00,28.8,1008.0,73.52
2022-04-27T06:00:00+00:00,33.4,1007.7,76.91
2022-04-27T12:00:00+00:00,32.6,1002.9,65.49
2022-04-28T03:00:00+00:00,30.4,1007.8,88.06
2022-04-28T12:00:00+00:00,32.8,1005.4,81.89
2022-04-29T03:00:00+00:00,31.8,1010.7,87.16
2022-04-29T06:00:00+00:00,33.4,1010.3,74.28
2022-04-29T12:00:00+00:00,31.6,1005.6,77.55
2022-04-30T03:00:00+00:00,29.0,1008.4,90.56
2022-04-30T12:00:00+00:00,31.8,1006.2,74.89
2022-05-01T03:00:00+00:00,29.0,1008.4,90.56
2022-05-01T06:00:00+00:00,33.4,1007.5,68.43
2022-05-01T12:00:00+00:00,31.6,1004.6,80.33
2022-05-02T00:00:00+00:00,28.4,1005.7,88.94
2022-05-02T03:00:00+00:00,29.4,1007.6,89.54
2022-05-02T06:00:00+00:00,34.0,1007.5,66.17
2022-05-02T12:00:00+00:00,32.4,1004.7,72.82
2022-05-03T03:00:00+00:00,30.2,1008.2,86.51
2022-05-03T06:00:00+00:00,33.2,1008.3,68.39
2022-05-03T12:00:00+00:00,32.4,1006.1,74.11
2022-05-04T03:00:00+00:00,29.6,1009.1,83.45
2022-05-04T06:00:00+00:00,33.0,1010.1,62.15
2022-05-04T12:00:00+00:00,32.0,1006.5,69.8
2022-05-05T03:00:00+00:00,28.6,1009.5,80.41
2022-05-05T12:00:00+00:00,31.6,1005.7,77.55
2022-05-06T03:00:00+00:00,30.0,1008.9,79.65
2022-05-06T06:00:00+00:00,32.4,1008.5,67.83
2022-05-06T12:00:00+00:00,31.4,1005.4,78.9
2022-05-07T03:00:00+00:00,29.4,1008.5,86.44
2022-05-07T06:00:00+00:00,32.8,1008.4,74.18
2022-05-07T12:00:00+00:00,31.8,1004.7,73.58
2022-05-08T03:00:00+00:00,29.8,1006.5,84.96
2022-05-08T06:00:00+00:00,33.0,1006.5,79.12
2022-05-08T12:00:00+00:00,31.6,1002.4,76.2
2022-05-09T03:00:00+00:00,29.4,1005.4,86.44
2022-05-09T09:00:00+00:00,32.8,1003.3,75.49
2022-05-09T12:00:00+00:00,31.4,1002.1,82.68
2022-05-10T03:00:00+00:00,30.2,1005.4,86.51
2022-05-10T12:00:00+00:00,31.2,1002.4,81.22
2022-05-11T03:00:00+00:00,29.6,1004.9,87.99
2022-05-11T06:00:00+00:00,30.6,1005.5,84.05
2022-05-11T12:00:00+00:00,31.6,1002.3,80.33
2022-05-12T03:00:00+00:00,30.0,1006.4,83.5
2022-05-12T06:00:00+00:00,32.6,1006.2,75.46
2022-05-12T12:00:00+00:00,29.8,1003.1,75.47
2022-05-13T03:00:00+00:00,30.0,1005.9,82.52
2022-05-13T12:00:00+00:00,31.6,1002.5,73.55
2022-05-14T03:00:00+00:00,29.6,1005.4,81.02
2022-05-14T06:00:00+00:00,32.8,1005.9,69.12
2022-05-14T12:00:00+00:00,31.6,1003.7,73.55
2022-05-15T03:00:00+00:00,30.4,1007.0,79.7
2022-05-15T06:00:00+00:00,33.6,1007.4,67.27
2022-05-15T12:00:00+00:00,32.0,1004.6,73.61
2022-05-16T00:00:00+00:00,29.4,1005.7,84.92
2022-05-16T03:00:00+00:00,29.6,1006.8,81.99
2022-05-16T06:00:00+00:00,32.6,1006.9,69.09
2022-05-16T09:00:00+00:00,33.2,1004.5,70.43
2022-05-16T12:00:00+00:00,31.0,1002.1,79.78
2022-05-17T03:00:00+00:00,30.0,1005.4,76.86
2022-05-17T12:00:00+00:00,31.8,1002.3,72.29
2022-05-18T03:00:00+00:00,29.2,1006.3,77.66
2022-05-18T12:00:00+00:00,31.2,1002.8,70.91
2022-05-19T03:00:00+00:00,29.0,1007.1,81.91
2022-05-19T12:00:00+00:00,31.0,1003.2,77.47
2022-05-20T03:00:00+00:00,29.4,1007.5,81.96
2022-05-20T12:00:00+00:00,32.8,1005.4,75.49
2022-05-21T03:00:00+00:00,30.4,1007.3,81.12
2022-05-21T06:00:00+00:00,33.0,1007.6,67.95
2022-05-21T12:00:00+00:00,32.2,1004.8,71.51
2022-05-22T03:00:00+00:00,30.6,1005.8,84.05
2022-05-22T06:00:00+00:00,33.4,1005.9,68.43
2022-05-22T12:00:00+00:00,31.8,1002.7,76.23
2022-05-23T03:00:00+00:00,30.4,1004.3,81.12
2022-05-23T06:00:00+00:00,33.4,1004.5,74.28
2022-05-23T12:00:00+00:00,32.4,1002.7,77.67
2022-05-24T03:00:00+00:00,29.6,1006.5,86.45
2022-05-24T12:00:00+00:00,32.0,1006.3,76.26
2022-05-25T03:00:00+00:00,30.4,1009.8,79.7
2022-05-25T06:00:00+00:00,33.2,1009.6,67.19
2022-05-25T09:00:00+00:00,34.2,1007.8,66.6
2022-05-25T12:00:00+00:00,32.4,1006.7,70.29
2022-05-26T00:00:00+00:00,29.0,1007.5,81.91
2022-05-26T06:00:00+00:00,33.0,1009.4,69.16
2022-05-26T12:00:00+00:00,32.4,1006.2,67.83
2022-05-27T03:00:00+00:00,30.6,1009.1,75.59
2022-05-27T09:00:00+00:00,34.4,1007.5,62.09
2022-05-27T12:00:00+00:00,33.0,1006.0,65.57
2022-05-28T03:00:00+00:00,30.6,1008.0,74.26
2022-05-28T12:00:00+00:00,32.8,1005.6,65.53
2022-05-29T03:00:00+00:00,30.6,1008.5,75.59
2022-05-29T12:00:00+00:00,32.6,1005.5,69.09
2022-05-30T03:00:00+00:00,30.4,1007.8,76.92
2022-05-30T12:00:00+00:00,32.0,1004.9,66.16
2022-05-31T03:00:00+00:00,31.0,1007.3,76.11
2022-05-31T06:00:00+00:00,33.2,1006.7,63.32
2022-05-31T12:00:00+00:00,31.4,1003.5,68.45
2022-06-01T03:00:00+00:00,30.4,1007.7,72.91
2022-06-01T12:00:00+00:00,31.2,1003.9,69.65
2022-06-02T03:00:00+00:00,30.4,1007.4,78.3
2022-06-02T12:00:00+00:00,31.4,1004.3,68.45
2022-06-03T00:00:00+00:00,28.8,1005.7,80.44
2022-06-03T03:00:00+00:00,30.6,1007.3,75.59
2022-06-03T12:00:00+00:00,31.4,1004.4,68.45
2022-06-04T03:00:00+00:00,30.4,1006.9,72.91
2022-06-04T12:00:00+00:00,31.6,1004.0,67.27
2022-06-04T15:00:00+00:00,30.2,1005.4,75.53
2022-06-05T03:00:00+00:00,30.2,1006.2,70.3
2022-06-05T12:00:00+00:00,31.4,1003.9,67.23
2022-06-06T03:00:00+00:00,30.4,1006.6,76.92
2022-06-06T12:00:00+00:00,32.4,1004.8,65.45
2022-06-07T03:00:00+00:00,30.0,1006.3,78.24
2022-06-07T06:00:00+00:00,32.2,1007.0,69.01
2022-06-07T12:00:00+00:00,31.4,1004.9,73.51
2022-06-08T03:00:00+00:00,31.0,1006.7,74.77
2022-06-08T06:00:00+00:00,33.0,1006.8,70.4
2022-06-08T09:00:00+00:00,34.0,1004.8,64.24
2022-06-08T12:00:00+00:00,32.4,1003.5,71.54
2022-06-09T03:00:00+00:00,30.4,1005.7,75.56
2022-06-09T06:00:00+00:00,33.4,1005.4,68.43
2022-06-09T12:00:00+00:00,32.0,1002.3,74.93
2022-06-10T03:00:00+00:00,29.8,1005.2,74.13
2022-06-10T06:00:00+00:00,33.6,1005.6,68.46
2022-06-10T12:00:00+00:00,31.6,1002.9,70.98
2022-06-11T03:00:00+00:00,26.2,1005.8,93.68
2022-06-11T12:00:00+00:00,30.0,1003.8,75.5
2022-06-11T15:00:00+00:00,29.6,1005.2,81.02
2022-06-12T00:00:00+00:00,26.2,1004.0,90.38
2022-06-12T03:00:00+00:00,27.6,1006.2,92.09
2022-06-12T12:00:00+00:00,30.6,1003.6,72.94
2022-06-12T15:00:00+00:00,30.0,1005.4,78.24
2022-06-13T03:00:00+00:00,28.6,1007.6,80.41
2022-06-13T06:00:00+00:00,31.4,1007.9,73.51
2022-06-13T12:00:00+00:00,30.5,1004.6,79.24
2022-06-14T03:00:00+00:00,29.4,1007.6,77.69
2022-06-14T12:00:00+00:00,31.0,1005.4,78.38
2022-06-14T15:00:00+00:00,30.0,1007.1,78.24
2022-06-15T03:00:00+00:00,29.4,1006.6,86.44
2022-06-15T12:00:00+00:00,30.0,1004.9,88.02
2022-06-16T03:00:00+00:00,26.8,1006.3,92.05
2022-06-16T06:00:00+00:00,28.0,1006.4,92.11
2022-06-16T09:00:00+00:00,31.8,1005.4,68.53
2022-06-16T12:00:00+00:00,30.0,1003.8,79.65
2022-06-17T03:00:00+00:00,29.0,1005.6,80.47
2022-06-17T06:00:00+00:00,27.4,1006.1,92.08
2022-06-17T12:00:00+00:00,30.0,1003.5,78.24
2022-06-18T03:00:00+00:00,28.6,1005.5,87.91
2022-06-18T06:00:00+00:00,31.0,1006.0,73.45
2022-06-18T09:00:00+00:00,31.2,1005.4,66.79
2022-06-18T12:00:00+00:00,29.6,1003.9,76.8
2022-06-19T03:00:00+00:00,27.2,1006.3,92.07
2022-06-19T12:00:00+00:00,28.0,1004.5,85.79
2022-06-20T03:00:00+00:00,26.0,1006.0,96.5
2022-06-20T12:00:00+00:00,26.8,1003.3,88.81
2022-06-21T03:00:00+00:00,26.6,1002.7,93.69
2022-06-21T09:00:00+00:00,26.2,1002.4,93.68
2022-06-21T12:00:00+00:00,27.2,1001.0,90.44
2022-06-22T03:00:00+00:00,26.8,1004.2,93.7
2022-06-22T12:00:00+00:00,29.8,1002.7,82.5
2022-06-23T03:00:00+00:00,27.6,1005.8,84.23
2022-06-23T06:00:00+00:00,31.0,1006.2,70.87
2022-06-23T12:00:00+00:00,30.2,1002.4,76.89
2022-06-24T03:00:00+00:00,28.6,1004.7,80.41
2022-06-24T12:00:00+00:00,29.0,1000.7,81.91
2022-06-25T03:00:00+00:00,28.0,1001.5,80.34
2022-06-25T12:00:00+00:00,29.8,998.1,68.56
2022-06-26T03:00:00+00:00,27.6,1000.6,88.87
2022-06-26T06:00:00+00:00,28.8,1001.8,87.92
2022-06-26T12:00:00+00:00,29.2,999.5,83.41
2022-06-27T03:00:00+00:00,27.2,1002.8,90.44
2022-06-27T12:00:00+00:00,29.6,1002.9,79.59
2022-06-28T03:00:00+00:00,27.0,1004.9,93.71
2022-06-28T06:00:00+00:00,26.6,1005.1,92.04
2022-06-28T12:00:00+00:00,28.2,1003.3,88.92
2022-06-29T00:00:00+00:00,27.0,1002.3,96.53
2022-06-29T03:00:00+00:00,28.2,1003.4,92.13
2022-06-29T06:00:00+00:00,27.6,1003.8,95.41
2022-06-29T12:00:00+00:00,27.4,1001.3,96.54
2022-06-30T03:00:00+00:00,26.6,1002.5,96.52
2022-06-30T12:00:00+00:00,25.4,1001.9,96.48
2022-07-01T03:00:00+00:00,25.6,1004.4,96.49
2022-07-01T06:00:00+00:00,26.8,1004.5,93.7
2022-07-01T12:00:00+00:00,26.2,1002.6,94.8
2022-07-02T03:00:00+00:00,28.8,1002.9,86.38
2022-07-02T12:00:00+00:00,30.0,1000.5,79.65
2022-07-03T03:00:00+00:00,29.2,1002.1,83.41
2022-07-03T06:00:00+00:00,31.0,1002.9,72.15
2022-07-03T12:00:00+00:00,29.8,1000.6,79.62
2022-07-04T03:00:00+00:00,28.2,1001.7,92.13
2022-07-04T06:00:00+00:00,29.0,1001.8,77.64
2022-07-04T12:00:00+00:00,26.8,999.8,96.52
2022-07-05T03:00:00+00:00,26.4,1000.5,93.68
2022-07-05T06:00:00+00:00,25.4,1000.9,91.42
2022-07-05T12:00:00+00:00,26.0,998.6,93.67
2022-07-06T03:00:00+00:00,27.2,1000.9,95.4
2022-07-06T06:00:00+00:00,26.8,1002.0,95.38
2022-07-06T12:00:00+00:00,26.2,1000.7,92.01
2022-07-07T03:00:00+00:00,26.2,1004.6,93.68
2022-07-07T06:00:00+00:00,27.0,1005.0,95.39
2022-07-07T12:00:00+00:00,27.0,1003.1,92.06
2022-07-08T03:00:00+00:00,26.8,1004.5,95.38
2022-07-08T06:00:00+00:00,28.8,1004.5,87.92
2022-07-08T12:00:00+00:00,28.2,1002.6,83.3
2022-07-09T03:00:00+00:00,27.8,1006.5,90.48
2022-07-09T12:00:00+00:00,28.0,1001.7,87.34
2022-07-10T03:00:00+00:00,28.2,1003.8,81.82
2022-07-10T06:00:00+00:00,28.8,1004.5,80.44
2022-07-10T12:00:00+00:00,27.6,1003.0,88.87
2022-07-11T03:00:00+00:00,27.8,1005.0,85.77
2022-07-11T06:00:00+00:00,28.8,1005.5,81.89
2022-07-11T12:00:00+00:00,26.8,1003.8,90.42
2022-07-12T03:00:00+00:00,26.8,1005.3,93.7
2022-07-12T06:00:00+00:00,26.8,1005.6,96.52
2022-07-12T12:00:00+00:00,26.8,1003.7,92.05
2022-07-13T03:00:00+00:00,26.8,1002.0,88.81
2022-07-13T06:00:00+00:00,26.6,1003.0,94.81
2022-07-13T12:00:00+00:00,27.0,1000.4,92.06
2022-07-14T03:00:00+00:00,26.4,999.5,93.68
2022-07-14T12:00:00+00:00,26.0,997.1,93.67
2022-07-15T03:00:00+00:00,26.8,999.1,93.7
2022-07-15T06:00:00+00:00,27.8,1000.3,90.48
2022-07-15T12:00:00+00:00,28.2,999.0,86.32
2022-07-16T03:00:00+00:00,27.8,1000.6,88.89
2022-07-16T12:00:00+00:00,26.7,999.8,92.59
2022-07-17T03:00:00+00:00,27.8,1003.8,85.77
2022-07-17T12:00:00+00:00,29.0,1003.3,79.04
2022-07-18T03:00:00+00:00,26.6,1005.3,92.04
2022-07-18T12:00:00+00:00,28.4,1003.6,81.84
2022-07-19T03:00:00+00:00,28.2,1005.7,84.8
2022-07-19T06:00:00+00:00,29.5,1006.5,77.25
2022-07-19T09:00:00+00:00,29.6,1005.4,72.34
2022-07-19T12:00:00+00:00,29.2,1004.8,74.92
2022-07-20T03:00:00+00:00,26.8,1007.0,93.7
2022-07-20T06:00:00+00:00,27.6,1007.6,91.01
2022-07-21T03:00:00+00:00,26.6,1007.0,88.8
2022-07-22T03:00:00+00:00,27.8,1008.4,85.77
2022-07-22T12:00:00+00:00,29.2,1005.6,73.59
2022-07-23T03:00:00+00:00,27.4,1005.9,88.86
2022-07-23T12:00:00+00:00,28.2,1003.7,80.36
2022-07-24T03:00:00+00:00,28.2,1004.9,84.8
2022-07-24T12:00:00+00:00,28.2,1003.6,80.36
2022-07-25T03:00:00+00:00,27.4,1006.3,90.46
2022-07-25T06:00:00+00:00,28.6,1007.1,84.84
2022-07-25T12:00:00+00:00,29.2,1005.2,74.92
2022-07-26T03:00:00+00:00,28.2,1008.6,78.93
2022-07-26T06:00:00+00:00,29.0,1009.2,77.64
2022-07-26T12:00:00+00:00,28.6,1006.7,82.85
2022-07-27T03:00:00+00:00,25.4,1008.4,91.42
2022-07-27T12:00:00+00:00,28.0,1006.4,81.79
2022-07-28T03:00:00+00:00,27.4,1009.9,79.77
2022-07-28T06:00:00+00:00,29.8,1010.2,71.51
2022-07-28T12:00:00+00:00,29.8,1006.8,68.56
2022-07-29T03:00:00+00:00,28.2,1009.1,81.82
2022-07-29T06:00:00+00:00,30.0,1009.5,76.86
2022-07-29T12:00:00+00:00,30.0,1006.0,71.54
2022-07-30T03:00:00+00:00,29.2,1008.7,77.66
2022-07-30T12:00:00+00:00,30.4,1005.6,71.62
2022-07-31T03:00:00+00:00,28.4,1006.6,76.16
2022-07-31T12:00:00+00:00,30.2,1004.0,66.19
2022-08-01T03:00:00+00:00,28.2,1007.2,81.82
2022-08-01T12:00:00+00:00,30.2,1004.5,66.19
2022-08-02T03:00:00+00:00,28.6,1006.2,77.58
2022-08-02T06:00:00+00:00,31.0,1006.0,69.2
2022-08-02T12:00:00+00:00,30.0,1003.1,75.5
2022-08-03T03:00:00+00:00,25.8,1004.6,91.99
2022-08-03T06:00:00+00:00,28.0,1005.2,83.27
2022-08-03T12:00:00+00:00,29.4,1002.2,80.52
2022-08-04T03:00:00+00:00,27.6,1004.1,84.23
2022-08-04T12:00:00+00:00,29.0,1000.3,77.64
2022-08-05T03:00:00+00:00,26.6,1002.1,93.69
2022-08-05T06:00:00+00:00,28.6,1002.0,90.54
2022-08-05T12:00:00+00:00,27.8,999.7,85.77
2022-08-06T03:00:00+00:00,26.0,1001.3,90.36
2022-08-06T12:00:00+00:00,29.4,998.4,81.96
2022-08-07T03:00:00+00:00,27.0,1000.3,95.39
2022-08-07T06:00:00+00:00,30.4,1000.4,82.57
2022-08-07T12:00:00+00:00,26.8,998.7,93.7
2022-08-08T03:00:00+00:00,26.2,999.9,94.8
2022-08-08T12:00:00+00:00,26.4,996.6,96.51
2022-08-09T03:00:00+00:00,26.4,997.8,94.81
2022-08-09T12:00:00+00:00,28.0,996.9,81.79
2022-08-10T03:00:00+00:00,27.8,997.7,85.77
2022-08-10T12:00:00+00:00,26.6,995.6,90.4
2022-08-11T03:00:00+00:00,28.4,998.8,83.32
2022-08-11T06:00:00+00:00,28.6,999.8,83.34
2022-08-11T12:00:00+00:00,27.4,998.5,88.86
2022-08-12T03:00:00+00:00,26.8,1002.0,93.7
2022-08-12T06:00:00+00:00,28.4,1003.4,86.34
2022-08-12T12:00:00+00:00,27.8,1001.7,88.89
2022-08-13T03:00:00+00:00,27.2,1003.9,90.44
2022-08-13T12:00:00+00:00,28.0,1003.5,88.9
2022-08-14T03:00:00+00:00,27.4,1006.5,84.21
2022-08-14T12:00:00+00:00,28.2,1005.5,80.36
2022-08-15T03:00:00+00:00,28.0,1006.3,83.27
2022-08-15T06:00:00+00:00,28.0,1006.4,85.79
2022-08-15T12:00:00+00:00,27.4,1005.2,81.23
2022-08-16T03:00:00+00:00,25.8,1005.5,93.1
2022-08-16T06:00:00+00:00,25.4,1005.5,96.48
2022-08-16T12:00:00+00:00,27.2,1003.8,79.75
2022-08-17T03:00:00+00:00,27.4,1007.2,85.73
2022-08-17T12:00:00+00:00,26.0,1005.6,92.0
2022-08-18T03:00:00+00:00,27.2,1007.4,82.68
2022-08-18T06:00:00+00:00,28.4,1008.0,83.32
2022-08-18T12:00:00+00:00,28.2,1006.0,78.93
2022-08-19T03:00:00+00:00,27.4,1007.6,85.73
2022-08-19T06:00:00+00:00,29.8,1008.0,72.81
2022-08-19T12:00:00+00:00,29.2,1006.2,79.07
2022-08-20T03:00:00+00:00,27.0,1008.1,85.7
2022-08-20T12:00:00+00:00,26.6,1005.8,85.66
2022-08-21T03:00:00+00:00,25.6,1007.2,88.72
2022-08-21T12:00:00+00:00,28.4,1005.0,74.8
2022-08-22T03:00:00+00:00,27.6,1005.5,82.73
2022-08-22T12:00:00+00:00,28.2,1003.7,81.82
2022-08-23T03:00:00+00:00,26.6,1004.7,87.21
2022-08-23T12:00:00+00:00,28.4,1004.3,81.84
2022-08-24T03:00:00+00:00,26.4,1008.3,92.02
2022-08-24T12:00:00+00:00,28.4,1006.3,76.16
2022-08-25T03:00:00+00:00,27.0,1008.2,85.7
2022-08-25T12:00:00+00:00,29.2,1005.9,79.07
2022-08-26T03:00:00+00:00,27.4,1008.2,87.28
2022-08-26T06:00:00+00:00,29.6,1008.7,79.59
2022-08-26T12:00:00+00:00,29.4,1006.2,68.48
2022-08-27T03:00:00+00:00,28.0,1008.6,81.79
2022-08-27T06:00:00+00:00,30.6,1009.0,70.38
2022-08-27T12:00:00+00:00,29.4,1006.0,65.63
2022-08-28T03:00:00+00:00,27.2,1008.2,88.84
2022-08-28T06:00:00+00:00,30.6,1008.6,67.89
2022-08-28T12:00:00+00:00,29.4,1005.4,71.01
2022-08-29T03:00:00+00:00,25.2,1010.1,93.07
2022-08-29T12:00:00+00:00,29.4,1007.1,65.63
2022-08-30T03:00:00+00:00,27.8,1009.9,87.32
2022-08-30T12:00:00+00:00,29.6,1006.6,78.19
2022-08-31T03:00:00+00:00,28.0,1008.3,87.34
2022-08-31T06:00:00+00:00,31.0,1008.2,76.11
2022-08-31T09:00:00+00:00,31.0,1005.2,74.77
2022-08-31T12:00:00+00:00,30.0,1004.0,81.07
2022-09-01T03:00:00+00:00,25.8,1007.7,88.73
2022-09-01T06:00:00+00:00,29.6,1007.4,76.8
2022-09-01T09:00:00+00:00,31.0,1005.6,76.11
2022-09-01T12:00:00+00:00,30.0,1005.0,81.07
2022-09-02T03:00:00+00:00,28.4,1006.6,88.94
2022-09-02T12:00:00+00:00,30.2,1005.9,84.01
2022-09-03T03:00:00+00:00,28.2,1008.6,86.32
2022-09-03T06:00:00+00:00,32.4,1008.8,71.54
2022-09-03T12:00:00+00:00,30.4,1005.2,81.12
2022-09-04T03:00:00+00:00,27.8,1008.8,90.48
2022-09-04T06:00:00+00:00,28.4,1008.8,90.52
2022-09-04T12:00:00+00:00,28.6,1006.2,81.87
2022-09-05T03:00:00+00:00,28.8,1009.6,77.61
2022-09-05T12:00:00+00:00,29.6,1005.7,71.05
2022-09-06T00:00:00+00:00,26.4,1006.3,92.02
2022-09-06T03:00:00+00:00,26.0,1008.8,92.0
2022-09-06T06:00:00+00:00,27.0,1009.1,93.71
2022-09-06T12:00:00+00:00,29.0,1005.0,72.23
2022-09-07T03:00:00+00:00,28.4,1007.7,86.34
2022-09-07T12:00:00+00:00,30.0,1005.7,84.98
2022-09-08T03:00:00+00:00,26.2,1006.6,94.8
2022-09-08T06:00:00+00:00,29.2,1005.9,83.41
2022-09-08T12:00:00+00:00,29.0,1003.1,92.17
2022-09-09T03:00:00+00:00,27.0,1005.3,93.71
2022-09-09T12:00:00+00:00,29.0,1002.2,86.4
2022-09-10T03:00:00+00:00,27.4,1005.8,92.08
2022-09-10T06:00:00+00:00,30.4,1005.5,74.23
2022-09-10T12:00:00+00:00,29.2,1002.1,81.94
2022-09-11T03:00:00+00:00,27.6,1003.9,84.23
2022-09-11T12:00:00+00:00,29.8,999.8,75.47
2022-09-12T03:00:00+00:00,27.4,1001.5,95.4
2022-09-12T06:00:00+00:00,29.4,1002.0,87.97
2022-09-12T09:00:00+00:00,30.0,1000.2,79.65
2022-09-12T12:00:00+00:00,29.0,999.6,74.89
2022-09-13T03:00:00+00:00,26.2,1002.9,94.8
2022-09-13T12:00:00+00:00,28.0,1002.0,90.5
2022-09-14T03:00:00+00:00,28.0,1006.6,88.9
2022-09-14T12:00:00+00:00,28.0,1005.0,87.34
2022-09-15T03:00:00+00:00,27.4,1008.1,88.86
2022-09-15T12:00:00+00:00,27.2,1006.2,92.07
2022-09-16T03:00:00+00:00,27.0,1007.2,95.39
2022-09-16T12:00:00+00:00,27.4,1005.2,92.08
2022-09-17T03:00:00+00:00,26.4,1007.2,87.2
2022-09-17T12:00:00+00:00,28.2,1005.9,90.51
2022-09-18T03:00:00+00:00,25.2,1009.8,89.76
2022-09-18T12:00:00+00:00,27.5,1007.3,79.31
2022-09-19T03:00:00+00:00,24.4,1010.3,96.46
2022-09-19T12:00:00+00:00,25.4,1008.9,91.42
2022-09-20T03:00:00+00:00,25.6,1010.6,88.72
2022-09-20T12:00:00+00:00,25.8,1007.4,91.99
2022-09-21T03:00:00+00:00,24.0,1010.5,91.33
2022-09-21T12:00:00+00:00,24.7,1007.8,91.93
2022-09-22T03:00:00+00:00,25.6,1010.2,87.12
2022-09-22T12:00:00+00:00,25.7,1008.6,86.09
2022-09-23T03:00:00+00:00,26.2,1010.5,90.38
2022-09-23T06:00:00+00:00,29.6,1010.4,71.05
2022-09-23T09:00:00+00:00,30.4,1008.6,65.04
2022-09-23T12:00:00+00:00,28.5,1007.9,71.28
2022-09-24T03:00:00+00:00,26.8,1009.7,90.42
2022-09-24T12:00:00+00:00,29.5,1006.3,77.25
2022-09-25T03:00:00+00:00,26.2,1009.4,90.38
2022-09-25T12:00:00+00:00,29.2,1007.1,72.27
2022-09-26T03:00:00+00:00,26.0,1011.8,80.56
2022-09-26T12:00:00+00:00,28.0,1008.7,70.33
2022-09-27T03:00:00+00:00,25.8,1010.3,82.02
2022-09-27T12:00:00+00:00,28.5,1007.4,71.28
2022-09-28T03:00:00+00:00,27.0,1009.2,84.17
2022-09-28T06:00:00+00:00,29.5,1009.2,71.89
2022-09-28T12:00:00+00:00,29.7,1005.9,71.92
2022-09-29T03:00:00+00:00,27.4,1008.6,78.34
2022-09-29T06:00:00+00:00,27.5,1008.6,79.31
2022-09-29T12:00:00+00:00,29.0,1005.4,76.25
2022-09-30T03:00:00+00:00,27.4,1009.3,90.46
2022-09-30T06:00:00+00:00,30.0,1009.3,76.86
2022-09-30T09:00:00+00:00,31.2,1006.7,81.22
2022-09-30T12:00:00+00:00,29.7,1005.8,78.67
2022-10-01T00:00:00+00:00,27.2,1008.3,87.27
2022-10-01T03:00:00+00:00,25.8,1010.0,91.99
2022-10-01T12:00:00+00:00,29.5,1007.4,75.87
2022-10-02T03:00:00+00:00,27.4,1010.3,85.73
2022-10-02T06:00:00+00:00,30.5,1010.7,64.67
2022-10-02T12:00:00+00:00,29.5,1007.6,70.6
2022-10-03T03:00:00+00:00,27.6,1010.6,90.47
2022-10-03T06:00:00+00:00,30.5,1010.9,62.36
2022-10-03T12:00:00+00:00,30.0,1007.8,66.15
2022-10-04T03:00:00+00:00,27.6,1010.8,85.75
2022-10-04T12:00:00+00:00,29.2,1007.0,83.41
2022-10-05T03:00:00+00:00,28.4,1009.8,88.94
2022-10-05T06:00:00+00:00,30.0,1009.2,82.52
2022-10-05T12:00:00+00:00,29.2,1005.7,80.49
2022-10-06T03:00:00+00:00,28.4,1007.6,88.94
2022-10-06T06:00:00+00:00,28.4,1007.1,87.89
2022-10-06T12:00:00+00:00,27.0,1004.7,84.17
2022-10-07T03:00:00+00:00,27.0,1005.4,95.39
2022-10-07T12:00:00+00:00,25.6,1004.1,90.33
2022-10-08T03:00:00+00:00,24.8,1008.9,93.05
2022-10-08T09:00:00+00:00,27.4,1006.8,82.71
2022-10-08T12:00:00+00:00,26.2,1006.7,88.76
2022-10-09T00:00:00+00:00,25.8,1008.4,90.35
2022-10-09T03:00:00+00:00,25.8,1010.6,91.99
2022-10-09T12:00:00+00:00,28.2,1007.6,78.93
2022-10-10T03:00:00+00:00,27.0,1011.9,88.83
2022-10-10T12:00:00+00:00,29.0,1008.1,77.64
2022-10-11T03:00:00+00:00,27.6,1009.7,88.87
2022-10-11T12:00:00+00:00,27.6,1007.1,81.25
2022-10-12T03:00:00+00:00,26.6,1010.8,92.04
2022-10-12T12:00:00+00:00,29.4,1007.9,80.52
2022-10-13T03:00:00+00:00,27.4,1010.8,90.46
2022-10-13T06:00:00+00:00,30.4,1010.8,71.62
2022-10-13T12:00:00+00:00,26.8,1007.9,93.7
2022-10-14T03:00:00+00:00,27.2,1010.1,85.71
2022-10-14T06:00:00+00:00,30.0,1010.2,71.54
2022-10-14T12:00:00+00:00,28.4,1008.9,73.01
2022-10-15T03:00:00+00:00,26.6,1010.1,92.04
2022-10-15T09:00:00+00:00,31.0,1007.1,60.6
2022-10-15T12:00:00+00:00,30.0,1006.6,66.15
2022-10-16T03:00:00+00:00,26.8,1010.9,62.31
2022-10-16T12:00:00+00:00,32.4,1008.0,65.45
2022-10-17T06:00:00+00:00,32.2,1011.5,65.02
2022-10-17T12:00:00+00:00,29.8,1009.4,83.48
2022-10-18T03:00:00+00:00,27.8,1012.2,90.48
2022-10-18T06:00:00+00:00,29.6,1012.1,81.99
2022-10-18T12:00:00+00:00,29.4,1009.1,80.52
2022-10-19T03:00:00+00:00,27.4,1011.5,90.46
2022-10-19T06:00:00+00:00,31.0,1011.8,72.15
2022-10-19T12:00:00+00:00,29.8,1008.1,78.21
2022-10-20T03:00:00+00:00,28.0,1012.4,90.5
2022-10-20T12:00:00+00:00,29.2,1009.3,79.07
2022-10-21T03:00:00+00:00,28.4,1012.9,88.94
2022-10-21T12:00:00+00:00,31.0,1010.5,77.47
2022-10-22T03:00:00+00:00,28.4,1014.2,78.96
2022-10-22T06:00:00+00:00,32.2,1014.0,60.5
2022-10-22T09:00:00+00:00,33.0,1011.4,55.43
2022-10-22T12:00:00+00:00,32.2,1011.3,55.58
2022-10-23T03:00:00+00:00,26.2,1014.6,73.08
2022-10-23T06:00:00+00:00,32.0,1014.4,39.41
2022-10-23T12:00:00+00:00,31.0,1010.8,50.08
2022-10-24T03:00:00+00:00,25.4,1013.1,85.02
2022-10-24T09:00:00+00:00,31.6,1009.3,40.06
2022-10-24T12:00:00+00:00,30.2,1008.7,55.09
2022-10-25T03:00:00+00:00,26.0,1012.2,90.36
2022-10-25T06:00:00+00:00,29.8,1012.8,68.56
2022-10-25T12:00:00+00:00,29.4,1010.5,68.48
2022-10-26T03:00:00+00:00,25.6,1014.4,90.33
2022-10-26T06:00:00+00:00,30.4,1014.2,56.52
2022-10-26T09:00:00+00:00,32.2,1011.5,53.58
2022-10-26T12:00:00+00:00,29.6,1011.3,64.48
2022-10-27T00:00:00+00:00,25.0,1012.1,80.43
2022-10-27T03:00:00+00:00,26.0,1014.3,79.1
2022-10-27T12:00:00+00:00,29.2,1010.5,66.8
2022-10-28T03:00:00+00:00,25.6,1013.6,79.05
2022-10-28T12:00:00+00:00,30.0,1009.6,66.15
2022-10-29T03:00:00+00:00,25.4,1013.7,81.97
2022-10-29T06:00:00+00:00,30.2,1013.8,47.13
2022-10-29T12:00:00+00:00,31.4,1008.6,45.12
2022-10-30T03:00:00+00:00,25.6,1013.9,71.63
2022-10-30T06:00:00+00:00,32.0,1013.3,44.72
2022-10-30T12:00:00+00:00,29.4,1010.1,69.73
2022-10-31T03:00:00+00:00,25.6,1013.2,87.12
2022-10-31T12:00:00+00:00,28.8,1009.8,73.52
2022-11-01T03:00:00+00:00,25.2,1014.1,69.8
2022-11-01T06:00:00+00:00,31.0,1013.7,52.3
2022-11-01T12:00:00+00:00,30.4,1010.2,40.77
2022-11-02T03:00:00+00:00,25.6,1013.5,72.97
2022-11-02T12:00:00+00:00,29.0,1009.5,81.91
2022-11-03T03:00:00+00:00,25.4,1013.2,83.48
2022-11-03T12:00:00+00:00,29.2,1009.4,74.92
2022-11-04T03:00:00+00:00,25.0,1013.6,81.92
2022-11-04T12:00:00+00:00,30.0,1010.6,64.96
2022-11-05T00:00:00+00:00,25.2,1012.0,83.46
2022-11-05T03:00:00+00:00,25.4,1014.1,81.97
2022-11-05T06:00:00+00:00,31.6,1014.5,45.18
2022-11-05T12:00:00+00:00,30.2,1011.8,74.19
2022-11-06T03:00:00+00:00,25.0,1014.8,81.92
2022-11-06T12:00:00+00:00,30.2,1011.9,69.05
2022-11-07T03:00:00+00:00,25.2,1014.9,88.15
2022-11-07T12:00:00+00:00,28.6,1011.3,67.91
2022-11-08T03:00:00+00:00,25.2,1014.4,83.46
2022-11-08T06:00:00+00:00,30.2,1014.5,50.5
2022-11-08T12:00:00+00:00,28.6,1011.3,70.44
2022-11-09T03:00:00+00:00,25.4,1014.3,83.48
2022-11-09T06:00:00+00:00,30.4,1014.3,58.64
2022-11-09T12:00:00+00:00,29.0,1010.8,65.55
2022-11-10T03:00:00+00:00,25.8,1014.6,84.04
2022-11-10T12:00:00+00:00,28.8,1011.2,56.48
2022-11-11T03:00:00+00:00,25.2,1015.3,72.91
2022-11-11T12:00:00+00:00,30.0,1010.8,58.55
2022-11-12T03:00:00+00:00,26.4,1015.2,60.68
2022-11-12T06:00:00+00:00,32.2,1014.3,35.63
2022-11-12T12:00:00+00:00,29.6,1010.6,63.31
2022-11-13T03:00:00+00:00,26.0,1013.5,66.15
2022-11-13T12:00:00+00:00,29.6,1010.0,57.03
2022-11-14T03:00:00+00:00,25.6,1013.6,77.61
2022-11-14T06:00:00+00:00,30.4,1013.3,55.48
2022-11-14T12:00:00+00:00,29.0,1010.6,71.8
2022-11-15T03:00:00+00:00,25.2,1014.9,88.15
2022-11-15T06:00:00+00:00,29.4,1014.5,56.98
2022-11-15T12:00:00+00:00,29.4,1010.7,68.48
2022-11-16T03:00:00+00:00,25.0,1014.2,84.98
2022-11-16T06:00:00+00:00,29.8,1013.8,50.08
2022-11-16T12:00:00+00:00,28.4,1010.2,67.87
2022-11-17T03:00:00+00:00,24.8,1013.8,78.45
2022-11-17T12:00:00+00:00,28.2,1010.3,62.24
2022-11-18T03:00:00+00:00,24.6,1014.0,62.22
2022-11-18T12:00:00+00:00,28.2,1010.3,59.59
2022-11-19T03:00:00+00:00,23.8,1014.3,65.69
2022-11-19T12:00:00+00:00,28.2,1010.0,59.59
2022-11-20T03:00:00+00:00,24.0,1013.8,60.13
2022-11-20T06:00:00+00:00,28.4,1013.5,45.18
2022-11-20T12:00:00+00:00,26.8,1009.3,59.64
2022-11-21T03:00:00+00:00,23.4,1013.5,62.34
2022-11-21T12:00:00+00:00,26.8,1009.8,48.04
2022-11-22T03:00:00+00:00,23.4,1012.9,71.68
2022-11-22T12:00:00+00:00,26.6,1009.2,66.68
2022-11-23T03:00:00+00:00,24.4,1012.8,66.23
2022-11-23T12:00:00+00:00,27.8,1009.7,64.5
2022-11-24T03:00:00+00:00,23.8,1012.3,79.78
2022-11-24T09:00:00+00:00,30.6,1009.1,55.53
2022-11-24T12:00:00+00:00,28.0,1009.3,77.49
2022-11-25T03:00:00+00:00,24.8,1012.3,81.9
2022-11-25T06:00:00+00:00,30.0,1012.5,52.7
2022-11-25T12:00:00+00:00,28.4,1010.1,67.87
2022-11-26T03:00:00+00:00,26.2,1012.1,87.18
2022-11-26T06:00:00+00:00,30.8,1011.5,54.56
2022-11-26T12:00:00+00:00,29.4,1008.5,73.62
2022-11-27T03:00:00+00:00,25.8,1010.2,87.14
2022-11-27T12:00:00+00:00,28.4,1006.9,84.82
2022-11-28T03:00:00+00:00,25.0,1010.5,80.43
2022-11-28T06:00:00+00:00,29.4,1010.8,50.93
2022-11-28T12:00:00+00:00,27.6,1008.9,71.55
2022-11-29T03:00:00+00:00,22.8,1011.7,89.59
2022-11-29T06:00:00+00:00,27.6,1011.8,46.43
2022-11-29T12:00:00+00:00,26.8,1009.2,74.99
2022-11-30T03:00:00+00:00,24.4,1012.6,84.92
2022-11-30T12:00:00+00:00,29.0,1009.9,72.23
2022-12-01T03:00:00+00:00,24.2,1013.1,78.36
2022-12-01T06:00:00+00:00,30.2,1012.6,40.45
2022-12-01T12:00:00+00:00,27.8,1009.1,70.29
2022-12-02T03:00:00+00:00,24.0,1011.7,84.87
2022-12-02T06:00:00+00:00,28.6,1012.1,50.4
2022-12-02T12:00:00+00:00,28.6,1009.1,57.5
2022-12-03T03:00:00+00:00,24.4,1011.8,83.37
2022-12-03T06:00:00+00:00,29.2,1011.5,53.16
2022-12-03T12:00:00+00:00,28.6,1009.1,57.5
2022-12-04T03:00:00+00:00,26.0,1012.4,84.06
2022-12-04T06:00:00+00:00,29.8,1012.6,58.5
2022-12-04T12:00:00+00:00,28.0,1009.5,74.28
2022-12-05T03:00:00+00:00,26.0,1013.5,90.36
2022-12-05T12:00:00+00:00,27.8,1010.4,82.75
2022-12-06T00:00:00+00:00,25.6,1011.4,91.43
2022-12-06T03:00:00+00:00,25.8,1013.3,90.35
2022-12-06T06:00:00+00:00,29.8,1013.1,58.5
2022-12-06T12:00:00+00:00,27.8,1009.8,82.75
2022-12-07T03:00:00+00:00,25.8,1012.9,91.99
2022-12-07T12:00:00+00:00,28.0,1009.9,83.27
2022-12-08T03:00:00+00:00,24.8,1013.6,84.96
2022-12-08T06:00:00+00:00,29.2,1013.4,56.93
2022-12-08T12:00:00+00:00,28.8,1009.7,67.95
2022-12-09T03:00:00+00:00,23.6,1011.3,59.65
2022-12-09T06:00:00+00:00,29.4,1010.9,28.74
2022-12-09T12:00:00+00:00,27.4,1007.4,48.82
2022-12-10T03:00:00+00:00,22.6,1011.2,75.72
2022-12-10T06:00:00+00:00,29.0,1010.8,40.12
2022-12-10T12:00:00+00:00,27.6,1007.3,57.99
2022-12-11T03:00:00+00:00,22.4,1011.1,77.61
2022-12-11T06:00:00+00:00,30.2,1011.6,38.17
2022-12-11T12:00:00+00:00,28.8,1008.3,61.6
2022-12-12T03:00:00+00:00,25.8,1010.9,71.67
2022-12-12T06:00:00+00:00,31.2,1011.2,57.41
2022-12-12T12:00:00+00:00,29.0,1007.4,72.23
2022-12-13T00:00:00+00:00,27.0,1009.1,82.66
2022-12-13T03:00:00+00:00,27.2,1011.4,82.68
2022-12-13T12:00:00+00:00,31.8,1008.0,54.14
2022-12-14T03:00:00+00:00,27.4,1011.5,87.28
2022-12-14T12:00:00+00:00,29.2,1009.9,80.49
2022-12-15T03:00:00+00:00,26.6,1011.9,85.66
2022-12-15T12:00:00+00:00,28.8,1009.1,77.61
2022-12-16T03:00:00+00:00,26.2,1011.9,87.18
2022-12-16T06:00:00+00:00,31.0,1011.7,58.42
2022-12-16T12:00:00+00:00,30.0,1008.7,78.24
2022-12-17T03:00:00+00:00,26.6,1013.0,85.66
2022-12-17T12:00:00+00:00,29.6,1009.5,81.02
2022-12-18T00:00:00+00:00,26.4,1010.5,84.1
2022-12-18T03:00:00+00:00,26.2,1012.5,82.57
2022-12-18T12:00:00+00:00,29.6,1009.1,74.1
2022-12-19T03:00:00+00:00,26.0,1011.7,77.67
2022-12-19T12:00:00+00:00,29.0,1007.7,64.36
2022-12-20T03:00:00+00:00,25.0,1011.3,77.04
2022-12-20T06:00:00+00:00,30.6,1011.2,28.49
2022-12-20T09:00:00+00:00,31.0,1007.8,38.15
2022-12-20T12:00:00+00:00,28.0,1007.1,62.19
2022-12-21T03:00:00+00:00,25.0,1011.2,83.44
2022-12-21T06:00:00+00:00,29.4,1011.7,48.42
2022-12-21T12:00:00+00:00,28.2,1008.8,67.42
2022-12-22T03:00:00+00:00,24.2,1011.1,84.89
2022-12-22T09:00:00+00:00,29.4,1008.9,65.63
2022-12-22T12:00:00+00:00,27.8,1008.4,74.25
2022-12-23T03:00:00+00:00,23.0,1011.9,87.96
2022-12-23T12:00:00+00:00,26.4,1009.3,59.55
2022-12-24T03:00:00+00:00,20.0,1013.6,68.8
2022-12-24T12:00:00+00:00,25.2,1009.7,42.3
2022-12-25T03:00:00+00:00,20.2,1013.0,77.78
2022-12-25T09:00:00+00:00,27.4,1010.7,42.63
2022-12-25T12:00:00+00:00,25.8,1010.7,60.16
2022-12-26T00:00:00+00:00,20.4,1011.4,87.19
2022-12-26T03:00:00+00:00,20.8,1013.9,87.23
2022-12-26T12:00:00+00:00,26.2,1012.4,64.96
2022-12-27T03:00:00+00:00,22.0,1014.8,80.53
2022-12-27T12:00:00+00:00,26.8,1012.2,67.97
2022-12-28T03:00:00+00:00,22.0,1016.0,88.98
2022-12-28T12:00:00+00:00,27.0,1013.1,75.48
2022-12-29T03:00:00+00:00,22.4,1016.9,89.56
2022-12-29T12:00:00+00:00,27.4,1014.7,65.62
2022-12-30T03:00:00+00:00,22.6,1018.0,87.39
2022-12-30T12:00:00+00:00,27.8,1015.3,72.91
2022-12-31T03:00:00+00:00,22.4,1018.1,79.09
2022-12-31T06:00:00+00:00,27.8,1018.2,55.54
2022-12-31T12:00:00+00:00,27.0,1014.7,60.06
2023-01-01T03:00:00+00:00,20.0,1017.1,77.75
2023-01-01T12:00:00+00:00,25.8,1014.3,64.47
2023-01-02T03:00:00+00:00,20.4,1016.2,87.19
2023-01-02T12:00:00+00:00,26.4,1013.3,72.22
2023-01-03T03:00:00+00:00,21.4,1016.2,87.28
2023-01-03T06:00:00+00:00,27.4,1016.5,59.04
2023-01-03T12:00:00+00:00,25.6,1012.9,74.34
2023-01-04T03:00:00+00:00,21.0,1015.1,81.94
2023-01-04T12:00:00+00:00,25.6,1011.7,69.88
2023-01-05T03:00:00+00:00,22.2,1015.4,85.74
2023-01-05T12:00:00+00:00,27.4,1013.0,67.26
2023-01-06T03:00:00+00:00,24.5,1017.4,82.87
2023-01-06T12:00:00+00:00,29.0,1014.3,64.36
2023-01-07T03:00:00+00:00,25.0,1017.4,86.54
2023-01-07T12:00:00+00:00,28.2,1013.9,76.13
2023-01-08T03:00:00+00:00,24.2,1016.6,81.32
2023-01-08T12:00:00+00:00,27.6,1013.0,61.72
2023-01-09T03:00:00+00:00,23.0,1017.6,72.98
2023-01-09T06:00:00+00:00,28.2,1018.2,34.52
2023-01-09T12:00:00+00:00,26.6,1014.3,46.46
2023-01-10T03:00:00+00:00,21.6,1017.3,71.81
2023-01-10T12:00:00+00:00,27.0,1013.2,62.75
2023-01-11T03:00:00+00:00,21.4,1015.1,78.45
2023-01-11T06:00:00+00:00,26.6,1015.7,55.6
2023-01-11T12:00:00+00:00,25.4,1011.9,76.63
2023-01-12T03:00:00+00:00,21.0,1014.4,78.39
2023-01-12T12:00:00+00:00,25.4,1011.1,74.31
2023-01-13T03:00:00+00:00,22.0,1015.0,87.34
2023-01-13T12:00:00+00:00,24.6,1012.5,62.22
2023-01-14T03:00:00+00:00,19.0,1015.5,66.39
2023-01-14T06:00:00+00:00,24.0,1015.6,50.17
2023-01-14T12:00:00+00:00,23.4,1012.2,44.99
2023-01-15T00:00:00+00:00,17.4,1011.6,63.04
2023-01-15T03:00:00+00:00,19.4,1013.7,71.87
2023-01-15T09:00:00+00:00,26.0,1010.4,49.72
2023-01-15T12:00:00+00:00,24.6,1010.1,57.63
2023-01-16T03:00:00+00:00,19.6,1013.9,88.23
2023-01-16T12:00:00+00:00,24.0,1010.6,64.5
2023-01-17T03:00:00+00:00,19.8,1013.8,86.59
2023-01-17T06:00:00+00:00,24.8,1014.6,65.08
2023-01-17T12:00:00+00:00,24.8,1011.2,69.73
2023-01-18T03:00:00+00:00,20.4,1014.7,77.81
2023-01-18T06:00:00+00:00,26.0,1015.4,57.6
2023-01-18T12:00:00+00:00,27.4,1011.7,56.5
2023-01-19T03:00:00+00:00,20.0,1015.3,93.97
2023-01-19T06:00:00+00:00,25.4,1015.7,68.55
2023-01-19T09:00:00+00:00,28.0,1012.4,59.55
2023-01-19T12:00:00+00:00,26.2,1011.6,67.44
2023-01-20T03:00:00+00:00,20.6,1014.7,92.26
2023-01-20T12:00:00+00:00,26.2,1012.0,63.36
2023-01-21T00:00:00+00:00,21.2,1013.1,85.64
2023-01-21T03:00:00+00:00,21.8,1015.3,88.96
2023-01-21T12:00:00+00:00,25.6,1012.0,35.43
2023-01-22T03:00:00+00:00,20.6,1014.7,51.62
2023-01-22T12:00:00+00:00,23.6,1011.3,51.06
2023-01-23T00:00:00+00:00,19.2,1011.7,66.43
2023-01-23T03:00:00+00:00,20.0,1013.7,55.76
2023-01-23T06:00:00+00:00,24.4,1014.2,50.27
2023-01-23T09:00:00+00:00,25.2,1011.1,46.08
2023-01-23T12:00:00+00:00,23.2,1010.7,51.96
2023-01-24T03:00:00+00:00,20.0,1014.0,50.78
2023-01-24T12:00:00+00:00,23.4,1011.6,52.02
2023-01-25T03:00:00+00:00,19.4,1014.4,58.26
2023-01-25T06:00:00+00:00,23.8,1014.2,46.93
2023-01-25T12:00:00+00:00,23.6,1011.3,51.06
2023-01-26T03:00:00+00:00,20.0,1013.6,55.76
2023-01-26T06:00:00+00:00,24.8,1013.6,49.73
2023-01-26T12:00:00+00:00,25.0,1010.3,69.76
2023-01-27T03:00:00+00:00,22.2,1012.5,79.06
2023-01-27T06:00:00+00:00,28.0,1012.5,50.57
2023-01-27T12:00:00+00:00,26.2,1009.4,74.9
2023-01-28T03:00:00+00:00,22.6,1012.1,89.57
2023-01-28T06:00:00+00:00,28.0,1012.0,42.25
2023-01-28T12:00:00+00:00,27.4,1008.4,78.34
2023-01-29T03:00:00+00:00,23.0,1011.3,84.25
2023-01-29T12:00:00+00:00,26.6,1008.4,78.23
2023-01-30T03:00:00+00:00,23.0,1014.3,82.69
2023-01-30T12:00:00+00:00,24.6,1011.6,78.42
2023-01-31T03:00:00+00:00,22.0,1014.2,73.73
2023-01-31T12:00:00+00:00,26.2,1010.1,73.53
2023-02-01T03:00:00+00:00,23.4,1012.9,76.32
2023-02-01T12:00:00+00:00,27.0,1009.9,69.71
2023-02-02T03:00:00+00:00,25.0,1013.5,53.8
2023-02-02T06:00:00+00:00,29.4,1013.7,38.45
2023-02-02T12:00:00+00:00,27.4,1010.3,67.26
2023-02-03T03:00:00+00:00,22.4,1014.3,72.41
2023-02-03T06:00:00+00:00,30.0,1014.7,31.73
2023-02-03T09:00:00+00:00,30.2,1011.4,48.33
2023-02-03T12:00:00+00:00,27.0,1010.9,63.93
2023-02-04T03:00:00+00:00,22.0,1012.7,68.75
2023-02-04T09:00:00+00:00,29.4,1010.2,48.42
2023-02-04T12:00:00+00:00,28.2,1009.5,58.49
2023-02-05T03:00:00+00:00,22.0,1011.9,87.34
2023-02-05T06:00:00+00:00,28.4,1012.5,41.54
2023-02-05T12:00:00+00:00,27.4,1009.3,72.84
2023-02-06T03:00:00+00:00,21.4,1012.6,92.88
2023-02-06T12:00:00+00:00,27.2,1009.8,46.03
2023-02-07T03:00:00+00:00,22.4,1012.7,72.41
2023-02-07T12:00:00+00:00,26.6,1009.3,59.6
2023-02-08T03:00:00+00:00,21.8,1012.8,88.96
2023-02-08T12:00:00+00:00,27.4,1009.5,61.67
2023-02-09T03:00:00+00:00,22.0,1012.2,77.07
2023-02-09T06:00:00+00:00,30.0,1013.0,41.18
2023-02-09T12:00:00+00:00,28.8,1010.4,63.92
2023-02-10T03:00:00+00:00,22.0,1014.4,82.06
2023-02-10T06:00:00+00:00,28.6,1015.0,50.08
2023-02-10T12:00:00+00:00,27.0,1010.6,69.71
2023-02-11T03:00:00+00:00,21.4,1015.5,69.96
2023-02-11T06:00:00+00:00,28.6,1015.8,37.24
2023-02-11T12:00:00+00:00,27.2,1011.7,48.46
2023-02-12T03:00:00+00:00,20.0,1015.0,64.04
2023-02-12T12:00:00+00:00,28.4,1011.6,50.99
2023-02-13T03:00:00+00:00,25.4,1015.0,50.21
2023-02-13T06:00:00+00:00,32.8,1015.6,15.66
2023-02-13T09:00:00+00:00,32.0,1012.0,42.53
2023-02-13T12:00:00+00:00,28.0,1011.4,55.59
2023-02-14T00:00:00+00:00,22.8,1012.9,74.34
2023-02-14T03:00:00+00:00,23.0,1015.3,68.08
2023-02-14T12:00:00+00:00,28.2,1010.8,69.09
2023-02-15T03:00:00+00:00,22.8,1013.2,69.79
2023-02-15T12:00:00+00:00,28.6,1009.2,66.68
2023-02-16T00:00:00+00:00,23.0,1010.7,76.26
2023-02-16T03:00:00+00:00,22.6,1013.4,72.91
2023-02-16T12:00:00+00:00,30.0,1010.0,40.14
2023-02-17T03:00:00+00:00,24.4,1013.8,66.23
2023-02-17T12:00:00+00:00,31.0,1010.1,43.62
2023-02-18T03:00:00+00:00,24.6,1013.5,72.35
2023-02-18T12:00:00+00:00,29.8,1009.9,59.59
2023-02-19T03:00:00+00:00,23.6,1013.9,73.08
2023-02-19T12:00:00+00:00,28.0,1009.9,72.94
2023-02-20T03:00:00+00:00,24.0,1014.1,88.05
2023-02-20T06:00:00+00:00,29.6,1014.2,60.66
2023-02-20T12:00:00+00:00,29.0,1010.8,76.25
2023-02-21T03:00:00+00:00,24.0,1014.5,91.33
2023-02-21T06:00:00+00:00,30.0,1014.8,42.25
2023-02-21T12:00:00+00:00,28.2,1011.7,70.36
2023-02-22T03:00:00+00:00,23.2,1014.0,82.72
2023-02-22T06:00:00+00:00,28.2,1014.6,71.66
2023-02-22T12:00:00+00:00,26.8,1010.8,72.29
2023-02-23T03:00:00+00:00,22.4,1013.2,79.09
2023-02-23T12:00:00+00:00,27.8,1010.0,68.59
2023-02-24T03:00:00+00:00,22.6,1013.8,89.57
2023-02-24T12:00:00+00:00,29.2,1011.0,55.54
2023-02-25T03:00:00+00:00,24.4,1016.1,47.71
2023-02-25T09:00:00+00:00,31.6,1013.0,53.1
2023-02-25T12:00:00+00:00,29.2,1012.3,65.59
2023-02-26T03:00:00+00:00,22.8,1016.2,68.04
2023-02-26T12:00:00+00:00,29.4,1012.6,60.61
2023-02-27T03:00:00+00:00,24.4,1015.8,79.86
2023-02-27T12:00:00+00:00,29.8,1012.9,59.59
2023-02-28T03:00:00+00:00,24.0,1016.2,78.34
2023-02-28T12:00:00+00:00,28.0,1013.2,60.67
2023-03-01T03:00:00+00:00,24.0,1016.9,71.34
2023-03-01T06:00:00+00:00,31.2,1017.4,23.74
2023-03-01T12:00:00+00:00,29.4,1013.0,71.01
2023-03-02T03:00:00+00:00,24.6,1016.9,78.42
2023-03-02T12:00:00+00:00,31.4,1013.0,36.57
2023-03-04T03:00:00+00:00,25.6,1017.7,74.34
2023-03-04T12:00:00+00:00,32.0,1012.7,54.52
2023-03-05T03:00:00+00:00,26.0,1017.1,79.1
2023-03-05T12:00:00+00:00,32.2,1012.4,71.93
2023-03-06T03:00:00+00:00,28.0,1015.1,48.05
2023-03-06T09:00:00+00:00,37.0,1011.3,22.59
2023-03-06T12:00:00+00:00,31.6,1010.8,48.39
2023-03-07T03:00:00+00:00,26.4,1015.1,56.61
2023-03-07T06:00:00+00:00,29.4,1015.4,47.51
2023-03-07T12:00:00+00:00,33.0,1011.1,37.97
2023-03-08T03:00:00+00:00,26.0,1015.0,47.83
2023-03-08T06:00:00+00:00,31.2,1015.5,37.96
2023-03-08T12:00:00+00:00,29.0,1010.8,69.66
2023-03-09T03:00:00+00:00,26.2,1014.3,46.05
2023-03-09T06:00:00+00:00,32.5,1014.7,45.99
2023-03-09T12:00:00+00:00,30.8,1010.3,50.03
2023-03-10T03:00:00+00:00,27.0,1014.3,41.97
2023-03-10T06:00:00+00:00,33.8,1014.0,25.92
2023-03-10T12:00:00+00:00,30.6,1009.4,44.06
2023-03-11T03:00:00+00:00,26.0,1013.2,59.08
2023-03-11T12:00:00+00:00,30.4,1009.2,69.09
2023-03-12T03:00:00+00:00,26.8,1012.7,75.91
2023-03-12T12:00:00+00:00,31.4,1008.9,59.96
2023-03-13T03:00:00+00:00,27.8,1011.3,71.59
2023-03-13T12:00:00+00:00,31.4,1008.0,57.46
2023-03-14T03:00:00+00:00,27.2,1011.1,72.36
2023-03-14T06:00:00+00:00,31.6,1010.3,46.33
2023-03-14T12:00:00+00:00,31.2,1006.7,76.14
2023-03-15T03:00:00+00:00,27.6,1009.3,56.55
2023-03-15T06:00:00+00:00,31.0,1008.8,63.23
2023-03-15T12:00:00+00:00,31.0,1006.0,67.97
2023-03-16T03:00:00+00:00,27.4,1010.8,82.71
2023-03-16T12:00:00+00:00,30.6,1007.8,76.04
2023-03-17T03:00:00+00:00,26.4,1012.0,67.06
2023-03-17T12:00:00+00:00,29.2,1007.6,65.59
2023-03-18T03:00:00+00:00,26.4,1010.7,85.64
2023-03-18T12:00:00+00:00,30.0,1006.4,67.36
2023-03-19T03:00:00+00:00,26.6,1010.4,82.61
2023-03-19T12:00:00+00:00,29.0,1007.4,55.49
2023-03-20T03:00:00+00:00,26.8,1009.9,65.09
2023-03-20T12:00:00+00:00,29.4,1007.1,53.21
2023-03-21T03:00:00+00:00,22.0,1010.8,91.2
2023-03-21T12:00:00+00:00,28.4,1008.2,56.04
2023-03-22T03:00:00+00:00,26.2,1012.3,77.7
2023-03-22T12:00:00+00:00,29.0,1008.7,54.12
2023-03-23T03:00:00+00:00,26.2,1012.0,76.28
2023-03-23T06:00:00+00:00,29.8,1012.7,58.5
2023-03-23T12:00:00+00:00,28.4,1009.0,56.74
2023-03-24T03:00:00+00:00,26.2,1011.7,77.7
2023-03-24T12:00:00+00:00,29.6,1009.5,59.55
2023-03-25T03:00:00+00:00,25.0,1012.8,61.13
2023-03-25T12:00:00+00:00,27.8,1010.2,45.6
2023-03-26T03:00:00+00:00,25.4,1013.3,61.22
2023-03-26T12:00:00+00:00,28.8,1009.7,50.14
2023-03-27T03:00:00+00:00,25.6,1012.7,76.19
2023-03-27T06:00:00+00:00,29.4,1013.2,58.05
2023-03-27T12:00:00+00:00,29.2,1009.2,56.93
2023-03-28T03:00:00+00:00,26.4,1012.1,79.64
2023-03-28T12:00:00+00:00,29.6,1008.5,57.03
2023-03-29T03:00:00+00:00,25.6,1012.1,76.19
2023-03-29T06:00:00+00:00,30.2,1012.6,55.09
2023-03-29T12:00:00+00:00,29.2,1009.6,63.23
2023-03-30T00:00:00+00:00,25.0,1010.0,74.24
2023-03-30T03:00:00+00:00,26.6,1012.1,79.67
2023-03-30T12:00:00+00:00,28.6,1008.4,60.06
2023-03-31T00:00:00+00:00,27.2,1011.4,79.75
2023-03-31T03:00:00+00:00,27.2,1011.4,79.75
2023-03-31T06:00:00+00:00,31.0,1011.7,58.42
2023-03-31T12:00:00+00:00,30.0,1008.0,60.01
2023-04-01T00:00:00+00:00,26.4,1010.0,72.22
2023-04-01T03:00:00+00:00,26.2,1012.0,71.74
2023-04-01T06:00:00+00:00,30.4,1012.0,48.38
2023-04-01T12:00:00+00:00,29.6,1008.6,60.66
2023-04-02T03:00:00+00:00,27.2,1011.9,71.04
2023-04-02T12:00:00+00:00,29.2,1008.2,56.93
2023-04-03T00:00:00+00:00,26.0,1008.6,70.39
2023-04-03T03:00:00+00:00,26.8,1011.0,78.26
2023-04-03T12:00:00+00:00,29.0,1008.3,64.36
2023-04-04T03:00:00+00:00,27.0,1011.9,84.17
2023-04-04T06:00:00+00:00,30.4,1012.0,66.63
2023-04-04T12:00:00+00:00,29.4,1008.5,72.3
2023-04-05T00:00:00+00:00,25.4,1009.0,83.48
2023-04-05T03:00:00+00:00,26.8,1011.5,84.14
2023-04-05T12:00:00+00:00,29.0,1008.1,77.64
2023-04-06T03:00:00+00:00,26.2,1010.8,63.36
2023-04-06T06:00:00+00:00,32.2,1011.6,52.28
2023-04-06T12:00:00+00:00,30.0,1007.5,67.36
2023-04-07T03:00:00+00:00,28.4,1011.3,53.63
2023-04-07T06:00:00+00:00,32.4,1011.7,54.95
2023-04-07T12:00:00+00:00,31.4,1007.7,45.98
2023-04-08T03:00:00+00:00,29.0,1013.3,81.91
2023-04-08T06:00:00+00:00,33.0,1013.4,56.45
2023-04-08T12:00:00+00:00,31.2,1010.0,64.43
2023-04-09T03:00:00+00:00,29.2,1014.3,73.59
2023-04-09T06:00:00+00:00,34.0,1014.0,51.78
2023-04-09T12:00:00+00:00,30.4,1009.8,70.34
2023-04-10T03:00:00+00:00,29.2,1012.8,79.07
2023-04-10T12:00:00+00:00,30.8,1008.4,69.16
2023-04-11T00:00:00+00:00,28.0,1009.4,74.28
2023-04-11T03:00:00+00:00,28.2,1012.1,80.36
2023-04-11T12:00:00+00:00,31.2,1009.1,64.43
2023-04-12T03:00:00+00:00,29.4,1012.5,67.25
2023-04-12T12:00:00+00:00,31.0,1007.8,63.23
2023-04-13T03:00:00+00:00,30.0,1011.2,75.5
2023-04-13T12:00:00+00:00,31.0,1007.9,72.15
2023-04-14T03:00:00+00:00,29.2,1012.1,79.07
2023-04-14T12:00:00+00:00,30.6,1007.7,67.89
2023-04-15T03:00:00+00:00,29.2,1011.9,76.28
2023-04-15T06:00:00+00:00,32.4,1011.5,70.29
2023-04-15T12:00:00+00:00,30.0,1007.5,60.01
2023-04-16T03:00:00+00:00,28.0,1010.5,82.28
2023-04-16T12:00:00+00:00,30.2,1006.6,71.58
2023-04-17T03:00:00+00:00,28.6,1009.8,74.83
2023-04-17T12:00:00+00:00,30.2,1007.3,82.54
2023-04-18T03:00:00+00:00,28.0,1011.1,58.08
2023-04-18T12:00:00+00:00,30.8,1006.9,72.98
2023-04-19T03:00:00+00:00,29.6,1009.0,68.52
2023-04-19T12:00:00+00:00,32.4,1003.8,49.21
2023-04-20T03:00:00+00:00,29.6,1007.4,81.02
2023-04-20T12:00:00+00:00,31.0,1003.6,58.42
2023-04-21T03:00:00+00:00,28.0,1008.0,80.34
2023-04-21T12:00:00+00:00,29.6,1005.6,69.77
2023-04-22T03:00:00+00:00,28.4,1008.6,74.8
2023-04-22T06:00:00+00:00,32.2,1009.4,62.73
2023-04-22T09:00:00+00:00,32.0,1007.4,57.95
2023-04-22T12:00:00+00:00,30.2,1005.9,63.83
2023-04-23T03:00:00+00:00,28.8,1008.9,76.22
2023-04-23T12:00:00+00:00,29.4,1005.7,72.3
2023-04-24T03:00:00+00:00,27.4,1009.3,81.23
2023-04-24T12:00:00+00:00,30.2,1005.2,75.53
2023-04-25T03:00:00+00:00,29.0,1008.8,87.94
2023-04-25T09:00:00+00:00,33.0,1006.9,66.75
2023-04-25T12:00:00+00:00,30.4,1006.2,74.23
2023-04-26T03:00:00+00:00,29.4,1009.8,77.69
2023-04-26T12:00:00+00:00,30.6,1006.6,66.67
2023-04-27T03:00:00+00:00,28.6,1010.0,74.83
2023-04-27T12:00:00+00:00,29.8,1006.5,64.92
2023-04-28T03:00:00+00:00,28.6,1010.9,76.19
2023-04-28T12:00:00+00:00,30.0,1007.2,62.25
2023-04-29T00:00:00+00:00,26.8,1008.6,82.64
2023-04-29T03:00:00+00:00,28.2,1010.6,76.13
2023-04-29T12:00:00+00:00,31.4,1006.1,54.04
2023-04-30T03:00:00+00:00,27.4,1009.0,87.28
2023-04-30T12:00:00+00:00,31.4,1005.1,66.43
2023-05-01T03:00:00+00:00,28.4,1008.3,76.16
2023-05-01T06:00:00+00:00,31.6,1008.8,51.81
2023-05-01T12:00:00+00:00,31.4,1005.7,57.46
2023-05-02T03:00:00+00:00,26.2,1009.1,88.76
2023-05-02T12:00:00+00:00,31.2,1005.4,51.39
2023-05-03T03:00:00+00:00,29.0,1010.7,61.65
2023-05-03T12:00:00+00:00,30.6,1007.1,59.05
2023-05-04T03:00:00+00:00,28.6,1010.4,77.58
2023-05-04T12:00:00+00:00,30.4,1005.8,60.1
2023-05-05T03:00:00+00:00,29.0,1009.1,76.25
2023-05-05T12:00:00+00:00,30.8,1005.6,59.46
2023-05-06T03:00:00+00:00,29.2,1009.6,69.7
2023-05-06T06:00:00+00:00,32.4,1007.1,58.39
2023-05-06T12:00:00+00:00,31.2,1005.8,59.55
2023-05-07T03:00:00+00:00,29.4,1010.1,73.62
2023-05-07T12:00:00+00:00,30.4,1005.8,72.91
2023-05-08T03:00:00+00:00,29.4,1009.0,77.69
2023-05-08T12:00:00+00:00,31.2,1005.1,69.65
2023-05-09T03:00:00+00:00,29.4,1009.6,79.09
2023-05-09T12:00:00+00:00,30.8,1005.4,74.29
2023-05-10T03:00:00+00:00,30.4,1008.6,82.57
2023-05-10T12:00:00+00:00,32.0,1004.5,79.91
2023-05-11T00:00:00+00:00,29.4,1007.0,89.54
2023-05-11T03:00:00+00:00,29.8,1008.8,79.62
2023-05-11T06:00:00+00:00,34.0,1008.6,61.63
2023-05-11T12:00:00+00:00,32.4,1005.3,76.77
2023-05-12T03:00:00+00:00,30.6,1009.6,76.95
2023-05-12T12:00:00+00:00,32.0,1006.0,74.93
2023-05-13T03:00:00+00:00,30.4,1010.0,81.12
2023-05-13T12:00:00+00:00,33.0,1007.6,65.57
2023-05-14T03:00:00+00:00,30.2,1009.8,74.19
2023-05-14T12:00:00+00:00,33.0,1006.1,66.75
2023-05-15T03:00:00+00:00,30.2,1010.4,75.53
2023-05-15T12:00:00+00:00,32.4,1007.5,65.45
2023-05-16T03:00:00+00:00,30.0,1011.4,70.27
2023-05-16T12:00:00+00:00,33.0,1009.4,59.96
2023-05-17T03:00:00+00:00,29.6,1011.7,68.52
2023-05-17T12:00:00+00:00,32.2,1008.7,63.87
2023-05-18T03:00:00+00:00,29.4,1013.6,71.01
2023-05-18T12:00:00+00:00,31.4,1009.7,72.22
2023-05-19T03:00:00+00:00,30.0,1011.5,72.84
2023-05-19T06:00:00+00:00,33.0,1011.5,63.28
2023-05-19T12:00:00+00:00,31.0,1008.0,73.45
2023-05-20T03:00:00+00:00,30.0,1010.3,69.01
2023-05-20T12:00:00+00:00,31.8,1008.2,66.12
2023-05-21T03:00:00+00:00,30.2,1011.2,70.3
2023-05-21T12:00:00+00:00,31.2,1009.0,66.79
2023-05-22T03:00:00+00:00,29.6,1012.5,79.59
2023-05-22T12:00:00+00:00,31.4,1009.4,64.47
2023-05-23T03:00:00+00:00,30.2,1012.7,78.27
2023-05-23T12:00:00+00:00,31.4,1008.7,69.69
2023-05-24T03:00:00+00:00,30.4,1011.1,74.23
2023-05-24T12:00:00+00:00,32.6,1009.3,61.69
2023-05-25T03:00:00+00:00,30.8,1012.1,65.52
2023-05-25T12:00:00+00:00,31.8,1010.0,61.15
2023-05-26T00:00:00+00:00,29.0,1011.0,84.88
2023-05-26T03:00:00+00:00,30.8,1012.6,74.29
2023-05-26T12:00:00+00:00,32.8,1010.7,62.11
2023-05-27T03:00:00+00:00,30.4,1011.2,75.56
2023-05-27T12:00:00+00:00,32.4,1009.1,61.65
2023-05-28T03:00:00+00:00,31.0,1010.5,72.15
2023-05-28T06:00:00+00:00,33.2,1010.4,61.09
2023-05-28T09:00:00+00:00,34.2,1008.9,59.51
2023-05-28T12:00:00+00:00,32.2,1007.5,66.2
2023-05-29T03:00:00+00:00,30.6,1008.9,74.26
2023-05-29T12:00:00+00:00,31.6,1007.0,72.25
2023-05-30T03:00:00+00:00,31.0,1009.7,72.15
2023-05-30T12:00:00+00:00,32.2,1007.4,67.79
2023-05-31T03:00:00+00:00,31.4,1010.1,76.17
2023-05-31T09:00:00+00:00,34.0,1007.4,67.34
2023-05-31T12:00:00+00:00,32.4,1006.2,67.83
2023-06-01T03:00:00+00:00,30.8,1009.1,76.98
2023-06-02T03:00:00+00:00,30.6,1010.1,67.89
2023-06-02T12:00:00+00:00,32.0,1008.1,67.35
2023-06-03T03:00:00+00:00,31.0,1009.6,72.15
2023-06-03T12:00:00+00:00,32.4,1006.8,65.45
2023-06-04T03:00:00+00:00,31.8,1009.8,77.58
2023-06-04T12:00:00+00:00,33.0,1006.8,70.4
2023-06-05T03:00:00+00:00,30.0,1009.2,79.65
2023-06-05T12:00:00+00:00,33.4,1006.3,63.74
2023-06-06T03:00:00+00:00,31.0,1009.2,72.15
2023-06-06T12:00:00+00:00,33.2,1004.7,66.01
2023-06-07T03:00:00+00:00,31.2,1007.3,69.65
2023-06-07T12:00:00+00:00,33.4,1005.3,55.53
2023-06-08T03:00:00+00:00,30.2,1008.5,75.53
2023-06-09T03:00:00+00:00,30.6,1007.0,74.26
2023-06-09T12:00:00+00:00,33.6,1003.4,68.46
2023-06-10T03:00:00+00:00,31.4,1004.1,69.69
2023-06-10T12:00:00+00:00,33.0,1002.0,63.28
2023-06-11T03:00:00+00:00,30.8,1003.9,67.93
2023-06-11T09:00:00+00:00,32.4,1002.5,52.65
2023-06-11T12:00:00+00:00,31.6,1002.4,69.72
2023-06-12T03:00:00+00:00,30.0,1002.6,75.5
2023-06-12T12:00:00+00:00,31.2,1001.3,72.18
2023-06-13T03:00:00+00:00,29.4,1004.4,84.92
2023-06-13T12:00:00+00:00,31.6,1003.4,78.93
2023-06-14T00:00:00+00:00,29.8,1004.4,75.47
2023-06-14T03:00:00+00:00,30.4,1006.5,74.23
2023-06-14T12:00:00+00:00,31.4,1005.5,73.51
2023-06-15T12:00:00+00:00,32.6,1005.2,64.33
2023-06-16T00:00:00+00:00,30.4,1004.2,76.92
2023-06-16T03:00:00+00:00,31.2,1005.8,72.18
2023-06-16T12:00:00+00:00,31.6,1005.1,74.86
2023-06-17T03:00:00+00:00,30.6,1007.2,79.73
2023-06-17T12:00:00+00:00,31.4,1006.2,73.51
2023-06-18T03:00:00+00:00,30.4,1007.9,79.7
2023-06-18T06:00:00+00:00,32.8,1008.1,67.91
2023-06-18T12:00:00+00:00,32.6,1006.4,69.09
2023-06-19T03:00:00+00:00,30.4,1007.4,75.56
2023-06-19T06:00:00+00:00,33.0,1007.4,64.42
2023-06-19T12:00:00+00:00,32.6,1004.8,65.49
2023-06-20T03:00:00+00:00,30.6,1005.9,74.26
2023-06-20T12:00:00+00:00,32.6,1004.5,61.69
2023-06-21T00:00:00+00:00,29.2,1004.6,76.28
2023-06-21T03:00:00+00:00,30.8,1006.1,76.98
2023-06-21T12:00:00+00:00,33.0,1004.6,63.28
2023-06-22T03:00:00+00:00,31.0,1006.9,77.47
2023-06-22T12:00:00+00:00,33.0,1004.1,63.28
2023-06-23T03:00:00+00:00,30.6,1006.1,75.59
2023-06-23T12:00:00+00:00,32.8,1003.5,65.53
2023-06-24T03:00:00+00:00,29.8,1004.0,81.05
2023-06-24T12:00:00+00:00,28.0,1003.3,88.9
2023-06-25T03:00:00+00:00,26.0,1004.3,88.75
2023-06-26T03:00:00+00:00,28.4,1005.4,87.89
2023-06-26T12:00:00+00:00,30.0,1003.9,81.07
2023-06-27T03:00:00+00:00,27.6,1005.0,90.47
2023-06-27T12:00:00+00:00,27.0,1003.9,87.25
2023-06-28T03:00:00+00:00,27.4,1005.8,92.08
2023-06-28T12:00:00+00:00,26.6,1005.1,88.8
2023-06-29T03:00:00+00:00,26.4,1006.5,90.39
2023-06-29T12:00:00+00:00,28.6,1004.5,84.84
2023-06-30T03:00:00+00:00,28.0,1006.5,85.79
2023-06-30T12:00:00+00:00,27.0,1004.7,88.83
2023-07-01T03:00:00+00:00,26.6,1007.0,88.8
2023-07-01T12:00:00+00:00,28.0,1005.7,92.11
2023-07-02T03:00:00+00:00,28.0,1006.3,87.34
2023-07-02T12:00:00+00:00,29.0,1004.0,87.94
2023-07-03T03:00:00+00:00,28.0,1004.5,87.34
2023-07-03T12:00:00+00:00,31.0,1001.8,82.64
2023-07-04T03:00:00+00:00,27.0,1002.7,92.06
2023-07-04T12:00:00+00:00,27.0,1000.0,92.06
2023-07-05T03:00:00+00:00,27.0,1001.1,90.43
2023-07-05T12:00:00+00:00,27.6,998.6,92.09
2023-07-06T03:00:00+00:00,26.4,1002.0,94.81
2023-07-06T12:00:00+00:00,27.8,1000.9,82.75
2023-07-07T03:00:00+00:00,27.6,1003.5,87.3
2023-07-07T12:00:00+00:00,27.2,1002.0,92.07
2023-07-08T00:00:00+00:00,27.4,1003.9,90.46
2023-07-08T03:00:00+00:00,28.0,1004.8,88.9
2023-07-08T12:00:00+00:00,30.0,1004.4,78.24
2023-07-09T03:00:00+00:00,29.0,1006.0,84.88
2023-07-09T12:00:00+00:00,28.4,1005.4,84.82
2023-07-10T03:00:00+00:00,29.4,1006.9,84.42
2023-07-10T12:00:00+00:00,29.8,1005.5,84.96
2023-07-11T03:00:00+00:00,29.0,1007.6,86.4
2023-07-11T12:00:00+00:00,30.4,1005.3,79.7
2023-07-12T03:00:00+00:00,29.0,1006.2,87.94
2023-07-12T06:00:00+00:00,29.8,1006.2,84.96
2023-07-12T12:00:00+00:00,30.4,1004.1,88.06
2023-07-13T03:00:00+00:00,29.4,1005.1,87.97
2023-07-13T06:00:00+00:00,31.8,1005.6,77.58
2023-07-13T12:00:00+00:00,31.2,1003.9,82.66
2023-07-14T03:00:00+00:00,26.6,1006.7,93.69
2023-07-14T12:00:00+00:00,25.4,1006.4,91.42
2023-07-15T03:00:00+00:00,27.2,1007.5,92.07
2023-07-15T06:00:00+00:00,30.0,1008.2,83.5
2023-07-15T09:00:00+00:00,30.8,1006.8,82.61
2023-07-15T12:00:00+00:00,29.6,1006.0,81.02
2023-07-16T03:00:00+00:00,28.6,1006.8,88.95
2023-07-16T12:00:00+00:00,29.4,1005.0,84.92
2023-07-17T03:00:00+00:00,26.0,1006.0,92.0
2023-07-17T12:00:00+00:00,26.8,1003.0,90.42
2023-07-18T03:00:00+00:00,26.8,1004.8,90.42
2023-07-18T12:00:00+00:00,26.0,1002.0,90.36
2023-07-19T03:00:00+00:00,25.6,1002.6,94.78
2023-07-19T12:00:00+00:00,26.0,1000.1,94.79
2023-07-20T03:00:00+00:00,28.4,1002.1,87.89
2023-07-20T12:00:00+00:00,27.0,1001.4,88.83
2023-07-21T03:00:00+00:00,26.0,1004.3,92.0
2023-07-21T12:00:00+00:00,26.2,1003.4,94.8
2023-07-22T03:00:00+00:00,27.2,1005.2,92.07
2023-07-22T12:00:00+00:00,27.4,1003.0,89.92
2023-07-23T03:00:00+00:00,26.4,1004.0,93.68
2023-07-23T12:00:00+00:00,27.2,1002.4,90.44
2023-07-24T03:00:00+00:00,27.0,1004.5,92.06
2023-07-24T12:00:00+00:00,28.4,1002.3,86.34
2023-07-25T03:00:00+00:00,27.0,1005.8,90.43
2023-07-25T12:00:00+00:00,27.5,1004.8,89.93
2023-07-26T03:00:00+00:00,27.2,1007.3,92.07
2023-07-26T12:00:00+00:00,26.0,1005.8,92.0
2023-07-27T03:00:00+00:00,25.4,1008.0,91.42
2023-07-27T12:00:00+00:00,25.4,1005.9,91.42
2023-07-28T03:00:00+00:00,25.0,1007.9,91.39
2023-07-28T12:00:00+00:00,27.0,1006.5,92.06
2023-07-29T03:00:00+00:00,27.0,1008.3,90.43
2023-07-29T12:00:00+00:00,28.0,1007.0,90.5
2023-07-30T03:00:00+00:00,26.6,1008.1,90.4
2023-07-30T12:00:00+00:00,30.0,1005.4,83.5
2023-07-31T12:00:00+00:00,28.6,1005.3,90.54
2023-08-01T00:00:00+00:00,28.0,1005.5,85.79
2023-08-01T03:00:00+00:00,28.0,1006.8,88.9
2023-08-01T12:00:00+00:00,28.8,1005.7,86.38
2023-08-02T03:00:00+00:00,29.0,1007.6,86.4
2023-08-02T12:00:00+00:00,28.4,1006.4,87.89
2023-08-03T03:00:00+00:00,28.0,1007.1,87.34
2023-08-03T12:00:00+00:00,29.2,1005.9,84.9
2023-08-03T15:00:00+00:00,28.4,1007.2,86.34
2023-08-04T00:00:00+00:00,28.0,1006.2,88.9
2023-08-04T03:00:00+00:00,28.4,1007.5,88.94
2023-08-04T12:00:00+00:00,29.2,1007.0,88.48
2023-08-05T03:00:00+00:00,28.0,1009.9,88.9
2023-08-05T06:00:00+00:00,30.0,1010.4,79.65
2023-08-05T12:00:00+00:00,29.0,1009.0,81.91
2023-08-06T03:00:00+00:00,28.2,1010.1,83.3
2023-08-06T06:00:00+00:00,30.4,1010.0,75.56
2023-08-06T12:00:00+00:00,30.4,1007.8,79.7
2023-08-07T03:00:00+00:00,29.2,1007.9,87.96
2023-08-07T12:00:00+00:00,29.0,1006.6,87.94
2023-08-08T03:00:00+00:00,29.2,1007.8,65.19
2023-08-08T06:00:00+00:00,31.0,1008.3,79.78
2023-08-08T12:00:00+00:00,29.8,1007.2,86.47
2023-08-09T03:00:00+00:00,28.8,1010.5,89.49
2023-08-09T12:00:00+00:00,30.6,1009.3,76.95
2023-08-10T03:00:00+00:00,28.0,1010.9,88.9
2023-08-11T03:00:00+00:00,28.4,1010.5,88.94
2023-08-11T12:00:00+00:00,31.0,1008.6,74.77
2023-08-12T03:00:00+00:00,28.4,1010.6,88.94
2023-08-12T12:00:00+00:00,31.0,1008.3,79.78
2023-08-13T03:00:00+00:00,28.4,1008.9,86.34
2023-08-13T12:00:00+00:00,30.2,1007.2,75.53
2023-08-14T06:00:00+00:00,30.0,1009.9,78.24
2023-08-14T12:00:00+00:00,30.4,1007.7,75.56
2023-08-15T03:00:00+00:00,27.4,1009.6,92.08
2023-08-15T12:00:00+00:00,30.0,1008.2,78.24
2023-08-16T03:00:00+00:00,28.2,1010.3,87.35
2023-08-16T12:00:00+00:00,30.0,1008.5,75.5
2023-08-17T03:00:00+00:00,27.8,1010.3,88.89
2023-08-17T12:00:00+00:00,30.4,1008.6,75.56
2023-08-18T03:00:00+00:00,28.8,1008.9,86.38
2023-08-18T12:00:00+00:00,29.2,1007.3,79.07
2023-08-19T03:00:00+00:00,29.0,1007.5,86.4
2023-08-19T12:00:00+00:00,26.8,1006.1,92.05
2023-08-20T03:00:00+00:00,28.2,1007.8,84.8
2023-08-20T12:00:00+00:00,30.0,1006.4,74.16
2023-08-21T03:00:00+00:00,28.6,1008.3,84.84
2023-08-21T12:00:00+00:00,29.0,1006.5,83.39
2023-08-22T03:00:00+00:00,27.8,1007.9,90.48
2023-08-22T12:00:00+00:00,28.4,1006.8,85.32
2023-08-23T03:00:00+00:00,28.0,1008.0,87.86
2023-08-23T12:00:00+00:00,29.4,1006.8,77.69
2023-08-24T03:00:00+00:00,27.6,1007.3,90.47
2023-08-24T12:00:00+00:00,29.0,1005.4,90.56
2023-08-25T00:00:00+00:00,27.4,1004.9,92.08
2023-08-25T03:00:00+00:00,28.4,1006.8,87.89
2023-08-25T12:00:00+00:00,28.8,1005.9,92.16
2023-08-26T03:00:00+00:00,28.6,1008.1,84.84
2023-08-26T12:00:00+00:00,27.4,1007.4,92.08
2023-08-27T00:00:00+00:00,26.6,1008.0,93.69
2023-08-27T03:00:00+00:00,27.4,1010.0,92.08
2023-08-27T09:00:00+00:00,31.6,1008.4,72.25
2023-08-27T12:00:00+00:00,28.6,1007.6,84.84
2023-08-28T03:00:00+00:00,26.6,1009.7,93.69
2023-08-28T12:00:00+00:00,27.4,1007.5,93.73
2023-08-29T03:00:00+00:00,27.0,1009.0,92.06
2023-08-29T06:00:00+00:00,31.0,1009.6,69.2
2023-08-29T12:00:00+00:00,30.2,1007.2,71.58
2023-08-30T03:00:00+00:00,28.4,1010.5,86.34
2023-08-30T12:00:00+00:00,30.8,1007.8,70.41
2023-08-31T03:00:00+00:00,27.6,1010.4,87.3
2023-08-31T12:00:00+00:00,30.2,1007.1,74.19
2023-09-01T03:00:00+00:00,28.6,1010.2,90.54
2023-09-01T12:00:00+00:00,31.0,1006.6,78.38
2023-09-02T03:00:00+00:00,25.6,1010.2,91.43
2023-09-02T12:00:00+00:00,28.0,1007.3,88.9
2023-09-03T03:00:00+00:00,25.4,1009.2,94.77
2023-09-03T12:00:00+00:00,26.6,1006.7,87.21
2023-09-04T03:00:00+00:00,26.0,1007.0,92.0
2023-09-04T12:00:00+00:00,30.0,1005.0,74.16
2023-09-05T03:00:00+00:00,27.4,1007.7,90.46
2023-09-05T12:00:00+00:00,29.8,1004.0,72.81
2023-09-06T03:00:00+00:00,28.4,1007.2,86.34
2023-09-07T03:00:00+00:00,27.0,1006.8,93.16
2023-09-07T12:00:00+00:00,25.2,1004.7,93.07
2023-09-08T03:00:00+00:00,27.6,1006.5,90.47
2023-09-08T12:00:00+00:00,26.0,1005.7,92.0
2023-09-09T03:00:00+00:00,27.4,1007.4,92.08
2023-09-09T12:00:00+00:00,29.4,1005.0,86.44
2023-09-10T03:00:00+00:00,28.8,1007.1,89.49
2023-09-10T12:00:00+00:00,30.0,1005.1,81.07
2023-09-11T03:00:00+00:00,29.0,1007.5,74.89
2023-09-11T12:00:00+00:00,30.0,1005.7,78.24
2023-09-12T03:00:00+00:00,28.4,1008.1,87.89
2023-09-12T12:00:00+00:00,30.6,1006.4,71.65
2023-09-13T03:00:00+00:00,29.0,1007.8,83.39
2023-09-13T12:00:00+00:00,30.6,1005.0,74.26
2023-09-14T03:00:00+00:00,28.6,1008.1,87.91
2023-09-14T12:00:00+00:00,27.6,1005.5,85.75
2023-09-15T03:00:00+00:00,27.4,1007.6,88.86
2023-09-15T12:00:00+00:00,31.0,1005.7,74.77
2023-09-16T03:00:00+00:00,28.0,1007.1,88.9
2023-09-16T06:00:00+00:00,29.4,1007.5,83.43
2023-09-16T12:00:00+00:00,29.0,1005.3,86.4
2023-09-17T03:00:00+00:00,28.4,1006.6,84.82
2023-09-17T12:00:00+00:00,29.2,1003.9,79.07
2023-09-18T03:00:00+00:00,28.2,1005.5,90.51
2023-09-18T12:00:00+00:00,28.0,1003.9,90.5
2023-09-19T03:00:00+00:00,27.4,1007.3,90.46
2023-09-19T12:00:00+00:00,30.0,1005.7,84.98
2023-09-20T03:00:00+00:00,28.2,1007.7,88.92
2023-09-20T12:00:00+00:00,28.2,1005.4,90.51
2023-09-21T03:00:00+00:00,27.4,1008.4,90.46
2023-09-21T12:00:00+00:00,29.0,1006.4,90.56
2023-09-22T03:00:00+00:00,26.8,1008.9,90.42
2023-09-22T12:00:00+00:00,26.4,1006.7,90.39
2023-09-23T03:00:00+00:00,26.6,1009.6,90.4
2023-09-23T12:00:00+00:00,26.4,1008.5,92.02
2023-09-24T03:00:00+00:00,26.2,1010.8,92.01
2023-09-24T12:00:00+00:00,26.4,1008.0,90.39
2023-09-25T03:00:00+00:00,26.6,1009.4,90.4
2023-09-25T06:00:00+00:00,29.2,1009.5,79.07
2023-09-25T12:00:00+00:00,28.4,1006.6,81.84
2023-09-26T03:00:00+00:00,27.0,1008.9,92.06
2023-09-26T12:00:00+00:00,30.6,1005.7,79.73
2023-09-27T03:00:00+00:00,26.4,1008.6,92.02
2023-09-27T12:00:00+00:00,25.6,1006.0,90.33
2023-09-28T00:00:00+00:00,26.0,1005.2,90.36
2023-09-28T03:00:00+00:00,27.0,1007.4,90.43
2023-09-29T03:00:00+00:00,27.6,1006.5,90.47
2023-09-29T06:00:00+00:00,30.4,1006.8,82.57
2023-09-29T12:00:00+00:00,29.0,1002.7,90.56
2023-09-30T03:00:00+00:00,27.4,1006.2,84.21
2023-09-30T06:00:00+00:00,32.4,1006.0,58.39
2023-09-30T12:00:00+00:00,30.4,1002.9,85.52
2023-10-01T03:00:00+00:00,26.4,1006.5,92.02
2023-10-01T12:00:00+00:00,29.0,1004.9,89.51
2023-10-02T03:00:00+00:00,26.6,1009.7,87.21
2023-10-02T06:00:00+00:00,28.2,1010.6,86.32
2023-10-02T12:00:00+00:00,29.6,1008.3,83.45
2023-10-03T03:00:00+00:00,27.4,1011.8,87.28
2023-10-03T06:00:00+00:00,30.0,1011.9,71.54
2023-10-03T09:00:00+00:00,31.0,1008.4,63.23
2023-10-03T12:00:00+00:00,29.4,1008.3,71.01
2023-10-04T03:00:00+00:00,28.0,1011.9,88.9
2023-10-04T06:00:00+00:00,30.2,1011.5,76.89
2023-10-04T09:00:00+00:00,31.8,1009.2,68.53
2023-10-04T12:00:00+00:00,30.0,1009.2,78.24
2023-10-05T03:00:00+00:00,28.0,1012.1,85.79
2023-10-05T12:00:00+00:00,30.0,1008.8,76.86
2023-10-06T03:00:00+00:00,28.4,1011.2,86.34
2023-10-06T06:00:00+00:00,29.6,1010.8,74.1
2023-10-06T09:00:00+00:00,32.0,1008.0,66.16
2023-10-06T12:00:00+00:00,30.4,1008.0,71.62
2023-10-07T03:00:00+00:00,28.0,1011.1,85.79
2023-10-07T06:00:00+00:00,31.0,1010.6,67.97
2023-10-07T09:00:00+00:00,31.0,1008.3,67.97
2023-10-07T12:00:00+00:00,30.4,1008.4,75.56
2023-10-08T03:00:00+00:00,28.2,1011.5,84.8
2023-10-08T06:00:00+00:00,31.6,1011.4,72.25
2023-10-08T09:00:00+00:00,32.0,1009.1,72.32
2023-10-08T12:00:00+00:00,30.4,1008.9,82.57
2023-10-09T03:00:00+00:00,29.0,1013.5,87.94
2023-10-09T06:00:00+00:00,32.0,1013.3,60.09
2023-10-09T09:00:00+00:00,32.0,1010.9,71.05
2023-10-09T12:00:00+00:00,31.0,1010.3,81.2
2023-10-10T03:00:00+00:00,28.0,1013.8,87.34
2023-10-10T06:00:00+00:00,32.4,1013.2,65.45
2023-10-10T09:00:00+00:00,31.6,1010.8,74.86
2023-10-10T12:00:00+00:00,30.0,1010.3,82.52
2023-10-11T03:00:00+00:00,28.0,1013.3,84.78
2023-10-11T06:00:00+00:00,31.4,1012.9,74.83
2023-10-11T09:00:00+00:00,31.4,1010.3,77.52
2023-10-11T12:00:00+00:00,30.0,1010.1,64.57
2023-10-12T03:00:00+00:00,28.2,1012.9,87.35
2023-10-12T09:00:00+00:00,31.4,1010.7,73.51
2023-10-12T12:00:00+00:00,29.8,1010.6,83.48
2023-10-13T03:00:00+00:00,28.4,1013.8,92.14
2023-10-13T06:00:00+00:00,32.4,1013.3,74.11
2023-10-13T09:00:00+00:00,33.0,1011.0,78.21
2023-10-13T12:00:00+00:00,31.0,1010.4,87.09
2023-10-14T03:00:00+00:00,28.2,1013.7,88.92
2023-10-14T06:00:00+00:00,32.2,1013.6,69.01
2023-10-14T09:00:00+00:00,33.4,1011.0,70.88
2023-10-14T12:00:00+00:00,31.0,1010.4,78.38
2023-10-15T03:00:00+00:00,28.6,1012.6,88.95
2023-10-15T06:00:00+00:00,32.0,1012.1,72.32
2023-10-15T09:00:00+00:00,32.6,1009.0,69.09
2023-10-15T12:00:00+00:00,30.4,1008.5,76.92
2023-10-16T03:00:00+00:00,28.4,1011.9,87.89
2023-10-16T06:00:00+00:00,31.4,1011.2,66.04
2023-10-16T09:00:00+00:00,33.0,1009.1,70.4
2023-10-16T12:00:00+00:00,31.0,1008.5,79.78
2023-10-17T03:00:00+00:00,28.2,1013.1,86.32
2023-10-17T06:00:00+00:00,31.4,1013.0,77.52
2023-10-17T09:00:00+00:00,32.6,1010.7,75.46
2023-10-17T12:00:00+00:00,31.0,1010.6,85.58
2023-10-18T03:00:00+00:00,28.4,1013.9,88.94
2023-10-18T12:00:00+00:00,31.0,1010.8,77.47
2023-10-19T03:00:00+00:00,29.0,1013.4,73.55
2023-10-19T09:00:00+00:00,32.6,1011.1,59.51
2023-10-19T12:00:00+00:00,31.4,1010.4,63.31
2023-10-20T00:00:00+00:00,28.0,1011.1,83.27
2023-10-20T03:00:00+00:00,28.6,1013.2,84.84
2023-10-20T12:00:00+00:00,31.4,1010.2,76.17
2023-10-21T03:00:00+00:00,28.4,1013.6,80.39
2023-10-21T06:00:00+00:00,32.0,1013.2,57.95
2023-10-21T09:00:00+00:00,35.0,1010.8,41.76
2023-10-21T12:00:00+00:00,31.6,1011.1,72.25
2023-10-22T03:00:00+00:00,29.2,1014.5,86.42
2023-10-22T06:00:00+00:00,32.6,1013.9,60.59
2023-10-22T12:00:00+00:00,31.0,1011.2,78.38
2023-10-23T03:00:00+00:00,28.0,1013.6,82.78
2023-10-23T12:00:00+00:00,31.0,1010.2,73.45
2023-10-24T03:00:00+00:00,28.4,1012.9,86.34
2023-10-24T12:00:00+00:00,31.0,1010.0,65.56
2023-10-25T03:00:00+00:00,28.4,1014.4,84.82
2023-10-25T12:00:00+00:00,32.0,1011.5,57.95
2023-10-26T03:00:00+00:00,27.6,1015.0,84.23
2023-10-26T06:00:00+00:00,33.0,1014.7,43.61
2023-10-26T12:00:00+00:00,30.6,1011.6,65.48
2023-10-27T03:00:00+00:00,27.0,1013.7,81.18
2023-10-27T06:00:00+00:00,32.6,1013.4,41.11
2023-10-27T09:00:00+00:00,34.2,1010.1,49.97
2023-10-27T12:00:00+00:00,30.4,1009.7,60.1
2023-10-28T03:00:00+00:00,26.4,1013.0,74.93
2023-10-28T06:00:00+00:00,32.8,1012.9,44.38
2023-10-28T09:00:00+00:00,35.2,1009.9,34.44
2023-10-28T12:00:00+00:00,31.0,1010.1,58.42
2023-10-29T03:00:00+00:00,27.4,1012.4,83.21
2023-10-29T06:00:00+00:00,32.4,1012.4,43.99
2023-10-29T12:00:00+00:00,31.4,1009.6,58.52
2023-10-30T03:00:00+00:00,26.8,1012.5,69.24
2023-10-30T09:00:00+00:00,34.4,1009.3,40.07
2023-10-30T12:00:00+00:00,31.0,1009.5,58.42
2023-10-31T03:00:00+00:00,27.4,1013.0,75.55
2023-10-31T12:00:00+00:00,31.0,1010.3,64.38
2023-11-01T00:00:00+00:00,27.0,1011.8,85.7
2023-11-01T03:00:00+00:00,27.0,1014.1,71.01
2023-11-01T12:00:00+00:00,30.6,1011.2,65.48
2023-11-02T03:00:00+00:00,27.0,1013.6,85.7
2023-11-02T06:00:00+00:00,32.8,1012.9,48.71
2023-11-02T09:00:00+00:00,34.4,1010.6,43.98
2023-11-02T12:00:00+00:00,31.0,1010.2,65.56
2023-11-03T03:00:00+00:00,27.2,1011.8,81.2
2023-11-03T12:00:00+00:00,31.0,1008.0,73.45
2023-11-04T03:00:00+00:00,27.0,1010.7,81.18
2023-11-04T06:00:00+00:00,32.4,1010.1,48.3
2023-11-04T12:00:00+00:00,33.0,1007.7,61.05
2023-11-05T03:00:00+00:00,27.8,1012.4,84.25
2023-11-05T12:00:00+00:00,31.4,1009.5,72.22
2023-11-06T03:00:00+00:00,27.0,1013.7,85.7
2023-11-06T06:00:00+00:00,31.8,1013.6,46.67
2023-11-06T12:00:00+00:00,30.4,1011.3,57.93
2023-11-07T03:00:00+00:00,26.4,1014.1,84.1
2023-11-07T09:00:00+00:00,34.0,1010.7,49.62
2023-11-07T12:00:00+00:00,30.6,1009.0,70.38
2023-11-08T03:00:00+00:00,27.8,1012.8,82.75
2023-11-08T12:00:00+00:00,27.4,1012.1,81.23
2023-11-09T03:00:00+00:00,26.0,1013.8,88.75
2023-11-09T12:00:00+00:00,30.0,1010.5,71.54
2023-11-10T03:00:00+00:00,26.4,1014.4,87.72
2023-11-10T12:00:00+00:00,30.2,1012.3,66.19
2023-11-11T03:00:00+00:00,26.4,1015.4,85.64
2023-11-11T06:00:00+00:00,31.6,1014.9,63.74
2023-11-11T09:00:00+00:00,33.6,1011.9,64.92
2023-11-11T12:00:00+00:00,31.2,1011.7,81.22
2023-11-12T03:00:00+00:00,27.4,1014.9,74.18
2023-11-12T12:00:00+00:00,31.4,1011.7,63.31
2023-11-13T03:00:00+00:00,28.0,1014.3,80.34
2023-11-13T12:00:00+00:00,31.4,1011.3,68.45
2023-11-13T15:00:00+00:00,29.8,1013.4,79.62
2023-11-14T03:00:00+00:00,26.6,1014.3,85.66
2023-11-14T12:00:00+00:00,30.4,1010.9,70.34
2023-11-15T00:00:00+00:00,26.4,1012.2,85.64
2023-11-15T03:00:00+00:00,26.0,1014.3,85.6
2023-11-15T12:00:00+00:00,31.0,1010.8,63.23
2023-11-16T03:00:00+00:00,26.0,1014.2,82.54
2023-11-16T12:00:00+00:00,30.4,1011.6,55.48
2023-11-17T03:00:00+00:00,26.4,1014.3,77.25
2023-11-17T12:00:00+00:00,30.0,1010.7,53.69
2023-11-18T03:00:00+00:00,25.8,1013.5,84.04
2023-11-18T09:00:00+00:00,32.2,1010.5,36.56
2023-11-18T12:00:00+00:00,30.0,1010.5,53.69
2023-11-19T03:00:00+00:00,26.0,1013.1,85.6
2023-11-19T12:00:00+00:00,30.4,1010.5,60.1
2023-11-20T03:00:00+00:00,27.4,1013.8,69.79
2023-11-20T12:00:00+00:00,27.0,1010.6,68.01
2023-11-21T03:00:00+00:00,27.2,1014.0,81.2
2023-11-21T12:00:00+00:00,31.0,1010.5,64.38
2023-11-22T03:00:00+00:00,26.4,1013.6,73.56
2023-11-22T12:00:00+00:00,29.4,1009.7,69.73
2023-11-23T03:00:00+00:00,25.6,1011.5,69.88
2023-11-23T12:00:00+00:00,29.2,1007.6,68.44
2023-11-24T03:00:00+00:00,26.2,1010.7,71.74
2023-11-24T06:00:00+00:00,32.0,1010.9,62.68
2023-11-24T09:00:00+00:00,33.4,1008.3,56.89
2023-11-24T12:00:00+00:00,30.4,1008.5,76.92
2023-11-25T03:00:00+00:00,27.2,1012.6,82.68
2023-11-25T06:00:00+00:00,33.0,1012.3,57.48
2023-11-25T09:00:00+00:00,33.2,1009.8,52.21
2023-11-25T12:00:00+00:00,30.4,1009.9,70.34
2023-11-26T00:00:00+00:00,25.0,1012.4,91.39
2023-11-26T03:00:00+00:00,25.0,1012.4,91.39
2023-11-26T06:00:00+00:00,29.4,1013.0,72.3
2023-11-26T09:00:00+00:00,30.0,1009.9,74.16
2023-11-26T12:00:00+00:00,29.4,1010.1,81.96
2023-11-27T03:00:00+00:00,26.4,1012.2,83.59
2023-11-27T12:00:00+00:00,28.2,1009.0,77.52
2023-11-28T03:00:00+00:00,25.6,1011.7,83.51
2023-11-28T06:00:00+00:00,29.4,1011.8,60.61
2023-11-28T09:00:00+00:00,29.4,1009.4,54.56
2023-11-28T12:00:00+00:00,27.6,1008.7,60.58
2023-11-29T03:00:00+00:00,24.8,1012.6,86.52
2023-11-29T06:00:00+00:00,28.8,1012.8,61.6
2023-11-29T09:00:00+00:00,29.0,1010.2,51.79
2023-11-29T12:00:00+00:00,27.4,1010.2,64.41
2023-11-30T03:00:00+00:00,23.0,1013.0,82.69
2023-11-30T06:00:00+00:00,29.0,1012.8,50.51
2023-11-30T09:00:00+00:00,29.4,1010.4,48.42
2023-11-30T12:00:00+00:00,27.6,1010.4,56.55
2023-12-01T03:00:00+00:00,24.4,1012.0,84.92
2023-12-01T06:00:00+00:00,28.6,1012.9,70.44
2023-12-01T12:00:00+00:00,27.6,1009.4,69.82
2023-12-02T03:00:00+00:00,25.2,1011.7,85.0
2023-12-02T06:00:00+00:00,28.4,1011.5,70.4
2023-12-02T09:00:00+00:00,31.0,1008.7,59.5
2023-12-02T12:00:00+00:00,28.8,1008.2,67.95
2023-12-03T03:00:00+00:00,26.2,1012.1,85.62
2023-12-03T06:00:00+00:00,30.6,1012.1,59.05
2023-12-03T09:00:00+00:00,32.8,1009.1,54.06
2023-12-03T12:00:00+00:00,29.8,1008.9,72.81
2023-12-04T03:00:00+00:00,26.4,1011.4,85.64
2023-12-04T12:00:00+00:00,29.4,1008.1,83.43
2023-12-05T03:00:00+00:00,26.0,1009.9,84.06
2023-12-05T12:00:00+00:00,29.0,1007.7,80.47
2023-12-06T03:00:00+00:00,26.0,1011.2,84.06
2023-12-06T12:00:00+00:00,29.0,1008.6,74.89
2023-12-07T03:00:00+00:00,25.0,1012.5,75.63
2023-12-07T12:00:00+00:00,28.6,1009.4,65.06
2023-12-08T03:00:00+00:00,25.0,1012.9,84.98
2023-12-08T12:00:00+00:00,29.2,1009.9,69.7
2023-12-09T03:00:00+00:00,24.8,1014.4,81.9
2023-12-09T06:00:00+00:00,24.8,1014.4,81.9
2023-12-09T12:00:00+00:00,28.0,1010.4,74.28
2023-12-10T03:00:00+00:00,25.2,1012.8,78.99
2023-12-10T12:00:00+00:00,29.0,1009.3,69.66
2023-12-11T03:00:00+00:00,24.4,1013.0,79.86
2023-12-11T12:00:00+00:00,28.8,1010.3,67.95
2023-12-12T03:00:00+00:00,24.8,1012.4,81.9
2023-12-12T06:00:00+00:00,29.4,1012.2,58.05
2023-12-12T09:00:00+00:00,30.0,1009.5,57.48
2023-12-12T12:00:00+00:00,27.4,1009.5,60.15
2023-12-13T03:00:00+00:00,23.0,1013.2,81.17
2023-12-13T12:00:00+00:00,28.8,1009.8,61.6
2023-12-14T03:00:00+00:00,25.0,1014.0,53.8
2023-12-14T12:00:00+00:00,29.4,1011.2,59.5
2023-12-15T03:00:00+00:00,24.6,1015.2,66.28
2023-12-15T12:00:00+00:00,29.4,1011.9,46.32
2023-12-16T03:00:00+00:00,23.0,1015.0,79.17
2023-12-16T09:00:00+00:00,31.0,1011.6,30.97
2023-12-16T12:00:00+00:00,28.8,1011.6,42.19
2023-12-17T03:00:00+00:00,23.6,1013.7,64.0
2023-12-17T12:00:00+00:00,30.0,1010.7,71.54
2023-12-18T03:00:00+00:00,26.0,1015.1,57.6
2023-12-18T06:00:00+00:00,29.0,1004.1,55.49
2023-12-18T09:00:00+00:00,30.4,1011.5,54.13
2023-12-18T12:00:00+00:00,29.4,1011.4,46.32
2023-12-19T03:00:00+00:00,26.0,1015.1,57.6
2023-12-19T06:00:00+00:00,28.6,1015.1,47.6
2023-12-19T09:00:00+00:00,31.0,1012.5,41.46
2023-12-19T12:00:00+00:00,29.2,1012.5,59.09
2023-12-20T03:00:00+00:00,24.8,1015.4,58.42
2023-12-20T12:00:00+00:00,28.0,1012.2,62.19
2023-12-21T03:00:00+00:00,25.2,1014.0,63.94
2023-12-21T12:00:00+00:00,29.2,1011.4,65.59
2023-12-22T03:00:00+00:00,25.0,1014.1,77.04
2023-12-22T12:00:00+00:00,28.2,1011.4,66.19
2023-12-23T03:00:00+00:00,24.2,1014.5,88.07
2023-12-23T09:00:00+00:00,27.2,1011.7,58.62
2023-12-23T12:00:00+00:00,28.0,1012.0,71.62
2023-12-24T03:00:00+00:00,23.6,1016.3,82.77
2023-12-24T12:00:00+00:00,28.2,1012.8,66.19
2023-12-26T12:00:00+00:00,29.2,1013.0,65.59
2023-12-27T03:00:00+00:00,24.4,1017.0,84.92
2023-12-27T06:00:00+00:00,29.6,1017.1,55.98
2023-12-27T09:00:00+00:00,30.8,1013.3,59.46
2023-12-27T12:00:00+00:00,28.4,1012.5,76.16
2023-12-28T03:00:00+00:00,24.2,1015.1,86.47
2023-12-28T06:00:00+00:00,29.0,1014.4,65.55
2023-12-28T09:00:00+00:00,32.0,1011.2,39.41
2023-12-28T12:00:00+00:00,28.8,1011.4,70.9
2023-12-29T03:00:00+00:00,24.0,1014.8,86.45
2023-12-29T12:00:00+00:00,30.0,1011.3,60.01
2023-12-30T03:00:00+00:00,24.2,1014.2,86.47
2023-12-30T09:00:00+00:00,30.6,1012.0,59.05
2023-12-30T12:00:00+00:00,28.6,1011.0,74.83
2023-12-31T00:00:00+00:00,23.4,1012.0,88.0
2023-12-31T03:00:00+00:00,24.0,1013.5,88.05
2023-12-31T12:00:00+00:00,28.4,1010.0,71.69
