timestamp,temperature_c,pressure_hpa,humidity_pct
2021-01-01T00:00:00+00:00,6.4,1014.7,65.0
2021-01-01T03:00:00+00:00,7.0,1015.9,62.83
2021-01-01T06:00:00+00:00,16.0,1015.4,32.28
2021-01-01T09:00:00+00:00,19.2,1012.3,24.68
2021-01-01T12:00:00+00:00,18.4,1011.7,25.95
2021-01-01T15:00:00+00:00,13.8,1013.0,34.81
2021-01-01T18:00:00+00:00,11.5,1012.7,41.15
2021-01-01T21:00:00+00:00,9.4,1013.4,49.35
2021-01-02T00:00:00+00:00,8.4,1013.1,64.98
2021-01-02T03:00:00+00:00,8.4,1014.5,70.26
2021-01-02T06:00:00+00:00,14.4,1014.7,53.57
2021-01-02T09:00:00+00:00,18.0,1012.0,39.7
2021-01-02T12:00:00+00:00,18.0,1011.6,23.08
2021-01-02T15:00:00+00:00,14.6,1012.9,36.5
2021-01-02T18:00:00+00:00,12.0,1013.4,49.65
2021-01-02T21:00:00+00:00,9.2,1012.3,68.47
2021-01-03T00:00:00+00:00,7.4,1012.4,77.36
2021-01-03T03:00:00+00:00,7.0,1013.7,87.09
2021-01-03T06:00:00+00:00,12.7,1013.8,68.71
2021-01-03T09:00:00+00:00,18.0,1010.9,44.7
2021-01-03T12:00:00+00:00,17.2,1010.4,48.33
2021-01-03T15:00:00+00:00,12.2,1011.9,67.2
2021-01-03T18:00:00+00:00,12.2,1012.3,62.71
2021-01-03T21:00:00+00:00,10.2,1012.0,75.69
2021-01-04T00:00:00+00:00,9.0,1012.3,78.7
2021-01-04T03:00:00+00:00,8.2,1013.6,86.01
2021-01-04T06:00:00+00:00,15.2,1013.7,66.47
2021-01-04T09:00:00+00:00,19.0,1011.2,54.4
2021-01-04T12:00:00+00:00,18.6,1010.9,55.41
2021-01-04T15:00:00+00:00,15.6,1012.1,68.83
2021-01-04T18:00:00+00:00,12.9,1012.7,93.02
2021-01-04T21:00:00+00:00,14.0,1011.9,94.31
2021-01-05T00:00:00+00:00,14.5,1011.5,85.51
2021-01-05T03:00:00+00:00,14.2,1012.9,79.99
2021-01-05T06:00:00+00:00,15.8,1013.7,77.11
2021-01-05T09:00:00+00:00,20.0,1011.1,58.8
2021-01-05T12:00:00+00:00,20.0,1010.9,52.51
2021-01-05T15:00:00+00:00,16.0,1013.4,63.15
2021-01-05T18:00:00+00:00,14.0,1014.0,64.87
2021-01-05T21:00:00+00:00,11.8,1014.4,76.99
2021-01-06T00:00:00+00:00,8.9,1014.8,86.67
2021-01-06T03:00:00+00:00,9.0,1016.1,91.56
2021-01-06T06:00:00+00:00,12.0,1017.0,92.98
2021-01-06T09:00:00+00:00,17.5,1013.8,63.91
2021-01-06T12:00:00+00:00,18.3,1013.9,57.61
2021-01-06T15:00:00+00:00,13.6,1015.4,75.23
2021-01-06T18:00:00+00:00,12.4,1015.6,83.59
2021-01-06T21:00:00+00:00,10.4,1015.1,92.27
2021-01-07T00:00:00+00:00,8.6,1014.6,97.32
2021-01-07T03:00:00+00:00,8.0,1016.0,98.65
2021-01-07T06:00:00+00:00,12.1,1016.0,85.83
2021-01-07T09:00:00+00:00,17.0,1012.8,58.86
2021-01-07T12:00:00+00:00,17.0,1012.1,56.9
2021-01-07T15:00:00+00:00,13.0,1012.9,77.18
2021-01-07T18:00:00+00:00,11.0,1013.2,85.13
2021-01-07T21:00:00+00:00,9.0,1012.2,91.56
2021-01-08T00:00:00+00:00,7.4,1012.0,100.0
2021-01-08T03:00:00+00:00,5.2,1013.8,100.0
2021-01-08T06:00:00+00:00,16.0,1013.9,37.48
2021-01-08T09:00:00+00:00,19.6,1011.5,18.7
2021-01-08T12:00:00+00:00,18.8,1011.4,33.25
2021-01-08T15:00:00+00:00,13.9,1013.4,50.53
2021-01-08T18:00:00+00:00,11.4,1014.6,85.18
2021-01-08T21:00:00+00:00,10.0,1014.7,92.24
2021-01-09T00:00:00+00:00,8.5,1014.6,100.0
2021-01-09T03:00:00+00:00,8.0,1016.6,100.0
2021-01-09T06:00:00+00:00,11.4,1017.5,80.14
2021-01-09T09:00:00+00:00,17.8,1014.4,49.51
2021-01-09T12:00:00+00:00,17.6,1013.6,42.17
2021-01-09T15:00:00+00:00,14.0,1015.2,56.92
2021-01-09T18:00:00+00:00,12.0,1015.4,64.88
2021-01-09T21:00:00+00:00,9.2,1015.4,78.73
2021-01-10T00:00:00+00:00,8.0,1015.3,91.49
2021-01-10T03:00:00+00:00,7.2,1016.1,94.0
2021-01-10T06:00:00+00:00,16.0,1017.3,44.76
2021-01-10T09:00:00+00:00,19.8,1014.2,44.29
2021-01-10T12:00:00+00:00,19.5,1013.9,51.68
2021-01-10T15:00:00+00:00,14.6,1014.5,51.79
2021-01-10T18:00:00+00:00,12.0,1015.2,53.69
2021-01-10T21:00:00+00:00,9.0,1015.2,59.35
2021-01-11T00:00:00+00:00,6.6,1015.0,67.92
2021-01-11T03:00:00+00:00,6.5,1016.6,71.91
2021-01-11T06:00:00+00:00,19.5,1016.9,33.93
2021-01-11T09:00:00+00:00,22.0,1014.5,22.56
2021-01-11T12:00:00+00:00,22.0,1013.7,14.19
2021-01-11T15:00:00+00:00,13.2,1015.9,37.42
2021-01-11T18:00:00+00:00,11.6,1016.4,31.77
2021-01-11T21:00:00+00:00,8.0,1016.4,46.3
2021-01-12T00:00:00+00:00,6.8,1016.1,51.54
2021-01-12T03:00:00+00:00,9.0,1016.9,32.13
2021-01-12T06:00:00+00:00,21.0,1016.7,20.14
2021-01-12T09:00:00+00:00,24.4,1013.9,11.06
2021-01-12T12:00:00+00:00,23.6,1012.7,18.53
2021-01-12T15:00:00+00:00,14.1,1014.5,32.74
2021-01-12T18:00:00+00:00,14.5,1015.0,21.96
2021-01-12T21:00:00+00:00,11.8,1014.7,28.06
2021-01-13T00:00:00+00:00,11.5,1013.7,28.38
2021-01-13T03:00:00+00:00,11.0,1015.0,28.1
2021-01-13T06:00:00+00:00,23.8,1014.4,27.4
2021-01-13T09:00:00+00:00,25.5,1011.7,35.88
2021-01-13T12:00:00+00:00,24.5,1010.7,43.82
2021-01-13T15:00:00+00:00,17.0,1012.5,32.73
2021-01-13T18:00:00+00:00,11.6,1013.0,37.93
2021-01-13T21:00:00+00:00,12.6,1012.5,42.23
2021-01-14T00:00:00+00:00,9.4,1012.2,44.29
2021-01-14T03:00:00+00:00,12.6,1013.4,48.41
2021-01-14T06:00:00+00:00,24.0,1013.5,47.29
2021-01-14T09:00:00+00:00,26.4,1010.5,55.55
2021-01-14T12:00:00+00:00,24.4,1010.1,63.37
2021-01-14T15:00:00+00:00,20.2,1012.1,65.78
2021-01-14T18:00:00+00:00,17.6,1011.1,39.87
2021-01-14T21:00:00+00:00,14.0,1011.3,49.85
2021-01-15T00:00:00+00:00,10.3,1011.0,79.44
2021-01-15T03:00:00+00:00,8.4,1013.1,91.52
2021-01-15T06:00:00+00:00,16.6,1012.8,49.18
2021-01-15T09:00:00+00:00,22.6,1010.0,42.71
2021-01-15T12:00:00+00:00,21.6,1009.5,55.79
2021-01-15T15:00:00+00:00,15.4,1011.1,58.87
2021-01-15T18:00:00+00:00,13.0,1011.6,63.77
2021-01-15T21:00:00+00:00,11.0,1011.8,68.36
2021-01-16T00:00:00+00:00,7.0,1012.8,82.35
2021-01-16T03:00:00+00:00,7.0,1012.8,82.35
2021-01-16T06:00:00+00:00,15.4,1012.6,54.96
2021-01-16T09:00:00+00:00,21.0,1009.8,53.83
2021-01-16T12:00:00+00:00,20.0,1009.3,58.03
2021-01-16T15:00:00+00:00,14.4,1010.1,57.42
2021-01-16T18:00:00+00:00,12.0,1010.4,58.02
2021-01-16T21:00:00+00:00,10.2,1009.9,57.57
2021-01-17T00:00:00+00:00,7.4,1009.9,66.17
2021-01-17T03:00:00+00:00,7.7,1011.0,66.71
2021-01-17T06:00:00+00:00,19.0,1011.3,45.29
2021-01-17T09:00:00+00:00,25.4,1008.5,35.13
2021-01-17T12:00:00+00:00,25.0,1007.7,22.44
2021-01-17T15:00:00+00:00,18.4,1010.0,23.28
2021-01-17T18:00:00+00:00,14.0,1011.2,50.91
2021-01-17T21:00:00+00:00,10.1,1011.7,79.41
2021-01-18T00:00:00+00:00,8.0,1012.3,97.31
2021-01-18T03:00:00+00:00,8.4,1014.2,97.32
2021-01-18T09:00:00+00:00,11.4,1014.5,87.5
2021-01-18T12:00:00+00:00,14.6,1012.9,65.9
2021-01-18T15:00:00+00:00,12.2,1014.5,71.98
2021-01-18T18:00:00+00:00,9.1,1014.4,87.89
2021-01-18T21:00:00+00:00,7.8,1014.1,95.99
2021-01-19T00:00:00+00:00,7.5,1013.7,100.0
2021-01-19T03:00:00+00:00,7.5,1015.4,100.0
2021-01-19T06:00:00+00:00,10.7,1015.9,83.38
2021-01-19T09:00:00+00:00,19.0,1012.5,39.72
2021-01-19T12:00:00+00:00,20.2,1011.5,41.75
2021-01-19T15:00:00+00:00,14.2,1013.2,65.36
2021-01-19T18:00:00+00:00,12.0,1014.2,71.45
2021-01-19T21:00:00+00:00,10.0,1013.4,82.17
2021-01-20T00:00:00+00:00,8.6,1013.4,83.71
2021-01-20T03:00:00+00:00,7.6,1015.1,83.01
2021-01-20T06:00:00+00:00,19.4,1015.2,43.57
2021-01-20T09:00:00+00:00,24.4,1012.0,23.77
2021-01-20T12:00:00+00:00,24.4,1011.8,18.88
2021-01-20T15:00:00+00:00,15.5,1013.7,43.99
2021-01-20T18:00:00+00:00,14.6,1014.3,36.5
2021-01-20T21:00:00+00:00,11.3,1013.7,57.03
2021-01-21T00:00:00+00:00,9.3,1013.0,58.58
2021-01-21T03:00:00+00:00,11.6,1013.7,44.41
2021-01-21T06:00:00+00:00,24.4,1013.0,21.35
2021-01-21T09:00:00+00:00,28.6,1009.8,14.61
2021-01-21T12:00:00+00:00,28.0,1008.8,14.16
2021-01-21T15:00:00+00:00,17.8,1009.8,29.76
2021-01-21T18:00:00+00:00,17.0,1010.3,26.29
2021-01-21T21:00:00+00:00,12.6,1009.9,52.72
2021-01-22T00:00:00+00:00,12.2,1009.7,60.56
2021-01-22T03:00:00+00:00,14.6,1009.6,91.31
2021-01-22T06:00:00+00:00,19.0,1010.2,66.39
2021-01-22T09:00:00+00:00,26.2,1007.2,44.29
2021-01-22T12:00:00+00:00,25.8,1006.1,43.03
2021-01-22T15:00:00+00:00,22.0,1008.2,48.33
2021-01-22T18:00:00+00:00,17.0,1009.2,69.11
2021-01-22T21:00:00+00:00,15.4,1009.1,82.84
2021-01-23T00:00:00+00:00,14.0,1009.1,74.29
2021-01-23T03:00:00+00:00,13.0,1011.5,45.18
2021-01-23T06:00:00+00:00,19.4,1012.9,28.35
2021-01-23T09:00:00+00:00,23.0,1010.6,27.18
2021-01-23T12:00:00+00:00,22.4,1009.5,23.57
2021-01-23T15:00:00+00:00,17.1,1011.6,24.22
2021-01-23T18:00:00+00:00,11.8,1013.2,34.41
2021-01-23T21:00:00+00:00,10.4,1013.5,35.3
2021-01-24T00:00:00+00:00,11.4,1013.1,37.48
2021-01-24T03:00:00+00:00,11.0,1014.9,34.49
2021-01-24T06:00:00+00:00,19.6,1016.0,25.94
2021-01-24T09:00:00+00:00,23.0,1013.8,16.11
2021-01-24T12:00:00+00:00,22.8,1013.0,18.97
2021-01-24T18:00:00+00:00,14.6,1016.0,29.4
2021-01-24T21:00:00+00:00,13.5,1015.5,37.0
2021-01-25T00:00:00+00:00,10.0,1015.4,44.35
2021-01-25T03:00:00+00:00,9.6,1017.2,49.5
2021-01-25T06:00:00+00:00,20.6,1017.9,27.88
2021-01-25T09:00:00+00:00,23.0,1014.8,18.13
2021-01-25T12:00:00+00:00,22.4,1014.4,23.57
2021-01-25T15:00:00+00:00,15.6,1015.5,33.39
2021-01-25T18:00:00+00:00,12.0,1016.3,43.25
2021-01-25T21:00:00+00:00,9.6,1016.0,47.1
2021-01-26T00:00:00+00:00,9.0,1015.3,41.14
2021-01-26T03:00:00+00:00,9.8,1016.8,39.31
2021-01-26T06:00:00+00:00,21.0,1016.9,26.05
2021-01-26T09:00:00+00:00,23.8,1014.0,10.33
2021-01-26T12:00:00+00:00,22.9,1013.2,15.27
2021-01-26T15:00:00+00:00,15.2,1015.0,30.75
2021-01-26T18:00:00+00:00,12.2,1015.5,37.38
2021-01-26T21:00:00+00:00,10.6,1015.1,37.9
2021-01-27T00:00:00+00:00,9.4,1014.7,42.12
2021-01-27T03:00:00+00:00,9.1,1016.4,46.34
2021-01-27T06:00:00+00:00,21.0,1016.7,27.4
2021-01-27T09:00:00+00:00,23.6,1014.6,16.21
2021-01-27T12:00:00+00:00,22.6,1012.5,20.19
2021-01-27T15:00:00+00:00,16.4,1014.6,31.47
2021-01-27T18:00:00+00:00,12.4,1015.3,38.78
2021-01-27T21:00:00+00:00,11.6,1015.0,34.87
2021-01-28T00:00:00+00:00,9.0,1015.0,53.27
2021-01-28T03:00:00+00:00,9.0,1016.6,48.23
2021-01-28T06:00:00+00:00,21.4,1016.8,28.1
2021-01-28T09:00:00+00:00,23.2,1014.8,21.32
2021-01-28T12:00:00+00:00,23.0,1013.8,22.24
2021-01-28T15:00:00+00:00,14.6,1016.1,40.43
2021-01-28T18:00:00+00:00,13.0,1016.6,35.17
2021-01-28T21:00:00+00:00,11.0,1016.3,43.25
2021-01-29T00:00:00+00:00,9.9,1015.8,45.4
2021-01-29T03:00:00+00:00,10.2,1017.1,43.76
2021-01-29T06:00:00+00:00,22.2,1017.5,25.64
2021-01-29T09:00:00+00:00,25.0,1015.2,20.15
2021-01-29T12:00:00+00:00,25.0,1014.9,22.44
2021-01-29T15:00:00+00:00,16.0,1016.4,34.13
2021-01-29T18:00:00+00:00,14.6,1016.5,34.74
2021-01-29T21:00:00+00:00,10.6,1016.0,44.79
2021-01-30T00:00:00+00:00,9.0,1015.2,48.23
2021-01-30T03:00:00+00:00,11.0,1016.2,40.13
2021-01-30T06:00:00+00:00,23.4,1015.6,19.07
2021-01-30T09:00:00+00:00,26.0,1013.2,9.3
2021-01-30T12:00:00+00:00,26.3,1011.6,13.91
2021-01-30T15:00:00+00:00,19.8,1013.2,16.53
2021-01-30T18:00:00+00:00,15.6,1013.7,24.7
2021-01-30T21:00:00+00:00,14.8,1013.0,24.5
2021-01-31T00:00:00+00:00,12.6,1012.3,30.26
2021-01-31T03:00:00+00:00,12.4,1013.7,34.79
2021-01-31T06:00:00+00:00,24.4,1013.7,19.03
2021-01-31T09:00:00+00:00,28.2,1011.4,16.21
2021-01-31T12:00:00+00:00,27.5,1010.3,16.89
2021-01-31T15:00:00+00:00,18.6,1012.7,31.34
2021-01-31T18:00:00+00:00,16.4,1014.0,33.27
2021-01-31T21:00:00+00:00,14.2,1014.2,35.65
2021-02-01T00:00:00+00:00,15.0,1014.2,37.46
2021-02-01T03:00:00+00:00,14.2,1015.8,49.2
2021-02-01T06:00:00+00:00,24.4,1016.5,49.3
2021-02-01T09:00:00+00:00,28.4,1014.1,28.28
2021-02-01T12:00:00+00:00,28.4,1012.9,29.45
2021-02-01T15:00:00+00:00,21.3,1014.7,43.51
2021-02-01T18:00:00+00:00,17.3,1015.4,49.37
2021-02-01T21:00:00+00:00,15.0,1015.1,62.07
2021-02-02T00:00:00+00:00,12.5,1014.9,74.53
2021-02-02T03:00:00+00:00,13.4,1015.6,72.7
2021-02-02T06:00:00+00:00,25.4,1015.1,37.58
2021-02-02T09:00:00+00:00,28.6,1012.5,32.84
2021-02-02T12:00:00+00:00,27.0,1011.5,36.3
2021-02-02T15:00:00+00:00,21.6,1013.4,45.4
2021-02-02T18:00:00+00:00,17.0,1013.9,55.37
2021-02-02T21:00:00+00:00,15.0,1013.1,64.22
2021-02-03T00:00:00+00:00,14.0,1013.2,60.99
2021-02-03T03:00:00+00:00,14.2,1014.1,63.17
2021-02-03T06:00:00+00:00,24.0,1013.9,39.25
2021-02-03T09:00:00+00:00,26.8,1010.9,31.9
2021-02-03T12:00:00+00:00,26.1,1010.2,31.28
2021-02-03T15:00:00+00:00,21.4,1012.1,37.98
2021-02-03T18:00:00+00:00,18.2,1013.4,45.07
2021-02-03T21:00:00+00:00,16.0,1012.9,53.99
2021-02-04T00:00:00+00:00,12.6,1013.6,67.75
2021-02-04T03:00:00+00:00,12.5,1015.3,81.38
2021-02-04T06:00:00+00:00,19.0,1016.4,68.15
2021-02-04T09:00:00+00:00,23.0,1013.5,47.33
2021-02-04T12:00:00+00:00,23.0,1013.2,37.66
2021-02-04T15:00:00+00:00,19.8,1014.9,39.67
2021-02-04T18:00:00+00:00,16.6,1015.6,58.36
2021-02-04T21:00:00+00:00,13.6,1015.3,75.23
2021-02-05T00:00:00+00:00,12.6,1015.1,81.39
2021-02-05T03:00:00+00:00,10.6,1016.7,87.43
2021-02-05T06:00:00+00:00,21.0,1017.1,46.16
2021-02-05T09:00:00+00:00,24.6,1014.5,27.62
2021-02-05T12:00:00+00:00,24.4,1013.9,28.54
2021-02-05T15:00:00+00:00,19.1,1015.6,36.8
2021-02-05T18:00:00+00:00,15.0,1016.3,50.47
2021-02-05T21:00:00+00:00,13.2,1016.1,53.63
2021-02-06T00:00:00+00:00,11.7,1015.9,56.74
2021-02-06T03:00:00+00:00,13.8,1017.7,54.55
2021-02-06T06:00:00+00:00,23.0,1018.4,37.66
2021-02-06T09:00:00+00:00,25.8,1015.3,29.74
2021-02-06T12:00:00+00:00,25.2,1014.1,29.98
2021-02-06T15:00:00+00:00,20.8,1015.5,34.06
2021-02-06T18:00:00+00:00,17.0,1015.8,42.89
2021-02-06T21:00:00+00:00,14.0,1015.7,50.91
2021-02-07T00:00:00+00:00,12.0,1015.4,53.69
2021-02-07T03:00:00+00:00,12.8,1017.0,52.03
2021-02-07T06:00:00+00:00,24.3,1017.2,31.42
2021-02-07T09:00:00+00:00,28.5,1014.2,28.88
2021-02-07T12:00:00+00:00,27.7,1013.1,27.7
2021-02-07T15:00:00+00:00,20.0,1015.1,40.0
2021-02-07T18:00:00+00:00,17.0,1015.7,42.89
2021-02-07T21:00:00+00:00,16.6,1014.9,43.99
2021-02-08T00:00:00+00:00,14.8,1015.0,44.42
2021-02-08T03:00:00+00:00,15.0,1016.5,42.92
2021-02-08T06:00:00+00:00,26.7,1016.7,29.58
2021-02-08T09:00:00+00:00,30.0,1013.5,13.47
2021-02-08T12:00:00+00:00,30.0,1011.7,8.99
2021-02-08T15:00:00+00:00,22.5,1013.1,20.65
2021-02-08T18:00:00+00:00,19.4,1013.7,22.05
2021-02-08T21:00:00+00:00,16.0,1013.2,26.42
2021-02-09T00:00:00+00:00,14.2,1012.3,39.45
2021-02-09T03:00:00+00:00,15.6,1013.1,44.02
2021-02-09T06:00:00+00:00,26.6,1012.8,22.07
2021-02-09T12:00:00+00:00,29.2,1008.5,11.07
2021-02-09T15:00:00+00:00,23.2,1010.1,17.17
2021-02-09T18:00:00+00:00,19.3,1010.7,16.19
2021-02-09T21:00:00+00:00,17.3,1010.5,32.58
2021-02-10T00:00:00+00:00,13.6,1010.7,46.99
2021-02-10T03:00:00+00:00,14.4,1011.7,49.61
2021-02-10T06:00:00+00:00,25.0,1012.3,34.31
2021-02-10T09:00:00+00:00,29.8,1009.6,16.7
2021-02-11T00:00:00+00:00,15.0,1010.7,42.92
2021-02-13T12:00:00+00:00,31.0,1008.0,15.26
2021-02-13T15:00:00+00:00,24.0,1009.9,26.5
2021-02-13T18:00:00+00:00,21.0,1011.0,23.21
2021-02-13T21:00:00+00:00,18.0,1011.2,39.7
2021-02-14T00:00:00+00:00,16.4,1010.3,33.27
2021-02-14T03:00:00+00:00,16.0,1011.7,44.76
2021-02-14T06:00:00+00:00,28.4,1011.6,21.01
2021-02-14T09:00:00+00:00,31.4,1008.5,14.18
2021-02-14T12:00:00+00:00,30.8,1007.9,15.77
2021-02-14T15:00:00+00:00,24.6,1009.8,27.62
2021-02-14T18:00:00+00:00,22.0,1010.1,26.71
2021-02-14T21:00:00+00:00,19.2,1010.1,48.22
2021-02-15T00:00:00+00:00,15.4,1009.4,58.87
2021-02-15T03:00:00+00:00,15.4,1010.8,58.87
2021-02-15T06:00:00+00:00,26.0,1010.3,32.33
2021-02-15T09:00:00+00:00,30.4,1007.7,10.24
2021-02-15T12:00:00+00:00,31.0,1006.5,13.48
2021-02-15T15:00:00+00:00,22.6,1008.3,29.05
2021-02-15T18:00:00+00:00,21.0,1008.9,37.35
2021-02-15T21:00:00+00:00,18.0,1008.4,51.28
2021-02-16T00:00:00+00:00,16.0,1008.6,57.43
2021-02-16T03:00:00+00:00,16.0,1010.7,59.42
2021-02-16T06:00:00+00:00,25.4,1010.8,30.24
2021-02-16T09:00:00+00:00,31.0,1008.1,10.86
2021-02-16T12:00:00+00:00,30.6,1007.1,14.53
2021-02-16T15:00:00+00:00,23.8,1009.1,23.78
2021-02-16T18:00:00+00:00,21.4,1010.6,34.96
2021-02-16T21:00:00+00:00,16.8,1010.6,56.85
2021-02-17T00:00:00+00:00,14.6,1010.4,65.9
2021-02-17T03:00:00+00:00,16.0,1012.5,50.05
2021-02-17T06:00:00+00:00,27.4,1012.1,26.69
2021-02-17T09:00:00+00:00,31.4,1009.7,15.9
2021-02-17T12:00:00+00:00,30.4,1008.4,16.84
2021-02-17T15:00:00+00:00,30.4,1008.4,16.84
2021-02-17T18:00:00+00:00,22.0,1011.7,25.22
2021-02-17T21:00:00+00:00,19.4,1011.3,32.03
2021-02-18T00:00:00+00:00,17.0,1011.7,34.42
2021-02-18T03:00:00+00:00,18.0,1013.8,37.53
2021-02-18T06:00:00+00:00,29.8,1014.4,21.52
2021-02-18T09:00:00+00:00,31.4,1012.0,16.71
2021-02-18T12:00:00+00:00,30.4,1011.4,16.84
2021-02-18T15:00:00+00:00,23.6,1013.6,27.15
2021-02-18T18:00:00+00:00,22.4,1014.3,30.03
2021-02-18T21:00:00+00:00,19.8,1014.5,33.54
2021-02-19T00:00:00+00:00,18.0,1014.8,39.7
2021-02-19T03:00:00+00:00,17.0,1017.1,42.89
2021-02-19T06:00:00+00:00,30.4,1016.4,21.52
2021-02-19T09:00:00+00:00,31.0,1014.2,11.51
2021-02-20T15:00:00+00:00,23.0,1015.3,31.05
2021-02-20T18:00:00+00:00,21.5,1015.4,32.17
2021-02-20T21:00:00+00:00,19.6,1014.8,37.73
2021-02-21T00:00:00+00:00,17.6,1014.8,39.04
2021-02-21T12:00:00+00:00,31.7,1011.7,22.0
2021-02-21T15:00:00+00:00,23.7,1013.5,34.18
2021-02-21T18:00:00+00:00,22.4,1013.7,30.03
2021-02-21T21:00:00+00:00,21.2,1013.1,30.54
2021-02-22T00:00:00+00:00,19.4,1012.7,31.35
2021-02-22T03:00:00+00:00,18.0,1014.8,38.06
2021-02-22T06:00:00+00:00,30.0,1014.3,20.83
2021-02-22T09:00:00+00:00,33.4,1010.9,19.98
2021-02-22T12:00:00+00:00,32.4,1009.4,20.15
2021-02-22T15:00:00+00:00,26.5,1010.9,24.67
2021-02-22T18:00:00+00:00,23.3,1011.4,34.3
2021-02-22T21:00:00+00:00,20.7,1010.7,41.04
2021-02-23T00:00:00+00:00,18.0,1010.0,48.89
2021-02-23T03:00:00+00:00,18.2,1011.3,54.93
2021-02-23T06:00:00+00:00,29.8,1011.4,15.77
2021-02-23T09:00:00+00:00,33.5,1008.1,9.27
2021-02-23T12:00:00+00:00,33.6,1006.5,8.84
2021-02-23T15:00:00+00:00,25.2,1008.5,20.64
2021-02-23T18:00:00+00:00,22.0,1009.0,36.11
2021-02-23T21:00:00+00:00,20.0,1008.2,50.78
2021-02-24T00:00:00+00:00,17.4,1007.4,63.04
2021-02-24T03:00:00+00:00,18.0,1008.5,76.45
2021-02-24T06:00:00+00:00,29.2,1008.4,26.99
2021-02-24T09:00:00+00:00,32.0,1016.0,23.95
2021-02-24T12:00:00+00:00,32.0,1005.1,26.66
2021-02-24T15:00:00+00:00,25.6,1006.4,34.02
2021-02-24T18:00:00+00:00,23.2,1007.6,43.46
2021-02-24T21:00:00+00:00,20.6,1007.4,59.72
2021-02-25T00:00:00+00:00,19.0,1008.1,71.8
2021-02-25T03:00:00+00:00,18.4,1009.8,89.82
2021-02-25T06:00:00+00:00,28.4,1010.1,50.99
2021-02-25T09:00:00+00:00,34.0,1007.0,24.14
2021-02-25T12:00:00+00:00,34.0,1005.3,24.96
2021-02-25T15:00:00+00:00,28.0,1006.4,35.39
2021-02-25T18:00:00+00:00,24.6,1007.4,45.32
2021-02-25T21:00:00+00:00,22.0,1006.4,62.43
2021-02-26T00:00:00+00:00,20.7,1005.6,73.98
2021-02-26T03:00:00+00:00,21.4,1006.2,71.78
2021-02-26T06:00:00+00:00,30.0,1006.7,38.12
2021-02-26T09:00:00+00:00,34.2,1003.8,26.19
2021-02-26T12:00:00+00:00,33.8,1002.5,24.74
2021-02-26T15:00:00+00:00,22.0,1006.4,62.43
2021-02-26T18:00:00+00:00,25.0,1005.5,40.6
2021-02-26T21:00:00+00:00,23.6,1004.8,39.93
2021-02-27T00:00:00+00:00,21.4,1004.6,42.09
2021-02-27T03:00:00+00:00,20.6,1006.8,46.99
2021-02-27T06:00:00+00:00,29.2,1007.4,21.51
2021-02-27T09:00:00+00:00,31.6,1005.2,20.23
2021-02-27T12:00:00+00:00,31.0,1004.5,23.05
2021-02-27T15:00:00+00:00,26.2,1006.5,24.59
2021-02-27T18:00:00+00:00,22.6,1007.5,29.05
2021-02-27T21:00:00+00:00,20.6,1007.0,33.53
2021-02-28T00:00:00+00:00,18.6,1006.9,39.05
2021-02-28T03:00:00+00:00,19.4,1009.2,31.35
2021-02-28T06:00:00+00:00,28.0,1009.2,14.39
2021-02-28T09:00:00+00:00,31.2,1006.7,19.04
2021-02-28T12:00:00+00:00,30.4,1005.9,21.52
2021-02-28T15:00:00+00:00,25.2,1008.0,31.03
2021-02-28T18:00:00+00:00,22.4,1009.9,30.03
2021-02-28T21:00:00+00:00,18.0,1009.8,44.7
2021-03-01T00:00:00+00:00,15.0,1010.2,52.26
2021-03-01T03:00:00+00:00,17.4,1012.1,41.82
2021-03-01T06:00:00+00:00,26.2,1013.2,25.82
2021-03-01T09:00:00+00:00,30.0,1011.6,17.98
2021-03-01T12:00:00+00:00,30.4,1010.7,19.66
2021-03-01T15:00:00+00:00,24.0,1013.0,27.26
2021-03-01T18:00:00+00:00,22.0,1014.1,27.28
2021-03-01T21:00:00+00:00,17.8,1014.0,36.95
2021-03-02T00:00:00+00:00,19.5,1013.3,30.93
2021-03-02T03:00:00+00:00,19.8,1015.0,36.49
2021-03-02T06:00:00+00:00,29.8,1014.5,18.57
2021-03-02T09:00:00+00:00,32.2,1011.7,16.43
2021-03-02T12:00:00+00:00,32.4,1009.9,15.79
2021-03-02T15:00:00+00:00,27.0,1011.9,18.56
2021-03-02T18:00:00+00:00,22.6,1011.4,22.62
2021-03-02T21:00:00+00:00,18.4,1011.0,34.09
2021-03-03T00:00:00+00:00,17.6,1010.0,34.1
2021-03-03T03:00:00+00:00,19.0,1011.9,36.77
2021-03-03T06:00:00+00:00,30.0,1010.9,21.87
2021-03-03T09:00:00+00:00,34.0,1008.1,15.92
2021-03-03T12:00:00+00:00,34.4,1006.5,15.79
2021-03-03T15:00:00+00:00,27.0,1008.2,20.66
2021-03-03T18:00:00+00:00,24.0,1008.8,22.99
2021-03-03T21:00:00+00:00,22.2,1008.1,33.75
2021-03-04T00:00:00+00:00,20.2,1008.2,46.56
2021-03-04T03:00:00+00:00,20.6,1010.3,59.72
2021-03-04T06:00:00+00:00,31.0,1010.5,21.97
2021-03-04T09:00:00+00:00,35.6,1007.7,16.06
2021-03-04T12:00:00+00:00,34.0,1007.2,15.92
2021-03-04T15:00:00+00:00,27.0,1009.2,27.14
2021-03-04T18:00:00+00:00,23.0,1010.5,31.05
2021-03-04T21:00:00+00:00,23.8,1010.2,24.29
2021-03-05T00:00:00+00:00,21.9,1010.4,30.53
2021-03-05T03:00:00+00:00,22.4,1011.5,30.03
2021-03-05T06:00:00+00:00,32.6,1012.4,17.84
2021-03-05T09:00:00+00:00,35.2,1009.6,15.42
2021-03-05T12:00:00+00:00,34.6,1007.6,16.86
2021-03-05T15:00:00+00:00,28.0,1009.0,25.59
2021-03-05T18:00:00+00:00,25.0,1009.7,28.91
2021-03-05T21:00:00+00:00,23.6,1008.6,30.79
2021-03-06T00:00:00+00:00,22.0,1008.5,33.23
2021-03-06T03:00:00+00:00,22.4,1009.8,40.96
2021-03-06T06:00:00+00:00,35.0,1008.6,19.04
2021-03-06T09:00:00+00:00,37.6,1005.0,16.06
2021-03-06T12:00:00+00:00,36.6,1003.1,17.55
2021-03-06T15:00:00+00:00,30.8,1004.1,23.96
2021-03-06T18:00:00+00:00,28.0,1004.6,36.34
2021-03-06T21:00:00+00:00,24.4,1003.8,57.59
2021-03-07T00:00:00+00:00,22.2,1003.0,64.52
2021-03-07T03:00:00+00:00,22.6,1005.0,69.31
2021-03-07T06:00:00+00:00,28.0,1006.7,57.0
2021-03-07T09:00:00+00:00,33.0,1004.0,41.48
2021-03-07T12:00:00+00:00,34.0,1002.0,35.9
2021-03-07T15:00:00+00:00,30.0,1004.0,43.35
2021-03-07T18:00:00+00:00,27.0,1005.3,48.41
2021-03-07T21:00:00+00:00,25.4,1005.2,62.79
2021-03-08T00:00:00+00:00,22.0,1005.6,79.03
2021-03-08T03:00:00+00:00,21.4,1008.4,85.66
2021-03-08T06:00:00+00:00,28.0,1009.2,50.57
2021-03-08T09:00:00+00:00,32.0,1007.1,40.43
2021-03-08T12:00:00+00:00,33.0,1005.6,34.72
2021-03-08T15:00:00+00:00,30.0,1007.0,43.62
2021-03-08T18:00:00+00:00,26.6,1008.7,46.46
2021-03-08T21:00:00+00:00,23.4,1008.5,65.61
2021-03-09T00:00:00+00:00,22.0,1008.5,73.73
2021-03-09T03:00:00+00:00,21.6,1010.3,77.01
2021-03-09T06:00:00+00:00,28.4,1011.5,54.65
2021-03-09T09:00:00+00:00,33.4,1008.5,25.98
2021-03-09T12:00:00+00:00,33.2,1007.0,22.23
2021-03-09T15:00:00+00:00,28.4,1008.3,32.35
2021-03-09T18:00:00+00:00,25.4,1008.7,35.13
2021-03-09T21:00:00+00:00,23.4,1008.8,44.99
2021-03-10T00:00:00+00:00,20.4,1008.1,54.4
2021-03-10T03:00:00+00:00,22.4,1010.7,43.82
2021-03-10T06:00:00+00:00,32.4,1010.2,30.94
2021-03-10T09:00:00+00:00,35.4,1007.2,20.47
2021-03-10T12:00:00+00:00,34.4,1005.7,17.4
2021-03-10T15:00:00+00:00,28.6,1007.0,27.57
2021-03-10T18:00:00+00:00,25.6,1008.3,25.84
2021-03-10T21:00:00+00:00,23.0,1007.1,34.93
2021-03-11T00:00:00+00:00,21.0,1007.3,38.66
2021-03-11T03:00:00+00:00,21.6,1009.5,38.3
2021-03-11T06:00:00+00:00,31.4,1009.4,23.15
2021-03-11T09:00:00+00:00,34.0,1006.8,13.64
2021-03-11T12:00:00+00:00,33.6,1005.0,16.98
2021-03-11T15:00:00+00:00,29.0,1006.5,18.12
2021-03-11T18:00:00+00:00,25.2,1008.6,23.98
2021-03-11T21:00:00+00:00,24.0,1008.1,37.95
2021-03-12T00:00:00+00:00,19.6,1009.8,70.53
2021-03-12T03:00:00+00:00,19.4,1012.0,59.83
2021-03-12T06:00:00+00:00,24.6,1013.3,45.32
2021-03-12T09:00:00+00:00,30.6,1010.3,30.45
2021-03-12T12:00:00+00:00,30.4,1009.9,26.23
2021-03-12T15:00:00+00:00,26.8,1011.7,34.82
2021-03-12T18:00:00+00:00,24.4,1013.7,46.47
2021-03-12T21:00:00+00:00,21.4,1013.3,54.29
2021-03-13T00:00:00+00:00,20.0,1013.3,64.04
2021-03-13T03:00:00+00:00,18.6,1015.8,69.42
2021-03-13T06:00:00+00:00,25.6,1016.2,46.49
2021-03-13T09:00:00+00:00,30.6,1012.9,29.46
2021-03-13T12:00:00+00:00,30.4,1011.0,24.35
2021-03-13T15:00:00+00:00,26.0,1012.0,36.02
2021-03-13T18:00:00+00:00,23.1,1012.2,42.57
2021-03-13T21:00:00+00:00,20.5,1011.0,50.57
2021-03-14T00:00:00+00:00,19.7,1010.1,49.68
2021-03-14T03:00:00+00:00,21.6,1011.7,49.86
2021-03-14T06:00:00+00:00,31.6,1011.5,24.33
2021-03-14T09:00:00+00:00,34.0,1008.8,22.58
2021-03-14T12:00:00+00:00,33.4,1007.2,21.68
2021-03-14T15:00:00+00:00,28.6,1007.7,30.72
2021-03-14T18:00:00+00:00,24.8,1009.1,35.44
2021-03-14T21:00:00+00:00,24.4,1008.5,33.45
2021-03-15T00:00:00+00:00,22.8,1008.2,48.55
2021-03-15T03:00:00+00:00,24.4,1009.9,46.47
2021-03-15T06:00:00+00:00,32.4,1010.3,28.23
2021-03-15T09:00:00+00:00,35.4,1007.2,19.66
2021-03-15T12:00:00+00:00,35.2,1005.9,16.99
2021-03-15T15:00:00+00:00,29.6,1007.4,31.2
2021-03-15T18:00:00+00:00,27.0,1008.7,30.48
2021-03-15T21:00:00+00:00,25.0,1007.8,34.31
2021-03-16T00:00:00+00:00,22.6,1007.9,51.13
2021-03-16T03:00:00+00:00,24.0,1009.9,41.97
2021-03-16T06:00:00+00:00,35.2,1009.5,20.15
2021-03-16T09:00:00+00:00,38.0,1006.6,11.83
2021-03-16T12:00:00+00:00,36.4,1004.9,14.34
2021-03-16T15:00:00+00:00,31.4,1006.6,25.8
2021-03-16T18:00:00+00:00,29.0,1007.7,26.21
2021-03-16T21:00:00+00:00,25.0,1006.8,27.15
2021-03-17T00:00:00+00:00,23.0,1006.7,31.05
2021-03-17T03:00:00+00:00,25.4,1007.9,41.25
2021-03-17T06:00:00+00:00,34.0,1007.9,24.14
2021-03-17T09:00:00+00:00,37.4,1005.1,12.92
2021-03-17T12:00:00+00:00,36.4,1003.5,13.56
2021-03-17T15:00:00+00:00,30.0,1005.3,20.4
2021-03-17T18:00:00+00:00,27.6,1006.4,22.8
2021-03-17T21:00:00+00:00,26.1,1006.0,29.01
2021-03-18T00:00:00+00:00,23.6,1005.9,38.61
2021-03-18T03:00:00+00:00,24.8,1007.7,44.19
2021-03-18T06:00:00+00:00,33.2,1007.5,31.16
2021-03-18T09:00:00+00:00,37.0,1004.4,15.18
2021-03-18T12:00:00+00:00,34.2,1003.6,21.89
2021-03-18T15:00:00+00:00,31.6,1005.0,17.98
2021-03-18T18:00:00+00:00,29.6,1008.0,24.14
2021-03-18T21:00:00+00:00,27.4,1007.5,32.29
2021-03-19T00:00:00+00:00,25.0,1007.6,40.6
2021-03-19T03:00:00+00:00,26.6,1009.2,35.71
2021-03-19T06:00:00+00:00,32.2,1008.9,25.16
2021-03-19T09:00:00+00:00,35.1,1006.5,14.98
2021-03-19T12:00:00+00:00,34.5,1004.9,17.91
2021-03-19T15:00:00+00:00,30.6,1006.6,23.74
2021-03-19T18:00:00+00:00,27.4,1007.6,28.97
2021-03-19T21:00:00+00:00,24.4,1007.0,41.25
2021-03-20T00:00:00+00:00,22.4,1007.0,40.96
2021-03-20T03:00:00+00:00,23.8,1009.1,37.13
2021-03-20T06:00:00+00:00,34.0,1008.2,19.99
2021-03-20T09:00:00+00:00,36.0,1004.7,17.41
2021-03-20T12:00:00+00:00,36.0,1002.6,17.41
2021-03-20T15:00:00+00:00,31.4,1003.5,18.57
2021-03-20T18:00:00+00:00,27.0,1004.3,23.95
2021-03-20T21:00:00+00:00,26.0,1004.0,27.62
2021-03-21T00:00:00+00:00,25.0,1003.5,30.76
2021-03-21T03:00:00+00:00,25.6,1005.3,28.28
2021-03-21T06:00:00+00:00,34.0,1004.6,15.92
2021-03-21T09:00:00+00:00,35.2,1002.2,13.22
2021-03-21T12:00:00+00:00,35.2,1000.4,14.69
2021-03-21T15:00:00+00:00,31.3,1002.5,27.56
2021-03-21T18:00:00+00:00,24.5,1007.7,44.7
2021-03-21T21:00:00+00:00,26.5,1004.7,27.95
2021-03-22T00:00:00+00:00,23.0,1005.3,43.99
2021-03-22T03:00:00+00:00,21.4,1008.7,58.75
2021-03-22T06:00:00+00:00,27.6,1008.7,33.67
2021-03-22T09:00:00+00:00,33.4,1005.3,17.41
2021-03-22T12:00:00+00:00,33.4,1003.2,11.87
2021-03-22T15:00:00+00:00,30.4,1004.0,26.23
2021-03-22T18:00:00+00:00,23.2,1009.0,59.18
2021-03-22T21:00:00+00:00,19.6,1009.1,53.47
2021-03-23T00:00:00+00:00,18.0,1008.3,61.93
2021-03-23T03:00:00+00:00,20.0,1010.4,50.78
2021-03-23T06:00:00+00:00,28.0,1011.0,27.6
2021-03-23T09:00:00+00:00,32.9,1008.5,14.2
2021-03-23T12:00:00+00:00,32.3,1007.4,13.67
2021-03-23T15:00:00+00:00,28.6,1008.7,20.48
2021-03-23T18:00:00+00:00,24.6,1010.7,31.29
2021-03-23T21:00:00+00:00,22.5,1010.7,37.78
2021-03-24T00:00:00+00:00,21.2,1011.0,40.34
2021-03-24T03:00:00+00:00,23.6,1013.0,34.62
2021-03-24T06:00:00+00:00,30.5,1013.6,18.35
2021-03-24T09:00:00+00:00,33.2,1011.0,14.67
2021-03-24T12:00:00+00:00,32.4,1010.0,13.4
2021-03-24T15:00:00+00:00,28.6,1011.2,22.43
2021-03-24T18:00:00+00:00,26.0,1012.2,32.33
2021-03-24T21:00:00+00:00,22.4,1012.1,51.08
2021-03-25T00:00:00+00:00,20.0,1011.7,64.04
2021-03-25T03:00:00+00:00,22.0,1013.0,50.3
2021-03-25T06:00:00+00:00,30.4,1012.7,27.32
2021-03-25T09:00:00+00:00,34.2,1010.5,17.84
2021-03-25T12:00:00+00:00,34.0,1008.6,17.55
2021-03-25T15:00:00+00:00,29.3,1010.3,25.07
2021-03-25T18:00:00+00:00,25.6,1010.8,35.91
2021-03-25T21:00:00+00:00,25.3,1010.1,35.58
2021-03-26T00:00:00+00:00,22.0,1009.9,44.6
2021-03-26T03:00:00+00:00,24.6,1011.1,38.89
2021-03-26T06:00:00+00:00,33.8,1010.7,19.68
2021-03-26T09:00:00+00:00,38.0,1007.0,12.51
2021-03-26T12:00:00+00:00,37.8,1005.2,13.56
2021-03-26T15:00:00+00:00,32.8,1006.0,21.53
2021-03-26T18:00:00+00:00,27.6,1007.3,26.02
2021-03-27T00:00:00+00:00,23.8,1005.7,27.4
2021-03-27T03:00:00+00:00,25.4,1007.1,26.7
2021-03-27T06:00:00+00:00,35.4,1007.6,12.79
2021-03-27T09:00:00+00:00,40.0,1004.9,9.61
2021-03-27T12:00:00+00:00,39.6,1003.4,10.92
2021-03-27T15:00:00+00:00,33.0,1004.8,16.04
2021-03-27T18:00:00+00:00,29.4,1005.5,19.83
2021-03-27T21:00:00+00:00,28.0,1004.4,21.36
2021-03-28T00:00:00+00:00,26.4,1003.8,22.81
2021-03-28T03:00:00+00:00,28.6,1004.8,22.43
2021-03-28T06:00:00+00:00,39.2,1004.5,12.23
2021-03-28T09:00:00+00:00,41.6,1001.2,12.96
2021-03-28T12:00:00+00:00,40.0,999.6,13.92
2021-03-28T15:00:00+00:00,35.2,1000.3,19.35
2021-03-28T18:00:00+00:00,31.2,1001.6,28.47
2021-03-28T21:00:00+00:00,26.6,1001.9,45.27
2021-03-29T00:00:00+00:00,24.6,1001.1,51.99
2021-03-29T03:00:00+00:00,26.2,1002.5,53.76
2021-03-29T06:00:00+00:00,35.0,1003.0,36.86
2021-03-29T09:00:00+00:00,40.0,1000.3,29.88
2021-03-29T12:00:00+00:00,40.6,998.6,24.72
2021-03-29T15:00:00+00:00,34.6,999.8,30.15
2021-03-29T18:00:00+00:00,32.6,1000.8,48.35
2021-03-29T21:00:00+00:00,28.4,1001.2,63.83
2021-03-30T00:00:00+00:00,25.6,1001.0,76.19
2021-03-30T03:00:00+00:00,26.0,1003.2,76.25
2021-03-30T06:00:00+00:00,35.0,1003.6,26.4
2021-03-30T09:00:00+00:00,40.0,1000.7,13.92
2021-03-30T12:00:00+00:00,39.4,999.5,15.08
2021-03-30T15:00:00+00:00,34.0,1001.1,18.42
2021-03-30T18:00:00+00:00,30.6,1001.5,20.84
2021-03-30T21:00:00+00:00,29.4,1000.9,16.02
2021-03-31T00:00:00+00:00,26.8,1000.5,18.24
2021-03-31T03:00:00+00:00,26.0,1002.4,19.83
2021-03-31T06:00:00+00:00,34.0,1003.1,15.16
2021-03-31T09:00:00+00:00,36.2,1001.2,17.7
2021-03-31T12:00:00+00:00,36.2,1000.1,18.44
2021-03-31T15:00:00+00:00,31.0,1001.8,21.52
2021-03-31T18:00:00+00:00,27.0,1002.5,22.81
2021-03-31T21:00:00+00:00,24.9,1002.1,21.79
2021-04-01T00:00:00+00:00,24.4,1001.7,26.06
2021-04-01T03:00:00+00:00,24.4,1003.4,29.76
2021-04-01T06:00:00+00:00,33.4,1003.7,21.68
2021-04-01T09:00:00+00:00,37.4,1001.0,20.01
2021-04-01T12:00:00+00:00,37.0,999.7,20.32
2021-04-01T15:00:00+00:00,31.4,1001.4,23.15
2021-04-01T18:00:00+00:00,26.8,1002.3,26.9
2021-04-01T21:00:00+00:00,24.6,1002.3,30.02
2021-04-02T00:00:00+00:00,26.0,1001.8,31.47
2021-04-02T03:00:00+00:00,26.0,1003.3,32.33
2021-04-02T06:00:00+00:00,33.6,1003.4,32.51
2021-04-02T09:00:00+00:00,37.0,1001.3,22.59
2021-04-02T12:00:00+00:00,37.0,1000.1,26.41
2021-04-02T15:00:00+00:00,30.9,1002.1,28.96
2021-04-02T18:00:00+00:00,27.5,1003.1,29.0
2021-04-02T21:00:00+00:00,26.8,1002.3,33.0
2021-04-03T00:00:00+00:00,23.1,1002.7,37.18
2021-04-03T03:00:00+00:00,26.6,1004.2,37.92
2021-04-03T06:00:00+00:00,37.8,1004.3,32.21
2021-04-03T09:00:00+00:00,39.4,1002.3,28.44
2021-04-03T12:00:00+00:00,39.0,1001.1,28.7
2021-04-03T15:00:00+00:00,33.0,1003.3,31.72
2021-04-03T18:00:00+00:00,30.0,1004.7,32.79
2021-04-03T21:00:00+00:00,24.8,1004.3,37.92
2021-04-04T00:00:00+00:00,24.0,1004.2,39.25
2021-04-04T03:00:00+00:00,26.6,1006.5,35.71
2021-04-04T06:00:00+00:00,38.4,1006.0,9.14
2021-04-04T09:00:00+00:00,42.2,1002.8,10.28
2021-04-04T12:00:00+00:00,41.2,1001.3,13.06
2021-04-04T15:00:00+00:00,34.1,1002.9,20.57
2021-04-04T18:00:00+00:00,33.6,1003.6,27.09
2021-04-04T21:00:00+00:00,29.2,1003.7,33.01
2021-04-05T00:00:00+00:00,27.0,1003.6,36.3
2021-04-05T03:00:00+00:00,28.4,1005.2,42.08
2021-04-05T06:00:00+00:00,32.8,1005.8,34.44
2021-04-05T09:00:00+00:00,38.0,1002.9,27.72
2021-04-05T12:00:00+00:00,38.8,1001.5,23.34
2021-04-05T15:00:00+00:00,34.0,1002.3,27.73
2021-04-05T18:00:00+00:00,32.2,1004.1,31.71
2021-04-05T21:00:00+00:00,27.4,1003.8,41.54
2021-04-06T00:00:00+00:00,24.0,1003.4,52.85
2021-04-06T03:00:00+00:00,25.0,1005.1,80.43
2021-04-06T06:00:00+00:00,32.6,1004.5,48.35
2021-04-06T09:00:00+00:00,38.6,1001.6,33.03
2021-04-06T12:00:00+00:00,38.4,1000.3,28.18
2021-04-06T15:00:00+00:00,30.2,1003.5,44.8
2021-04-06T18:00:00+00:00,26.0,1006.1,49.72
2021-04-06T21:00:00+00:00,25.0,1006.3,52.43
2021-04-07T00:00:00+00:00,24.4,1006.9,54.7
2021-04-07T03:00:00+00:00,26.0,1009.2,51.02
2021-04-07T06:00:00+00:00,32.0,1009.7,28.68
2021-04-07T09:00:00+00:00,35.2,1007.2,16.99
2021-04-07T12:00:00+00:00,35.0,1005.7,15.92
2021-04-07T15:00:00+00:00,30.6,1007.3,19.03
2021-04-07T18:00:00+00:00,28.0,1008.0,21.36
2021-04-07T21:00:00+00:00,24.6,1007.6,32.6
2021-04-08T00:00:00+00:00,22.6,1007.1,42.71
2021-04-08T03:00:00+00:00,24.4,1009.0,50.6
2021-04-08T06:00:00+00:00,31.4,1008.5,21.33
2021-04-08T09:00:00+00:00,36.0,1005.7,10.19
2021-04-08T12:00:00+00:00,35.0,1003.9,12.18
2021-04-08T15:00:00+00:00,30.8,1005.3,20.32
2021-04-08T18:00:00+00:00,26.0,1006.4,25.95
2021-04-08T21:00:00+00:00,25.2,1005.6,24.67
2021-04-09T00:00:00+00:00,23.5,1005.8,26.93
2021-04-09T03:00:00+00:00,26.8,1007.4,22.44
2021-04-09T06:00:00+00:00,35.4,1007.3,16.58
2021-04-09T09:00:00+00:00,37.4,1005.2,14.35
2021-04-09T12:00:00+00:00,37.2,1003.9,13.34
2021-04-09T15:00:00+00:00,31.0,1005.1,21.52
2021-04-09T18:00:00+00:00,26.6,1006.6,27.59
2021-04-09T21:00:00+00:00,27.0,1006.3,26.04
2021-04-10T00:00:00+00:00,25.4,1006.3,26.7
2021-04-10T03:00:00+00:00,28.2,1008.0,21.71
2021-04-10T06:00:00+00:00,37.6,1008.1,15.31
2021-04-10T09:00:00+00:00,39.0,1006.8,15.83
2021-04-10T12:00:00+00:00,38.0,1004.9,18.0
2021-04-10T15:00:00+00:00,32.5,1006.7,24.24
2021-04-10T18:00:00+00:00,29.8,1007.9,23.37
2021-04-10T21:00:00+00:00,28.4,1007.4,25.7
2021-04-11T00:00:00+00:00,26.8,1007.3,27.84
2021-04-11T03:00:00+00:00,29.4,1009.2,24.75
2021-04-11T06:00:00+00:00,38.6,1008.5,21.97
2021-04-11T09:00:00+00:00,39.4,1006.8,18.44
2021-04-11T12:00:00+00:00,39.0,1004.9,22.79
2021-04-11T15:00:00+00:00,32.2,1006.3,29.89
2021-04-11T18:00:00+00:00,29.4,1007.6,29.72
2021-04-11T21:00:00+00:00,28.0,1007.5,29.74
2021-04-12T00:00:00+00:00,25.0,1007.4,34.31
2021-04-12T03:00:00+00:00,28.8,1009.3,29.96
2021-04-12T06:00:00+00:00,39.0,1009.0,21.36
2021-04-12T09:00:00+00:00,41.4,1006.7,30.63
2021-04-12T12:00:00+00:00,40.5,1004.9,33.75
2021-04-12T15:00:00+00:00,33.4,1006.7,33.3
2021-04-12T18:00:00+00:00,29.6,1007.6,39.77
2021-04-12T21:00:00+00:00,30.2,1007.0,40.45
2021-04-13T00:00:00+00:00,28.0,1007.1,41.16
2021-04-13T03:00:00+00:00,29.0,1008.5,42.25
2021-04-13T06:00:00+00:00,39.3,1007.9,39.43
2021-04-13T09:00:00+00:00,42.0,1005.2,4.01
2021-04-13T12:00:00+00:00,39.8,1003.4,9.93
2021-04-13T15:00:00+00:00,35.4,1004.8,18.88
2021-04-13T18:00:00+00:00,33.0,1006.2,16.84
2021-04-13T21:00:00+00:00,30.0,1005.7,22.79
2021-04-14T00:00:00+00:00,26.4,1005.3,28.31
2021-04-14T03:00:00+00:00,29.0,1007.8,27.12
2021-04-14T06:00:00+00:00,37.0,1007.0,16.6
2021-04-14T09:00:00+00:00,39.0,1005.2,16.48
2021-04-14T12:00:00+00:00,37.2,1003.3,20.5
2021-04-14T15:00:00+00:00,32.8,1004.7,26.0
2021-04-14T18:00:00+00:00,27.8,1006.5,30.5
2021-04-14T21:00:00+00:00,25.2,1005.9,39.06
2021-04-15T00:00:00+00:00,22.5,1005.8,67.98
2021-04-15T03:00:00+00:00,23.8,1007.2,76.38
2021-04-15T06:00:00+00:00,31.8,1007.0,39.11
2021-04-15T09:00:00+00:00,36.0,1003.7,35.32
2021-04-15T12:00:00+00:00,37.0,1001.0,32.19
2021-04-15T15:00:00+00:00,33.6,1002.1,42.16
2021-04-15T18:00:00+00:00,31.2,1003.3,49.2
2021-04-15T21:00:00+00:00,29.6,1003.6,39.77
2021-04-16T00:00:00+00:00,25.6,1004.1,58.61
2021-04-16T03:00:00+00:00,25.0,1005.9,66.78
2021-04-16T06:00:00+00:00,30.0,1006.2,43.62
2021-04-16T09:00:00+00:00,34.4,1003.8,35.33
2021-04-16T12:00:00+00:00,34.8,1002.4,31.4
2021-04-16T15:00:00+00:00,32.2,1004.4,34.5
2021-04-16T18:00:00+00:00,27.2,1006.4,49.72
2021-04-16T21:00:00+00:00,24.4,1006.0,57.59
2021-04-17T00:00:00+00:00,23.4,1006.8,62.34
2021-04-17T03:00:00+00:00,24.6,1008.6,59.13
2021-04-17T06:00:00+00:00,32.0,1007.9,38.42
2021-04-17T09:00:00+00:00,36.0,1006.2,29.38
2021-04-17T12:00:00+00:00,36.0,1004.7,29.38
2021-04-17T15:00:00+00:00,32.4,1006.6,31.97
2021-04-17T18:00:00+00:00,30.0,1007.1,32.79
2021-04-17T21:00:00+00:00,27.0,1007.6,45.68
2021-04-18T00:00:00+00:00,25.4,1008.0,47.67
2021-04-18T03:00:00+00:00,28.6,1009.2,41.87
2021-04-18T06:00:00+00:00,36.4,1008.4,28.93
2021-04-18T09:00:00+00:00,41.0,1006.1,22.42
2021-04-18T12:00:00+00:00,38.6,1004.3,21.54
2021-04-18T15:00:00+00:00,34.0,1005.4,26.84
2021-04-18T18:00:00+00:00,30.6,1005.7,28.49
2021-04-18T21:00:00+00:00,29.6,1004.8,35.37
2021-04-19T00:00:00+00:00,26.6,1004.9,41.59
2021-04-19T03:00:00+00:00,28.6,1005.8,46.4
2021-04-19T06:00:00+00:00,36.6,1005.1,30.89
2021-04-19T09:00:00+00:00,40.6,1001.7,24.72
2021-04-19T12:00:00+00:00,38.4,999.6,28.18
2021-04-19T15:00:00+00:00,34.0,1002.6,34.99
2021-04-19T18:00:00+00:00,30.6,1003.1,43.51
2021-04-19T21:00:00+00:00,29.2,1002.7,45.98
2021-04-20T00:00:00+00:00,25.0,1002.8,61.13
2021-04-20T03:00:00+00:00,26.6,1004.4,58.11
2021-04-20T06:00:00+00:00,33.4,1003.4,28.68
2021-04-20T09:00:00+00:00,34.0,1001.8,35.9
2021-04-20T12:00:00+00:00,32.6,1001.2,35.97
2021-04-20T15:00:00+00:00,29.6,1003.6,39.77
2021-04-20T18:00:00+00:00,23.0,1006.5,65.11
2021-04-20T21:00:00+00:00,22.0,1006.0,72.34
2021-04-21T00:00:00+00:00,21.2,1007.3,75.02
2021-04-21T03:00:00+00:00,22.5,1008.3,70.17
2021-04-21T06:00:00+00:00,30.0,1008.8,29.69
2021-04-21T09:00:00+00:00,33.0,1006.6,21.0
2021-04-21T12:00:00+00:00,34.2,1004.5,18.59
2021-04-21T15:00:00+00:00,30.4,1006.1,31.21
2021-04-21T18:00:00+00:00,29.0,1006.5,27.12
2021-04-21T21:00:00+00:00,26.0,1006.1,36.02
2021-04-22T00:00:00+00:00,23.4,1006.2,42.37
2021-04-22T03:00:00+00:00,27.6,1006.4,31.49
2021-04-22T06:00:00+00:00,35.6,1005.4,22.24
2021-04-22T09:00:00+00:00,40.2,1002.6,12.95
2021-04-22T12:00:00+00:00,39.4,1000.7,15.08
2021-04-22T15:00:00+00:00,34.2,1002.4,20.73
2021-04-22T18:00:00+00:00,31.4,1002.8,29.68
2021-04-22T21:00:00+00:00,29.0,1002.5,69.66
2021-04-23T00:00:00+00:00,25.7,1002.7,77.62
2021-04-23T03:00:00+00:00,26.0,1005.4,79.1
2021-04-23T06:00:00+00:00,29.4,1006.0,40.49
2021-04-23T09:00:00+00:00,33.8,1004.3,31.94
2021-04-23T12:00:00+00:00,34.0,1003.1,28.47
2021-04-23T15:00:00+00:00,30.6,1005.9,32.53
2021-04-23T18:00:00+00:00,27.6,1006.9,39.47
2021-04-23T21:00:00+00:00,24.2,1006.4,40.92
2021-04-24T00:00:00+00:00,21.6,1007.6,41.01
2021-04-24T03:00:00+00:00,25.6,1009.2,64.43
2021-04-24T06:00:00+00:00,32.6,1009.4,31.2
2021-04-24T09:00:00+00:00,37.0,1007.0,13.03
2021-04-24T12:00:00+00:00,37.4,1005.0,8.61
2021-04-24T15:00:00+00:00,33.0,1007.0,11.17
2021-04-24T18:00:00+00:00,29.8,1007.8,16.7
2021-04-24T21:00:00+00:00,27.6,1007.1,20.66
2021-04-25T00:00:00+00:00,25.4,1007.8,24.37
2021-04-25T03:00:00+00:00,28.8,1009.8,22.8
2021-04-25T06:00:00+00:00,36.5,1008.9,14.06
2021-04-25T09:00:00+00:00,39.0,1006.0,11.28
2021-04-25T12:00:00+00:00,39.4,1003.8,9.38
2021-04-25T15:00:00+00:00,34.0,1005.2,16.72
2021-04-25T18:00:00+00:00,31.8,1005.7,17.4
2021-04-25T21:00:00+00:00,27.4,1005.2,19.33
2021-04-26T00:00:00+00:00,26.4,1004.7,19.5
2021-04-26T03:00:00+00:00,30.0,1006.0,17.98
2021-04-26T06:00:00+00:00,40.0,1005.3,10.84
2021-04-26T09:00:00+00:00,41.6,1003.3,8.89
2021-04-26T12:00:00+00:00,41.4,1001.4,8.61
2021-04-26T15:00:00+00:00,35.0,1003.1,15.92
2021-04-26T18:00:00+00:00,31.8,1004.0,14.89
2021-04-26T21:00:00+00:00,28.5,1003.8,17.75
2021-04-27T00:00:00+00:00,29.2,1003.6,24.87
2021-04-27T03:00:00+00:00,30.4,1005.7,28.25
2021-04-27T06:00:00+00:00,40.0,1005.5,13.92
2021-04-27T09:00:00+00:00,42.0,1003.5,12.86
2021-04-27T12:00:00+00:00,41.0,1002.2,13.38
2021-04-27T15:00:00+00:00,36.6,1003.5,17.91
2021-04-27T18:00:00+00:00,34.0,1005.2,22.13
2021-04-27T21:00:00+00:00,31.6,1005.5,27.09
2021-04-28T00:00:00+00:00,29.0,1005.6,43.35
2021-04-28T03:00:00+00:00,31.6,1008.0,38.81
2021-04-28T06:00:00+00:00,37.8,1007.6,14.23
2021-04-28T09:00:00+00:00,41.5,1005.2,14.92
2021-04-28T12:00:00+00:00,40.8,1003.0,15.58
2021-04-28T15:00:00+00:00,35.8,1004.3,20.99
2021-04-28T18:00:00+00:00,34.4,1005.7,28.95
2021-04-28T21:00:00+00:00,31.6,1005.6,33.89
2021-04-29T00:00:00+00:00,28.8,1005.8,41.92
2021-04-29T03:00:00+00:00,30.8,1006.8,46.7
2021-04-29T06:00:00+00:00,38.8,1006.7,18.06
2021-04-29T09:00:00+00:00,40.5,1004.1,13.64
2021-04-29T12:00:00+00:00,39.4,1002.5,16.68
2021-04-29T15:00:00+00:00,34.4,1003.5,23.93
2021-04-29T18:00:00+00:00,31.6,1005.4,28.01
2021-04-30T00:00:00+00:00,27.0,1004.2,37.28
2021-04-30T03:00:00+00:00,31.2,1005.3,28.47
2021-04-30T06:00:00+00:00,37.8,1004.8,17.71
2021-04-30T09:00:00+00:00,40.2,1002.6,13.58
2021-04-30T12:00:00+00:00,40.0,1000.4,12.04
2021-04-30T15:00:00+00:00,35.0,1002.2,23.45
2021-04-30T18:00:00+00:00,32.7,1003.6,28.12
2021-04-30T21:00:00+00:00,30.2,1003.0,39.93
2021-05-01T00:00:00+00:00,28.5,1002.8,61.16
2021-05-01T03:00:00+00:00,30.0,1004.7,55.04
2021-05-01T06:00:00+00:00,38.4,1003.5,20.66
2021-05-01T09:00:00+00:00,40.4,1000.9,14.49
2021-05-01T12:00:00+00:00,40.6,999.0,11.66
2021-05-01T15:00:00+00:00,34.0,1001.3,27.73
2021-05-01T18:00:00+00:00,30.6,1004.1,31.48
2021-05-01T21:00:00+00:00,28.7,1003.4,37.26
2021-05-02T00:00:00+00:00,27.5,1003.8,39.19
2021-05-02T03:00:00+00:00,29.4,1005.3,40.49
2021-05-02T06:00:00+00:00,36.4,1004.7,21.71
2021-05-02T09:00:00+00:00,39.0,1002.7,13.52
2021-05-02T12:00:00+00:00,38.3,1000.7,14.54
2021-05-02T15:00:00+00:00,34.4,1002.4,18.9
2021-05-02T18:00:00+00:00,32.0,1003.6,30.43
2021-05-02T21:00:00+00:00,29.2,1003.0,36.92
2021-05-03T00:00:00+00:00,26.0,1003.4,48.45
2021-05-03T03:00:00+00:00,29.5,1004.9,38.98
2021-05-03T06:00:00+00:00,36.4,1004.2,22.59
2021-05-03T09:00:00+00:00,38.4,1001.5,17.14
2021-05-03T12:00:00+00:00,38.0,999.5,14.47
2021-05-03T15:00:00+00:00,34.2,1001.1,19.5
2021-05-03T18:00:00+00:00,31.4,1001.6,27.77
2021-05-03T21:00:00+00:00,29.4,1001.4,32.85
2021-05-04T00:00:00+00:00,26.0,1001.4,55.1
2021-05-04T03:00:00+00:00,28.2,1003.0,67.42
2021-05-04T06:00:00+00:00,34.0,1002.9,45.53
2021-05-04T09:00:00+00:00,38.6,999.8,25.99
2021-05-04T12:00:00+00:00,38.0,997.9,24.53
2021-05-04T15:00:00+00:00,35.2,999.2,24.94
2021-05-04T18:00:00+00:00,33.4,1001.3,25.13
2021-05-04T21:00:00+00:00,29.6,1001.4,48.17
2021-05-05T00:00:00+00:00,27.0,1002.2,58.57
2021-05-05T03:00:00+00:00,28.8,1004.3,56.48
2021-05-05T06:00:00+00:00,35.6,1003.7,29.65
2021-05-05T09:00:00+00:00,40.0,1001.2,15.83
2021-05-05T12:00:00+00:00,38.2,999.8,17.56
2021-05-05T15:00:00+00:00,34.0,1000.8,26.84
2021-05-05T18:00:00+00:00,32.4,1002.1,36.85
2021-05-05T21:00:00+00:00,31.2,1002.0,38.45
2021-05-06T00:00:00+00:00,28.0,1002.3,53.19
2021-05-06T03:00:00+00:00,28.4,1005.0,39.18
2021-05-06T06:00:00+00:00,32.2,1005.6,32.76
2021-05-06T09:00:00+00:00,36.0,1003.4,25.98
2021-05-06T12:00:00+00:00,36.5,1001.7,24.95
2021-05-06T15:00:00+00:00,33.4,1003.7,29.44
2021-05-06T18:00:00+00:00,29.8,1006.0,43.29
2021-05-06T21:00:00+00:00,29.0,1004.9,43.35
2021-05-07T00:00:00+00:00,28.0,1005.1,41.16
2021-05-07T03:00:00+00:00,30.7,1006.5,37.33
2021-05-07T06:00:00+00:00,36.8,1006.4,19.21
2021-05-07T09:00:00+00:00,38.8,1004.5,17.0
2021-05-07T12:00:00+00:00,39.0,1002.7,15.83
2021-05-07T15:00:00+00:00,35.6,1004.2,21.51
2021-05-07T18:00:00+00:00,32.8,1004.8,26.87
2021-05-07T21:00:00+00:00,30.4,1004.2,30.2
2021-05-08T00:00:00+00:00,29.2,1004.2,30.47
2021-05-08T03:00:00+00:00,33.4,1005.1,24.15
2021-05-08T06:00:00+00:00,39.0,1004.6,14.59
2021-05-08T09:00:00+00:00,40.4,1002.5,13.17
2021-05-08T12:00:00+00:00,40.8,1000.2,10.1
2021-05-08T15:00:00+00:00,36.1,1001.1,22.07
2021-05-08T18:00:00+00:00,32.5,1002.0,24.24
2021-05-08T21:00:00+00:00,31.3,1001.2,20.16
2021-05-09T00:00:00+00:00,29.4,1001.4,27.23
2021-05-09T03:00:00+00:00,32.0,1002.9,24.93
2021-05-09T06:00:00+00:00,40.4,1001.9,13.17
2021-05-09T09:00:00+00:00,42.0,999.2,10.53
2021-05-09T12:00:00+00:00,42.0,997.1,12.26
2021-05-09T15:00:00+00:00,36.6,998.6,18.28
2021-05-09T18:00:00+00:00,34.0,999.9,26.84
2021-05-09T21:00:00+00:00,33.0,1000.0,29.92
2021-05-10T00:00:00+00:00,30.0,999.6,43.35
2021-05-10T03:00:00+00:00,30.0,1001.8,46.78
2021-05-10T06:00:00+00:00,37.6,1000.8,28.69
2021-05-10T09:00:00+00:00,40.5,998.4,19.45
2021-05-10T12:00:00+00:00,40.5,996.3,16.48
2021-05-10T15:00:00+00:00,36.4,997.4,24.93
2021-05-10T18:00:00+00:00,31.6,999.6,48.39
2021-05-10T21:00:00+00:00,22.6,1003.9,91.24
2021-05-11T00:00:00+00:00,26.0,1000.4,60.59
2021-05-11T03:00:00+00:00,28.5,1000.8,56.06
2021-05-11T06:00:00+00:00,33.6,1002.1,50.43
2021-05-11T09:00:00+00:00,38.0,999.3,27.72
2021-05-11T12:00:00+00:00,39.4,996.3,21.18
2021-05-11T15:00:00+00:00,35.6,998.0,27.98
2021-05-11T18:00:00+00:00,29.0,999.3,48.01
2021-05-11T21:00:00+00:00,27.8,999.6,51.81
2021-05-12T03:00:00+00:00,28.2,999.4,64.98
2021-05-12T06:00:00+00:00,34.6,998.7,45.13
2021-05-12T09:00:00+00:00,40.2,995.7,23.54
2021-05-12T12:00:00+00:00,40.0,993.0,19.85
2021-05-12T15:00:00+00:00,33.9,994.2,35.19
2021-05-12T18:00:00+00:00,30.5,996.2,43.48
2021-05-12T21:00:00+00:00,28.0,997.0,46.84
2021-05-13T00:00:00+00:00,26.5,996.7,58.09
2021-05-13T03:00:00+00:00,28.2,997.3,69.09
2021-05-13T06:00:00+00:00,34.2,997.3,42.85
2021-05-13T09:00:00+00:00,40.2,995.1,23.54
2021-05-13T12:00:00+00:00,40.0,993.4,12.73
2021-05-13T15:00:00+00:00,34.6,995.5,29.38
2021-05-13T18:00:00+00:00,31.6,997.9,36.86
2021-05-13T21:00:00+00:00,29.0,998.3,42.25
2021-05-14T00:00:00+00:00,28.6,998.2,50.08
2021-05-14T03:00:00+00:00,29.4,999.5,62.12
2021-05-14T06:00:00+00:00,35.6,999.2,34.99
2021-05-14T09:00:00+00:00,38.8,996.9,26.71
2021-05-14T12:00:00+00:00,36.0,996.2,30.53
2021-05-14T15:00:00+00:00,33.8,996.8,26.43
2021-05-14T18:00:00+00:00,31.6,998.5,36.86
2021-05-14T21:00:00+00:00,28.0,998.8,48.05
2021-05-15T00:00:00+00:00,27.6,999.1,46.43
2021-05-15T03:00:00+00:00,30.2,1000.8,37.19
2021-05-15T06:00:00+00:00,36.2,1000.3,26.21
2021-05-15T09:00:00+00:00,39.6,999.0,18.0
2021-05-15T12:00:00+00:00,40.0,997.0,17.16
2021-05-15T15:00:00+00:00,37.0,998.7,20.32
2021-05-15T18:00:00+00:00,31.4,1001.9,37.77
2021-05-15T21:00:00+00:00,29.4,999.9,46.32
2021-05-16T00:00:00+00:00,28.4,1000.8,42.63
2021-05-16T03:00:00+00:00,28.6,1003.6,44.08
2021-05-16T06:00:00+00:00,35.0,1003.0,30.65
2021-05-16T09:00:00+00:00,39.2,1000.6,20.99
2021-05-16T12:00:00+00:00,40.0,998.4,17.86
2021-05-16T15:00:00+00:00,37.0,999.3,21.0
2021-05-16T18:00:00+00:00,34.0,1001.6,23.35
2021-05-16T21:00:00+00:00,32.2,1001.1,26.01
2021-05-17T00:00:00+00:00,30.4,1001.3,34.23
2021-05-17T03:00:00+00:00,32.4,1002.8,30.15
2021-05-17T06:00:00+00:00,37.6,1002.4,26.4
2021-05-17T09:00:00+00:00,40.4,999.9,25.15
2021-05-17T12:00:00+00:00,38.4,997.8,28.18
2021-05-17T15:00:00+00:00,34.6,999.1,35.61
2021-05-17T18:00:00+00:00,33.0,1000.8,39.44
2021-05-17T21:00:00+00:00,32.4,999.8,36.85
2021-05-18T00:00:00+00:00,31.0,1000.0,42.52
2021-05-18T03:00:00+00:00,29.8,1002.3,53.64
2021-05-18T06:00:00+00:00,30.0,1002.9,43.62
2021-05-18T09:00:00+00:00,32.4,1000.9,35.46
2021-05-18T12:00:00+00:00,31.0,999.1,36.7
2021-05-18T15:00:00+00:00,29.2,999.5,42.58
2021-05-18T18:00:00+00:00,28.2,1000.3,46.0
2021-05-18T21:00:00+00:00,26.0,999.1,53.71
2021-05-19T00:00:00+00:00,23.8,999.3,71.76
2021-05-19T03:00:00+00:00,26.0,1001.1,64.52
2021-05-19T06:00:00+00:00,31.5,1000.6,42.39
2021-05-19T09:00:00+00:00,35.4,998.6,28.66
2021-05-19T12:00:00+00:00,36.2,997.5,26.21
2021-05-19T15:00:00+00:00,32.0,998.9,36.74
2021-05-19T18:00:00+00:00,30.0,999.6,45.61
2021-05-19T21:00:00+00:00,28.0,999.8,50.57
2021-05-20T00:00:00+00:00,26.8,1000.1,50.58
2021-05-20T03:00:00+00:00,30.4,999.9,41.82
2021-05-20T06:00:00+00:00,37.0,999.2,28.9
2021-05-20T09:00:00+00:00,42.2,996.9,14.86
2021-05-20T12:00:00+00:00,42.0,995.0,12.86
2021-05-20T15:00:00+00:00,38.1,995.8,19.14
2021-05-20T18:00:00+00:00,33.6,997.5,50.43
2021-05-20T21:00:00+00:00,30.0,997.9,63.79
2021-05-21T00:00:00+00:00,27.0,997.9,76.87
2021-05-21T03:00:00+00:00,28.4,999.5,71.69
2021-05-21T06:00:00+00:00,35.0,999.7,44.42
2021-05-21T09:00:00+00:00,40.0,997.7,27.72
2021-05-21T12:00:00+00:00,41.0,996.0,20.35
2021-05-21T15:00:00+00:00,37.4,996.4,25.35
2021-05-21T18:00:00+00:00,34.4,997.7,27.3
2021-05-21T21:00:00+00:00,31.0,1000.0,65.56
2021-05-22T00:00:00+00:00,28.6,1000.4,74.83
2021-05-22T03:00:00+00:00,29.6,1001.9,67.28
2021-05-22T06:00:00+00:00,34.4,1001.4,43.98
2021-05-22T09:00:00+00:00,39.4,999.0,30.1
2021-05-22T12:00:00+00:00,39.6,995.9,27.44
2021-05-22T15:00:00+00:00,37.0,996.9,32.19
2021-05-22T18:00:00+00:00,20.4,1004.3,94.57
2021-05-22T21:00:00+00:00,19.8,1006.5,96.34
2021-05-23T00:00:00+00:00,21.2,1003.3,76.95
2021-05-23T03:00:00+00:00,24.2,1004.2,72.28
2021-05-23T06:00:00+00:00,30.4,1003.9,46.59
2021-05-23T09:00:00+00:00,33.4,1002.5,39.05
2021-05-23T12:00:00+00:00,33.4,1001.1,42.91
2021-05-23T15:00:00+00:00,30.6,1002.8,49.66
2021-05-23T18:00:00+00:00,29.0,1003.8,54.12
2021-05-23T21:00:00+00:00,27.4,1003.5,62.84
2021-05-24T00:00:00+00:00,27.2,1004.4,64.37
2021-05-24T03:00:00+00:00,29.8,1005.9,56.03
2021-05-24T09:00:00+00:00,38.4,1003.2,23.54
2021-05-24T12:00:00+00:00,38.8,1000.6,26.21
2021-05-24T15:00:00+00:00,35.0,1000.6,40.23
2021-05-24T18:00:00+00:00,32.4,1001.5,41.58
2021-05-24T21:00:00+00:00,30.7,1001.2,47.26
2021-05-25T00:00:00+00:00,28.1,1001.3,66.99
2021-05-25T03:00:00+00:00,28.0,1001.4,70.33
2021-05-25T06:00:00+00:00,34.8,1000.8,49.52
2021-05-25T09:00:00+00:00,40.2,998.1,23.54
2021-05-25T12:00:00+00:00,41.4,995.8,20.84
2021-05-25T15:00:00+00:00,37.4,995.6,36.82
2021-05-25T18:00:00+00:00,34.8,997.3,36.8
2021-05-25T21:00:00+00:00,31.0,997.2,67.97
2021-05-26T00:00:00+00:00,28.2,997.2,83.3
2021-05-26T03:00:00+00:00,29.4,999.0,77.69
2021-05-26T06:00:00+00:00,37.0,997.7,45.49
2021-05-26T09:00:00+00:00,41.0,995.7,30.9
2021-05-26T12:00:00+00:00,42.4,993.5,22.62
2021-05-26T15:00:00+00:00,38.4,994.3,31.97
2021-05-26T18:00:00+00:00,34.0,996.7,40.72
2021-05-26T21:00:00+00:00,32.6,995.6,71.58
2021-05-27T00:00:00+00:00,29.4,996.0,84.92
2021-05-27T03:00:00+00:00,30.4,998.0,72.91
2021-05-27T06:00:00+00:00,37.5,997.6,44.53
2021-05-27T09:00:00+00:00,43.4,995.7,23.01
2021-05-27T12:00:00+00:00,44.0,993.9,14.75
2021-05-27T15:00:00+00:00,38.4,995.4,26.61
2021-05-27T18:00:00+00:00,36.0,996.8,49.53
2021-05-27T21:00:00+00:00,31.6,997.6,68.49
2021-05-28T00:00:00+00:00,29.0,997.5,84.88
2021-05-28T03:00:00+00:00,30.8,998.2,69.16
2021-05-28T06:00:00+00:00,38.8,998.3,36.52
2021-05-28T09:00:00+00:00,44.0,996.1,23.74
2021-05-28T12:00:00+00:00,43.4,994.7,23.01
2021-05-28T15:00:00+00:00,38.8,996.6,36.97
2021-05-28T18:00:00+00:00,35.0,998.3,51.1
2021-05-28T21:00:00+00:00,32.2,998.6,67.79
2021-05-29T00:00:00+00:00,28.4,999.7,87.89
2021-05-29T03:00:00+00:00,29.8,1000.1,72.81
2021-05-29T06:00:00+00:00,36.0,999.7,49.53
2021-05-29T09:00:00+00:00,40.0,998.7,33.82
2021-05-29T12:00:00+00:00,41.0,996.5,30.9
2021-05-29T15:00:00+00:00,38.0,998.0,42.56
2021-05-29T18:00:00+00:00,35.0,998.5,58.99
2021-05-29T21:00:00+00:00,31.6,997.8,70.98
2021-05-30T00:00:00+00:00,28.6,999.1,87.91
2021-05-30T03:00:00+00:00,30.0,999.8,78.24
2021-05-30T06:00:00+00:00,35.6,999.4,50.94
2021-05-30T09:00:00+00:00,40.5,997.6,34.8
2021-05-30T12:00:00+00:00,41.5,995.6,31.42
2021-05-30T15:00:00+00:00,38.0,996.4,39.08
2021-05-30T18:00:00+00:00,32.5,999.5,51.09
2021-05-30T21:00:00+00:00,31.4,997.5,72.65
2021-05-31T00:00:00+00:00,29.4,996.4,77.69
2021-05-31T03:00:00+00:00,29.4,997.2,74.96
2021-05-31T09:00:00+00:00,40.6,994.0,31.96
2021-05-31T12:00:00+00:00,41.4,992.6,29.88
2021-05-31T15:00:00+00:00,38.5,994.1,35.77
2021-05-31T18:00:00+00:00,34.0,994.9,61.63
2021-05-31T21:00:00+00:00,29.6,995.1,78.19
2021-06-01T00:00:00+00:00,27.8,997.2,82.75
2021-06-01T03:00:00+00:00,29.0,997.1,73.55
2021-06-01T06:00:00+00:00,35.6,996.6,49.13
2021-06-01T09:00:00+00:00,40.0,994.9,33.82
2021-06-01T12:00:00+00:00,41.0,994.5,30.9
2021-06-01T15:00:00+00:00,38.4,995.5,39.19
2021-06-01T18:00:00+00:00,35.4,997.8,51.82
2021-06-01T21:00:00+00:00,31.0,998.8,74.77
2021-06-02T00:00:00+00:00,27.6,999.8,85.24
2021-06-02T06:00:00+00:00,34.4,1000.1,55.44
2021-06-02T09:00:00+00:00,39.4,998.0,35.58
2021-06-02T12:00:00+00:00,40.0,995.8,33.82
2021-06-02T15:00:00+00:00,37.8,997.3,42.51
2021-06-02T18:00:00+00:00,21.6,1002.8,98.18
2021-06-02T21:00:00+00:00,24.6,1000.0,76.98
2021-06-03T00:00:00+00:00,24.6,1001.6,78.42
2021-06-03T03:00:00+00:00,26.2,1002.6,77.7
2021-06-03T06:00:00+00:00,31.8,1002.3,61.15
2021-06-03T09:00:00+00:00,35.2,1001.4,50.23
2021-06-03T12:00:00+00:00,36.4,1000.0,43.71
2021-06-03T15:00:00+00:00,34.0,1002.1,57.03
2021-06-03T18:00:00+00:00,24.2,1004.1,76.92
2021-06-03T21:00:00+00:00,27.4,1002.2,62.84
2021-06-04T00:00:00+00:00,26.0,1003.2,71.7
2021-06-04T03:00:00+00:00,28.8,1004.0,66.72
2021-06-04T06:00:00+00:00,33.0,1004.0,55.43
2021-06-04T09:00:00+00:00,37.0,1001.6,34.71
2021-06-04T12:00:00+00:00,38.0,998.6,32.46
2021-06-04T15:00:00+00:00,34.8,999.5,47.46
2021-06-04T18:00:00+00:00,33.2,999.9,50.02
2021-06-04T21:00:00+00:00,31.4,999.7,59.96
2021-06-05T00:00:00+00:00,29.4,1000.0,72.3
2021-06-05T03:00:00+00:00,30.2,1001.3,70.3
2021-06-05T06:00:00+00:00,35.0,1001.7,51.72
2021-06-05T09:00:00+00:00,38.6,999.6,37.15
2021-06-05T12:00:00+00:00,39.2,996.7,31.39
2021-06-05T15:00:00+00:00,30.5,1000.1,50.26
2021-06-05T18:00:00+00:00,32.6,1001.7,38.59
2021-06-05T21:00:00+00:00,30.4,1001.1,54.8
2021-06-06T00:00:00+00:00,29.5,1000.3,54.92
2021-06-06T03:00:00+00:00,30.4,1002.2,62.72
2021-06-06T06:00:00+00:00,36.8,1001.7,37.12
2021-06-06T09:00:00+00:00,39.2,999.8,28.21
2021-06-06T12:00:00+00:00,39.6,997.7,30.91
2021-06-06T15:00:00+00:00,36.6,998.6,37.76
2021-06-06T18:00:00+00:00,34.4,999.8,47.06
2021-06-06T21:00:00+00:00,32.4,999.3,57.0
2021-06-07T00:00:00+00:00,29.4,1000.1,72.3
2021-06-07T03:00:00+00:00,31.2,1001.4,55.0
2021-06-07T06:00:00+00:00,36.0,1000.9,42.55
2021-06-07T09:00:00+00:00,39.8,998.7,30.39
2021-06-07T12:00:00+00:00,40.0,996.6,29.88
2021-06-07T15:00:00+00:00,36.8,997.5,40.72
2021-06-07T18:00:00+00:00,33.8,998.6,53.65
2021-06-07T21:00:00+00:00,30.0,998.0,68.6
2021-06-08T00:00:00+00:00,27.6,998.2,78.37
2021-06-08T03:00:00+00:00,29.8,999.1,72.81
2021-06-08T06:00:00+00:00,36.0,998.1,44.41
2021-06-08T09:00:00+00:00,40.2,995.9,37.12
2021-06-08T12:00:00+00:00,40.0,994.1,34.45
2021-06-08T15:00:00+00:00,36.4,995.3,47.87
2021-06-08T18:00:00+00:00,32.4,995.7,60.55
2021-06-08T21:00:00+00:00,29.0,995.5,73.55
2021-06-09T00:00:00+00:00,27.4,995.6,84.21
2021-06-09T03:00:00+00:00,29.4,996.0,77.69
2021-06-09T06:00:00+00:00,34.6,995.8,62.13
2021-06-09T09:00:00+00:00,39.4,993.9,48.35
2021-06-09T12:00:00+00:00,39.8,992.1,44.34
2021-06-09T15:00:00+00:00,35.8,993.2,55.44
2021-06-09T18:00:00+00:00,31.8,994.1,64.94
2021-06-09T21:00:00+00:00,29.2,995.6,80.49
2021-06-10T00:00:00+00:00,28.4,995.1,81.84
2021-06-10T03:00:00+00:00,29.6,995.3,76.8
2021-06-10T06:00:00+00:00,35.4,994.7,56.01
2021-06-10T09:00:00+00:00,39.8,992.5,34.4
2021-06-10T12:00:00+00:00,40.0,991.2,33.82
2021-06-10T15:00:00+00:00,36.0,991.8,52.28
2021-06-10T18:00:00+00:00,32.0,993.9,68.57
2021-06-10T21:00:00+00:00,28.8,994.2,80.44
2021-06-11T00:00:00+00:00,27.6,994.3,87.3
2021-06-11T03:00:00+00:00,29.0,994.6,80.47
2021-06-11T06:00:00+00:00,35.0,994.1,48.68
2021-06-11T09:00:00+00:00,39.2,992.2,42.11
2021-06-11T12:00:00+00:00,39.2,990.9,40.37
2021-06-11T15:00:00+00:00,36.0,991.8,43.6
2021-06-11T18:00:00+00:00,32.0,993.5,60.09
2021-06-11T21:00:00+00:00,29.4,993.2,68.48
2021-06-12T00:00:00+00:00,28.8,993.5,73.52
2021-06-12T03:00:00+00:00,30.0,995.0,70.27
2021-06-12T06:00:00+00:00,34.4,995.1,53.15
2021-06-12T09:00:00+00:00,38.6,993.1,39.73
2021-06-12T12:00:00+00:00,39.0,991.2,38.41
2021-06-12T15:00:00+00:00,36.0,994.3,47.48
2021-06-12T18:00:00+00:00,33.0,995.6,57.48
2021-06-12T21:00:00+00:00,30.2,994.9,66.19
2021-06-13T00:00:00+00:00,28.4,995.1,76.16
2021-06-13T03:00:00+00:00,30.4,994.9,69.09
2021-06-13T06:00:00+00:00,35.4,994.7,49.98
2021-06-13T09:00:00+00:00,40.0,993.4,35.3
2021-06-13T12:00:00+00:00,40.6,991.7,33.57
2021-06-13T15:00:00+00:00,37.2,992.2,41.08
2021-06-13T18:00:00+00:00,33.0,996.8,59.96
2021-06-13T21:00:00+00:00,30.5,992.9,70.36
2021-06-14T00:00:00+00:00,29.1,994.8,71.39
2021-06-14T03:00:00+00:00,30.6,996.1,65.48
2021-06-14T06:00:00+00:00,34.6,995.6,52.24
2021-06-14T09:00:00+00:00,38.6,993.1,38.07
2021-06-14T12:00:00+00:00,39.4,990.9,34.71
2021-06-14T15:00:00+00:00,36.4,991.6,42.13
2021-06-14T18:00:00+00:00,34.4,993.0,50.02
2021-06-14T21:00:00+00:00,31.0,992.8,67.97
2021-06-15T00:00:00+00:00,28.6,992.4,76.19
2021-06-15T03:00:00+00:00,30.2,993.0,65.79
2021-06-15T06:00:00+00:00,35.1,991.5,46.11
2021-06-15T09:00:00+00:00,39.4,988.1,35.14
2021-06-15T12:00:00+00:00,39.0,986.1,35.04
2021-06-15T15:00:00+00:00,25.0,992.2,86.54
2021-06-15T18:00:00+00:00,24.8,995.2,84.96
2021-06-15T21:00:00+00:00,27.0,989.7,68.01
2021-06-16T00:00:00+00:00,27.4,992.1,76.93
2021-06-16T03:00:00+00:00,29.4,994.2,71.01
2021-06-16T06:00:00+00:00,33.1,993.9,59.98
2021-06-16T09:00:00+00:00,37.0,992.4,44.13
2021-06-16T12:00:00+00:00,38.2,990.9,36.81
2021-06-16T15:00:00+00:00,34.0,992.7,42.54
2021-06-16T18:00:00+00:00,31.8,994.0,48.75
2021-06-16T21:00:00+00:00,31.2,993.8,56.02
2021-06-17T00:00:00+00:00,26.2,995.5,74.9
2021-06-17T03:00:00+00:00,24.5,999.4,93.03
2021-06-17T06:00:00+00:00,25.0,999.5,87.6
2021-06-17T09:00:00+00:00,32.2,994.9,44.77
2021-06-17T12:00:00+00:00,32.4,995.1,52.65
2021-06-17T15:00:00+00:00,30.0,995.8,64.17
2021-06-17T18:00:00+00:00,29.0,997.5,71.37
2021-06-17T21:00:00+00:00,27.9,997.2,75.17
2021-06-18T00:00:00+00:00,27.2,996.7,76.44
2021-06-18T03:00:00+00:00,29.4,998.0,71.01
2021-06-18T06:00:00+00:00,33.0,997.6,53.13
2021-06-18T09:00:00+00:00,35.8,995.5,43.28
2021-06-18T12:00:00+00:00,37.0,993.8,35.59
2021-06-18T15:00:00+00:00,34.1,995.8,46.98
2021-06-18T18:00:00+00:00,32.9,997.5,49.95
2021-06-18T21:00:00+00:00,29.9,996.7,55.71
2021-06-19T00:00:00+00:00,28.0,997.1,66.15
2021-06-19T03:00:00+00:00,29.6,998.4,66.07
2021-06-19T09:00:00+00:00,38.7,995.1,32.05
2021-06-19T12:00:00+00:00,39.4,993.3,27.39
2021-06-19T15:00:00+00:00,34.0,995.6,45.53
2021-06-19T18:00:00+00:00,30.4,997.2,53.13
2021-06-19T21:00:00+00:00,27.4,996.9,69.79
2021-06-20T00:00:00+00:00,27.0,997.1,72.32
2021-06-20T03:00:00+00:00,29.8,998.1,66.92
2021-06-20T06:00:00+00:00,35.5,997.6,41.89
2021-06-20T09:00:00+00:00,39.8,995.9,28.19
2021-06-20T12:00:00+00:00,39.3,994.5,27.71
2021-06-20T15:00:00+00:00,36.2,996.3,36.5
2021-06-20T18:00:00+00:00,33.4,998.3,52.26
2021-06-20T21:00:00+00:00,30.2,998.1,63.83
2021-06-21T00:00:00+00:00,28.4,998.9,73.01
2021-06-21T03:00:00+00:00,29.6,1000.8,68.52
2021-06-21T06:00:00+00:00,34.2,1000.1,47.88
2021-06-21T09:00:00+00:00,38.0,998.6,37.44
2021-06-21T12:00:00+00:00,38.6,996.8,33.86
2021-06-21T15:00:00+00:00,36.0,998.2,40.75
2021-06-21T18:00:00+00:00,34.0,999.8,47.54
2021-06-21T21:00:00+00:00,31.8,998.9,63.78
2021-06-22T00:00:00+00:00,29.0,998.7,76.25
2021-06-22T03:00:00+00:00,30.4,1000.8,71.62
2021-06-22T06:00:00+00:00,36.2,1000.2,46.68
2021-06-22T09:00:00+00:00,39.8,998.5,32.74
2021-06-22T12:00:00+00:00,39.6,996.8,30.91
2021-06-22T15:00:00+00:00,37.0,997.3,36.49
2021-06-22T18:00:00+00:00,34.4,998.6,50.94
2021-06-22T21:00:00+00:00,31.0,998.1,67.97
2021-06-23T00:00:00+00:00,28.0,998.4,80.34
2021-06-23T03:00:00+00:00,30.0,1000.1,70.27
2021-06-23T06:00:00+00:00,37.0,999.6,40.77
2021-06-23T09:00:00+00:00,41.0,997.7,27.63
2021-06-23T12:00:00+00:00,40.8,995.8,27.75
2021-06-23T15:00:00+00:00,37.0,997.2,38.1
2021-06-23T18:00:00+00:00,34.2,998.5,51.83
2021-06-23T21:00:00+00:00,30.6,998.9,69.12
2021-06-24T00:00:00+00:00,28.0,999.3,80.34
2021-06-24T03:00:00+00:00,30.0,999.9,70.69
2021-06-24T06:00:00+00:00,36.6,999.1,43.23
2021-06-24T09:00:00+00:00,40.0,997.3,33.82
2021-06-24T12:00:00+00:00,40.8,995.1,31.43
2021-06-24T15:00:00+00:00,37.0,996.4,40.03
2021-06-24T18:00:00+00:00,33.5,997.6,58.3
2021-06-24T21:00:00+00:00,29.6,998.5,75.44
2021-06-25T00:00:00+00:00,27.8,998.3,81.28
2021-06-25T03:00:00+00:00,29.2,998.3,76.28
2021-06-25T06:00:00+00:00,34.6,997.6,53.2
2021-06-25T09:00:00+00:00,39.6,995.3,39.04
2021-06-25T12:00:00+00:00,39.6,994.0,32.49
2021-06-25T15:00:00+00:00,36.5,994.7,36.35
2021-06-25T18:00:00+00:00,33.0,996.5,57.14
2021-06-25T21:00:00+00:00,29.6,998.2,71.91
2021-06-26T00:00:00+00:00,27.6,996.9,76.5
2021-06-26T03:00:00+00:00,29.4,998.8,68.48
2021-06-26T06:00:00+00:00,34.0,999.1,51.78
2021-06-26T09:00:00+00:00,38.4,997.8,36.19
2021-06-26T12:00:00+00:00,39.6,995.6,32.49
2021-06-26T15:00:00+00:00,36.4,997.3,41.11
2021-06-26T18:00:00+00:00,34.2,999.8,49.97
2021-06-26T21:00:00+00:00,30.4,1001.0,71.62
2021-06-27T00:00:00+00:00,28.2,1001.4,66.19
2021-06-27T03:00:00+00:00,30.6,1003.1,63.91
2021-06-27T06:00:00+00:00,36.6,1002.7,45.11
2021-06-27T09:00:00+00:00,40.2,1001.2,32.65
2021-06-27T12:00:00+00:00,40.5,998.7,31.54
2021-06-27T15:00:00+00:00,33.7,1000.4,52.02
2021-06-27T18:00:00+00:00,33.1,1002.0,49.09
2021-06-27T21:00:00+00:00,31.4,1001.9,58.52
2021-06-28T00:00:00+00:00,29.5,1001.9,71.46
2021-06-28T03:00:00+00:00,32.0,1002.2,67.35
2021-06-28T06:00:00+00:00,38.5,1001.4,44.53
2021-06-28T09:00:00+00:00,40.6,998.8,30.42
2021-06-28T12:00:00+00:00,36.0,998.4,46.34
2021-06-28T15:00:00+00:00,35.8,998.5,42.49
2021-06-28T18:00:00+00:00,32.8,1000.3,54.06
2021-06-28T21:00:00+00:00,31.4,999.4,59.96
2021-06-29T00:00:00+00:00,29.6,999.7,69.77
2021-06-29T03:00:00+00:00,31.4,1000.9,66.04
2021-06-29T06:00:00+00:00,37.8,999.4,42.51
2021-06-29T09:00:00+00:00,41.6,997.5,25.78
2021-06-29T12:00:00+00:00,42.0,995.7,26.87
2021-06-29T15:00:00+00:00,38.6,996.7,37.15
2021-06-29T18:00:00+00:00,35.5,997.9,50.61
2021-06-29T21:00:00+00:00,31.4,997.6,68.86
2021-06-30T00:00:00+00:00,28.5,997.6,76.64
2021-06-30T03:00:00+00:00,30.4,998.7,62.72
2021-06-30T06:00:00+00:00,37.2,997.8,34.12
2021-06-30T09:00:00+00:00,40.8,995.5,29.17
2021-06-30T12:00:00+00:00,40.4,993.6,32.5
2021-06-30T15:00:00+00:00,36.4,994.2,45.89
2021-06-30T18:00:00+00:00,32.4,995.4,63.91
2021-06-30T21:00:00+00:00,29.0,995.0,77.64
2021-07-01T00:00:00+00:00,27.6,993.3,78.37
2021-07-01T03:00:00+00:00,29.0,994.0,73.55
2021-07-01T06:00:00+00:00,34.4,993.4,54.12
2021-07-01T09:00:00+00:00,39.5,991.1,40.94
2021-07-01T12:00:00+00:00,40.0,990.3,40.1
2021-07-01T15:00:00+00:00,37.0,991.2,43.6
2021-07-01T18:00:00+00:00,31.6,993.2,69.72
2021-07-01T21:00:00+00:00,28.6,993.0,76.19
2021-07-02T00:00:00+00:00,27.6,993.2,78.37
2021-07-02T03:00:00+00:00,29.8,995.1,68.56
2021-07-02T06:00:00+00:00,34.6,994.5,52.88
2021-07-02T09:00:00+00:00,38.0,993.4,44.4
2021-07-02T12:00:00+00:00,38.6,993.2,38.07
2021-07-02T15:00:00+00:00,35.4,993.6,45.07
2021-07-02T18:00:00+00:00,32.0,996.1,60.09
2021-07-02T21:00:00+00:00,29.2,995.5,77.66
2021-07-03T00:00:00+00:00,28.4,996.7,77.55
2021-07-03T03:00:00+00:00,29.6,998.1,69.77
2021-07-03T06:00:00+00:00,34.6,997.6,51.31
2021-07-03T09:00:00+00:00,38.4,995.9,38.72
2021-07-03T12:00:00+00:00,39.2,994.3,35.31
2021-07-03T15:00:00+00:00,35.7,996.2,47.11
2021-07-03T18:00:00+00:00,32.2,999.4,63.87
2021-07-03T21:00:00+00:00,28.8,999.3,65.91
2021-07-04T00:00:00+00:00,28.5,998.4,76.18
2021-07-04T03:00:00+00:00,29.8,1000.8,69.81
2021-07-04T06:00:00+00:00,34.6,1000.8,52.24
2021-07-04T09:00:00+00:00,38.0,998.8,40.05
2021-07-04T12:00:00+00:00,38.4,996.3,40.4
2021-07-04T15:00:00+00:00,35.6,997.5,45.96
2021-07-04T18:00:00+00:00,33.0,1000.3,59.96
2021-07-04T21:00:00+00:00,30.0,1000.1,67.36
2021-07-05T00:00:00+00:00,29.0,1000.2,73.55
2021-07-05T03:00:00+00:00,29.4,1000.9,74.96
2021-07-05T06:00:00+00:00,33.0,1001.6,54.1
2021-07-05T09:00:00+00:00,37.4,999.5,42.14
2021-07-05T12:00:00+00:00,38.6,997.0,37.15
2021-07-05T15:00:00+00:00,35.8,998.0,43.28
2021-07-05T18:00:00+00:00,33.6,1000.1,50.43
2021-07-05T21:00:00+00:00,31.4,999.4,61.06
2021-07-06T00:00:00+00:00,28.6,999.6,65.06
2021-07-06T03:00:00+00:00,30.0,1000.0,64.96
2021-07-06T06:00:00+00:00,35.6,999.8,41.41
2021-07-06T09:00:00+00:00,38.6,997.4,35.58
2021-07-06T12:00:00+00:00,39.6,996.0,31.69
2021-07-06T15:00:00+00:00,35.6,996.8,42.18
2021-07-06T18:00:00+00:00,33.6,998.5,52.63
2021-07-06T21:00:00+00:00,30.0,998.2,64.96
2021-07-07T00:00:00+00:00,28.0,998.8,70.33
2021-07-07T03:00:00+00:00,29.2,999.3,69.7
2021-07-07T06:00:00+00:00,35.0,998.9,46.65
2021-07-07T09:00:00+00:00,39.0,997.2,34.39
2021-07-07T12:00:00+00:00,39.2,995.4,32.99
2021-07-07T15:00:00+00:00,35.6,995.3,41.41
2021-07-07T18:00:00+00:00,32.4,997.9,54.95
2021-07-07T21:00:00+00:00,29.0,997.1,64.36
2021-07-08T00:00:00+00:00,27.0,997.3,76.87
2021-07-08T03:00:00+00:00,28.8,997.4,70.9
2021-07-08T06:00:00+00:00,33.6,997.2,54.58
2021-07-08T09:00:00+00:00,38.2,995.0,39.38
2021-07-08T12:00:00+00:00,39.0,993.4,34.39
2021-07-08T15:00:00+00:00,35.6,993.4,47.09
2021-07-08T18:00:00+00:00,32.0,995.9,60.09
2021-07-08T21:00:00+00:00,29.0,996.1,70.94
2021-07-09T00:00:00+00:00,27.8,996.2,71.59
2021-07-09T03:00:00+00:00,29.4,997.3,68.48
2021-07-09T06:00:00+00:00,34.0,996.9,50.84
2021-07-09T09:00:00+00:00,37.4,995.3,41.13
2021-07-09T12:00:00+00:00,37.8,994.0,39.03
2021-07-09T15:00:00+00:00,35.0,995.3,47.51
2021-07-09T18:00:00+00:00,32.2,997.0,63.87
2021-07-09T21:00:00+00:00,29.6,997.1,76.8
2021-07-10T00:00:00+00:00,28.0,997.0,78.9
2021-07-10T03:00:00+00:00,30.0,998.5,70.27
2021-07-10T06:00:00+00:00,36.0,997.8,44.41
2021-07-10T09:00:00+00:00,40.0,995.9,35.3
2021-07-10T12:00:00+00:00,40.0,993.8,35.3
2021-07-10T15:00:00+00:00,37.8,994.4,39.75
2021-07-10T18:00:00+00:00,36.0,996.3,44.41
2021-07-10T21:00:00+00:00,33.6,995.8,54.58
2021-07-11T00:00:00+00:00,30.4,999.2,69.09
2021-07-11T03:00:00+00:00,32.6,997.6,59.51
2021-07-11T06:00:00+00:00,38.0,997.3,41.79
2021-07-11T09:00:00+00:00,41.2,994.7,32.51
2021-07-11T12:00:00+00:00,36.0,992.8,49.53
2021-07-11T15:00:00+00:00,37.6,993.7,42.2
2021-07-11T18:00:00+00:00,34.0,995.6,58.41
2021-07-11T21:00:00+00:00,32.0,995.7,62.68
2021-07-12T00:00:00+00:00,30.0,996.0,72.84
2021-07-12T03:00:00+00:00,30.0,998.4,76.86
2021-07-12T06:00:00+00:00,34.6,997.3,53.2
2021-07-12T09:00:00+00:00,39.0,994.8,41.06
2021-07-12T12:00:00+00:00,39.0,992.2,41.06
2021-07-12T15:00:00+00:00,28.4,995.3,90.52
2021-07-12T18:00:00+00:00,26.8,999.9,96.52
2021-07-12T21:00:00+00:00,24.4,999.0,93.03
2021-07-13T00:00:00+00:00,25.8,996.5,94.78
2021-07-13T03:00:00+00:00,26.4,999.0,88.78
2021-07-13T06:00:00+00:00,31.4,998.3,72.22
2021-07-13T09:00:00+00:00,34.6,996.4,66.29
2021-07-13T12:00:00+00:00,35.8,994.1,60.94
2021-07-13T15:00:00+00:00,29.6,996.5,76.8
2021-07-13T18:00:00+00:00,30.2,999.2,82.54
2021-07-13T21:00:00+00:00,29.2,997.0,86.42
2021-07-14T00:00:00+00:00,28.4,997.3,90.52
2021-07-14T03:00:00+00:00,30.0,997.6,78.71
2021-07-14T06:00:00+00:00,34.5,997.9,53.82
2021-07-14T09:00:00+00:00,37.0,996.3,48.31
2021-07-14T12:00:00+00:00,38.0,994.1,46.3
2021-07-14T15:00:00+00:00,27.4,999.3,88.86
2021-07-14T18:00:00+00:00,26.0,998.7,96.5
2021-07-14T21:00:00+00:00,27.0,997.2,96.53
2021-07-15T00:00:00+00:00,27.2,998.4,95.4
2021-07-15T03:00:00+00:00,28.6,999.2,87.91
2021-07-15T06:00:00+00:00,33.0,998.8,63.28
2021-07-15T09:00:00+00:00,36.4,996.6,47.87
2021-07-15T12:00:00+00:00,37.4,994.3,44.78
2021-07-15T15:00:00+00:00,35.0,995.6,56.25
2021-07-15T18:00:00+00:00,32.7,997.6,62.09
2021-07-15T21:00:00+00:00,29.8,997.7,78.68
2021-07-16T00:00:00+00:00,29.8,998.4,76.83
2021-07-16T03:00:00+00:00,32.2,999.5,71.51
2021-07-16T06:00:00+00:00,37.0,999.1,54.1
2021-07-16T09:00:00+00:00,39.8,997.2,37.93
2021-07-16T12:00:00+00:00,38.8,995.9,45.14
2021-07-16T15:00:00+00:00,36.0,997.6,54.51
2021-07-16T18:00:00+00:00,32.4,998.9,70.29
2021-07-16T21:00:00+00:00,31.0,998.6,77.01
2021-07-17T00:00:00+00:00,30.4,998.6,82.57
2021-07-17T03:00:00+00:00,32.6,1000.0,67.87
2021-07-17T06:00:00+00:00,36.8,999.7,50.94
2021-07-17T09:00:00+00:00,39.6,997.8,44.02
2021-07-17T12:00:00+00:00,39.4,995.8,42.17
2021-07-17T15:00:00+00:00,37.0,996.6,45.49
2021-07-17T18:00:00+00:00,34.8,997.2,56.54
2021-07-17T21:00:00+00:00,32.8,996.1,63.23
2021-07-18T00:00:00+00:00,30.0,996.1,86.49
2021-07-18T03:00:00+00:00,31.0,997.3,77.01
2021-07-18T06:00:00+00:00,35.5,996.7,54.39
2021-07-18T09:00:00+00:00,39.0,994.3,43.6
2021-07-18T12:00:00+00:00,37.6,992.0,48.76
2021-07-18T15:00:00+00:00,33.8,994.1,61.59
2021-07-18T18:00:00+00:00,31.2,994.9,73.48
2021-07-18T21:00:00+00:00,28.8,993.2,83.36
2021-07-19T00:00:00+00:00,28.2,992.9,84.8
2021-07-19T03:00:00+00:00,29.2,993.1,79.07
2021-07-19T06:00:00+00:00,32.0,993.1,68.57
2021-07-19T09:00:00+00:00,35.0,991.6,60.05
2021-07-19T12:00:00+00:00,34.4,990.7,62.09
2021-07-19T15:00:00+00:00,31.4,992.3,72.22
2021-07-19T18:00:00+00:00,29.4,993.6,80.04
2021-07-19T21:00:00+00:00,28.5,993.4,80.88
2021-07-20T00:00:00+00:00,28.1,994.0,83.78
2021-07-20T03:00:00+00:00,28.4,995.0,83.32
2021-07-20T06:00:00+00:00,30.2,994.6,79.67
2021-07-20T09:00:00+00:00,31.6,993.1,74.86
2021-07-20T12:00:00+00:00,31.4,992.0,76.17
2021-07-20T15:00:00+00:00,30.4,993.6,78.3
2021-07-20T18:00:00+00:00,29.4,994.3,81.96
2021-07-20T21:00:00+00:00,28.0,993.6,84.78
2021-07-21T00:00:00+00:00,27.6,993.6,87.3
2021-07-21T03:00:00+00:00,29.0,994.9,80.47
2021-07-21T06:00:00+00:00,33.0,994.1,64.03
2021-07-21T09:00:00+00:00,36.2,992.1,53.59
2021-07-21T12:00:00+00:00,37.5,990.1,52.65
2021-07-21T15:00:00+00:00,36.0,991.0,57.5
2021-07-21T18:00:00+00:00,31.4,992.9,47.15
2021-07-21T21:00:00+00:00,23.6,993.9,98.2
2021-07-22T00:00:00+00:00,26.6,992.4,90.4
2021-07-22T03:00:00+00:00,28.0,994.1,83.27
2021-07-22T06:00:00+00:00,31.6,993.8,68.49
2021-07-22T09:00:00+00:00,35.0,991.7,57.95
2021-07-22T12:00:00+00:00,35.6,990.3,55.06
2021-07-22T15:00:00+00:00,33.0,991.4,69.16
2021-07-22T18:00:00+00:00,31.6,992.6,72.25
2021-07-22T21:00:00+00:00,30.4,993.1,71.62
2021-07-23T00:00:00+00:00,27.6,993.4,79.8
2021-07-23T03:00:00+00:00,28.6,994.5,80.41
2021-07-23T06:00:00+00:00,33.2,994.9,65.62
2021-07-23T09:00:00+00:00,36.2,993.0,53.59
2021-07-23T12:00:00+00:00,34.0,993.2,50.84
2021-07-23T15:00:00+00:00,29.5,993.8,73.64
2021-07-23T18:00:00+00:00,29.2,995.2,73.59
2021-07-23T21:00:00+00:00,29.0,994.9,74.44
2021-07-24T00:00:00+00:00,27.9,995.1,79.36
2021-07-24T03:00:00+00:00,28.8,996.4,80.44
2021-07-24T06:00:00+00:00,32.8,996.7,66.71
2021-07-24T09:00:00+00:00,37.8,994.4,47.09
2021-07-24T12:00:00+00:00,35.2,992.6,55.96
2021-07-24T15:00:00+00:00,32.0,994.0,68.57
2021-07-24T18:00:00+00:00,29.4,995.3,74.96
2021-07-24T21:00:00+00:00,28.6,994.6,84.84
2021-07-25T00:00:00+00:00,28.2,994.7,87.35
2021-07-25T03:00:00+00:00,29.0,996.1,83.39
2021-07-25T06:00:00+00:00,34.0,995.4,58.41
2021-07-25T09:00:00+00:00,37.8,993.6,46.25
2021-07-25T12:00:00+00:00,38.1,992.0,46.33
2021-07-25T15:00:00+00:00,35.2,992.4,54.97
2021-07-25T18:00:00+00:00,32.6,993.5,67.87
2021-07-25T21:00:00+00:00,29.6,993.0,80.54
2021-07-26T00:00:00+00:00,28.0,993.7,84.78
2021-07-26T03:00:00+00:00,28.0,994.8,83.77
2021-07-26T06:00:00+00:00,31.5,994.4,70.12
2021-07-26T09:00:00+00:00,35.6,992.8,56.39
2021-07-26T12:00:00+00:00,34.0,991.9,59.47
2021-07-26T15:00:00+00:00,31.0,992.9,72.15
2021-07-26T18:00:00+00:00,29.4,993.3,77.69
2021-07-26T21:00:00+00:00,28.6,993.2,80.41
2021-07-27T00:00:00+00:00,27.4,992.9,84.21
2021-07-27T03:00:00+00:00,28.0,993.2,80.34
2021-07-27T06:00:00+00:00,29.0,993.5,77.64
2021-07-27T09:00:00+00:00,30.0,991.6,74.16
2021-07-27T12:00:00+00:00,30.0,991.0,75.5
2021-07-27T15:00:00+00:00,28.7,992.0,80.91
2021-07-27T18:00:00+00:00,28.0,992.9,83.77
2021-07-27T21:00:00+00:00,27.6,991.9,82.73
2021-07-28T00:00:00+00:00,27.2,991.2,85.71
2021-07-28T03:00:00+00:00,27.4,992.4,85.73
2021-07-28T06:00:00+00:00,29.4,992.5,77.69
2021-07-28T09:00:00+00:00,30.4,991.5,75.56
2021-07-28T12:00:00+00:00,29.4,991.4,77.69
2021-07-28T15:00:00+00:00,27.0,992.7,93.71
2021-07-28T18:00:00+00:00,27.0,993.3,92.06
2021-07-28T21:00:00+00:00,26.2,993.8,93.68
2021-07-29T00:00:00+00:00,26.2,993.0,93.68
2021-07-29T03:00:00+00:00,26.8,994.1,90.42
2021-07-29T06:00:00+00:00,28.4,995.0,84.82
2021-07-29T09:00:00+00:00,32.0,993.1,69.8
2021-07-29T12:00:00+00:00,32.1,991.8,71.91
2021-07-29T15:00:00+00:00,30.2,993.4,81.1
2021-07-29T18:00:00+00:00,29.4,994.7,81.96
2021-07-29T21:00:00+00:00,27.8,994.8,84.25
2021-07-30T00:00:00+00:00,27.0,994.8,87.25
2021-07-30T03:00:00+00:00,28.0,995.8,84.27
2021-07-30T06:00:00+00:00,32.2,996.2,67.79
2021-07-30T09:00:00+00:00,35.4,994.2,55.02
2021-07-30T12:00:00+00:00,35.4,993.0,55.02
2021-07-30T15:00:00+00:00,32.2,994.3,65.02
2021-07-30T18:00:00+00:00,29.2,995.9,79.07
2021-07-30T21:00:00+00:00,28.0,995.8,80.34
2021-07-31T00:00:00+00:00,27.0,995.5,87.25
2021-07-31T03:00:00+00:00,28.2,996.9,78.93
2021-07-31T06:00:00+00:00,32.6,996.9,63.19
2021-07-31T09:00:00+00:00,35.4,995.2,55.02
2021-07-31T12:00:00+00:00,34.6,994.5,57.51
2021-07-31T15:00:00+00:00,32.4,995.8,63.91
2021-07-31T18:00:00+00:00,30.0,996.8,74.61
2021-07-31T21:00:00+00:00,27.8,996.8,82.26
2021-08-01T00:00:00+00:00,27.0,996.0,84.17
2021-08-01T03:00:00+00:00,27.6,996.3,79.8
2021-08-01T06:00:00+00:00,31.4,995.9,68.45
2021-08-01T09:00:00+00:00,35.8,994.1,53.17
2021-08-01T12:00:00+00:00,34.4,993.0,56.44
2021-08-01T15:00:00+00:00,32.0,994.2,63.82
2021-08-01T18:00:00+00:00,29.6,995.4,73.65
2021-08-01T21:00:00+00:00,27.6,994.3,79.8
2021-08-02T00:00:00+00:00,27.0,994.8,79.72
2021-08-02T03:00:00+00:00,27.4,996.1,81.23
2021-08-02T06:00:00+00:00,31.0,996.7,65.56
2021-08-02T09:00:00+00:00,33.4,995.7,58.98
2021-08-02T12:00:00+00:00,32.5,994.6,60.94
2021-08-02T15:00:00+00:00,30.6,996.3,67.89
2021-08-02T18:00:00+00:00,29.2,997.2,76.28
2021-08-02T21:00:00+00:00,28.0,997.6,81.79
2021-08-03T00:00:00+00:00,27.0,997.6,84.17
2021-08-03T03:00:00+00:00,27.8,998.9,79.83
2021-08-03T06:00:00+00:00,31.4,998.3,66.04
2021-08-03T09:00:00+00:00,36.0,996.2,52.28
2021-08-03T12:00:00+00:00,35.4,994.8,55.02
2021-08-03T15:00:00+00:00,32.2,996.7,65.02
2021-08-03T18:00:00+00:00,29.8,997.3,75.47
2021-08-03T21:00:00+00:00,27.6,997.7,82.73
2021-08-04T00:00:00+00:00,26.8,997.4,81.15
2021-08-04T03:00:00+00:00,28.0,998.9,77.02
2021-08-04T06:00:00+00:00,33.6,998.3,57.97
2021-08-04T09:00:00+00:00,37.2,996.8,49.54
2021-08-04T12:00:00+00:00,37.6,994.5,47.04
2021-08-04T15:00:00+00:00,33.5,996.6,57.95
2021-08-04T18:00:00+00:00,30.0,998.4,71.54
2021-08-04T21:00:00+00:00,27.6,997.7,82.73
2021-08-05T00:00:00+00:00,26.0,997.8,85.08
2021-08-05T03:00:00+00:00,27.0,998.4,79.72
2021-08-05T06:00:00+00:00,32.4,997.8,61.65
2021-08-05T09:00:00+00:00,37.2,995.5,47.5
2021-08-05T12:00:00+00:00,37.0,994.2,48.31
2021-08-05T15:00:00+00:00,34.0,995.5,54.02
2021-08-05T18:00:00+00:00,30.6,995.5,67.89
2021-08-05T21:00:00+00:00,28.0,996.6,80.34
2021-08-06T00:00:00+00:00,26.2,996.8,85.62
2021-08-06T03:00:00+00:00,27.5,997.9,77.42
2021-08-06T06:00:00+00:00,33.4,998.4,56.89
2021-08-06T09:00:00+00:00,37.0,996.4,48.31
2021-08-06T12:00:00+00:00,37.4,994.8,46.71
2021-08-06T15:00:00+00:00,34.2,996.3,50.89
2021-08-06T18:00:00+00:00,31.2,997.6,64.43
2021-08-06T21:00:00+00:00,29.0,998.0,74.44
2021-08-07T00:00:00+00:00,26.8,998.6,84.14
2021-08-07T03:00:00+00:00,28.0,1000.7,77.49
2021-08-07T06:00:00+00:00,33.6,1000.0,57.97
2021-08-07T09:00:00+00:00,38.0,997.8,44.4
2021-08-07T12:00:00+00:00,37.8,996.4,44.35
2021-08-07T15:00:00+00:00,34.8,997.8,56.88
2021-08-07T18:00:00+00:00,33.0,999.4,57.48
2021-08-07T21:00:00+00:00,29.8,999.7,72.81
2021-08-08T00:00:00+00:00,27.8,1000.1,81.28
2021-08-08T03:00:00+00:00,28.0,1001.7,77.02
2021-08-08T06:00:00+00:00,34.0,1001.1,56.01
2021-08-08T09:00:00+00:00,38.0,999.3,42.56
2021-08-08T12:00:00+00:00,38.0,997.5,41.79
2021-08-08T15:00:00+00:00,34.6,999.4,50.38
2021-08-08T18:00:00+00:00,31.6,1000.6,61.85
2021-08-08T21:00:00+00:00,29.0,1000.7,76.25
2021-08-09T00:00:00+00:00,26.8,1001.6,79.21
2021-08-09T03:00:00+00:00,27.6,1002.4,72.87
2021-08-09T06:00:00+00:00,33.4,1002.0,54.53
2021-08-09T09:00:00+00:00,37.6,999.7,45.92
2021-08-09T12:00:00+00:00,37.0,998.5,46.04
2021-08-09T15:00:00+00:00,32.6,999.9,59.51
2021-08-09T18:00:00+00:00,30.0,1001.4,64.96
2021-08-09T21:00:00+00:00,28.0,1000.8,70.33
2021-08-10T00:00:00+00:00,25.8,1001.0,77.64
2021-08-10T03:00:00+00:00,27.0,1001.3,72.32
2021-08-10T06:00:00+00:00,32.2,1000.9,55.24
2021-08-10T09:00:00+00:00,36.0,998.9,45.5
2021-08-10T12:00:00+00:00,35.6,997.3,45.68
2021-08-10T15:00:00+00:00,32.0,998.7,54.52
2021-08-10T18:00:00+00:00,28.8,999.9,72.2
2021-08-10T21:00:00+00:00,26.6,999.8,78.23
2021-08-11T00:00:00+00:00,25.2,999.8,81.95
2021-08-11T03:00:00+00:00,26.6,1000.2,78.23
2021-08-11T06:00:00+00:00,32.0,1000.0,58.66
2021-08-11T09:00:00+00:00,36.0,998.1,46.34
2021-08-11T12:00:00+00:00,35.4,997.0,47.04
2021-08-11T15:00:00+00:00,31.6,998.8,58.92
2021-08-11T18:00:00+00:00,29.0,999.9,70.94
2021-08-11T21:00:00+00:00,26.6,1000.3,78.23
2021-08-12T00:00:00+00:00,25.2,1001.0,83.46
2021-08-12T03:00:00+00:00,26.8,1002.0,78.26
2021-08-12T06:00:00+00:00,32.0,1001.5,56.9
2021-08-12T09:00:00+00:00,36.4,999.7,45.89
2021-08-12T12:00:00+00:00,36.6,998.5,42.19
2021-08-12T15:00:00+00:00,32.5,999.5,55.31
2021-08-12T18:00:00+00:00,29.6,1000.6,69.77
2021-08-12T21:00:00+00:00,26.6,1000.5,80.15
2021-08-13T00:00:00+00:00,25.1,1000.7,86.03
2021-08-13T03:00:00+00:00,26.6,1000.8,79.67
2021-08-13T06:00:00+00:00,32.6,999.9,57.39
2021-08-13T09:00:00+00:00,36.0,997.6,45.5
2021-08-13T12:00:00+00:00,36.0,996.3,45.5
2021-08-13T15:00:00+00:00,32.0,997.1,56.9
2021-08-13T18:00:00+00:00,28.8,997.5,74.86
2021-08-13T21:00:00+00:00,26.6,997.0,79.67
2021-08-14T00:00:00+00:00,25.2,996.1,81.95
2021-08-14T03:00:00+00:00,27.0,997.6,72.32
2021-08-14T06:00:00+00:00,31.6,997.0,56.46
2021-08-14T09:00:00+00:00,36.0,995.2,45.5
2021-08-14T12:00:00+00:00,34.8,993.9,48.33
2021-08-14T15:00:00+00:00,31.2,995.0,61.01
2021-08-14T18:00:00+00:00,28.7,996.4,70.45
2021-08-14T21:00:00+00:00,26.8,996.9,76.84
2021-08-15T00:00:00+00:00,25.4,997.0,77.58
2021-08-15T03:00:00+00:00,27.0,997.7,70.57
2021-08-15T06:00:00+00:00,31.5,998.7,53.41
2021-08-15T09:00:00+00:00,34.4,1002.2,45.92
2021-08-15T12:00:00+00:00,34.4,996.1,45.92
2021-08-15T15:00:00+00:00,31.8,997.7,54.14
2021-08-15T18:00:00+00:00,29.6,1000.0,62.16
2021-08-15T21:00:00+00:00,27.4,1000.2,74.18
2021-08-16T00:00:00+00:00,26.0,1001.1,79.1
2021-08-16T03:00:00+00:00,26.6,1003.0,78.23
2021-08-16T06:00:00+00:00,31.8,1002.7,54.14
2021-08-16T09:00:00+00:00,35.4,1001.1,41.1
2021-08-16T12:00:00+00:00,36.4,999.8,38.41
2021-08-16T15:00:00+00:00,33.0,1001.1,46.12
2021-08-16T18:00:00+00:00,30.5,1002.7,58.31
2021-08-16T21:00:00+00:00,29.0,1002.3,64.36
2021-08-17T00:00:00+00:00,27.0,1002.5,79.72
2021-08-17T03:00:00+00:00,28.0,1003.9,66.15
2021-08-17T06:00:00+00:00,34.4,1003.2,45.92
2021-08-17T09:00:00+00:00,37.4,1001.3,35.04
2021-08-17T12:00:00+00:00,37.6,998.8,34.44
2021-08-17T15:00:00+00:00,34.0,1000.0,42.54
2021-08-17T18:00:00+00:00,31.6,1000.3,53.1
2021-08-17T21:00:00+00:00,28.8,999.7,67.95
2021-08-18T00:00:00+00:00,26.0,1000.2,76.25
2021-08-18T03:00:00+00:00,27.2,1001.7,78.31
2021-08-18T06:00:00+00:00,35.0,1001.1,41.76
2021-08-18T09:00:00+00:00,38.5,998.5,32.6
2021-08-18T12:00:00+00:00,38.5,996.0,31.4
2021-08-18T15:00:00+00:00,34.2,997.4,42.85
2021-08-18T18:00:00+00:00,31.6,998.4,53.1
2021-08-18T21:00:00+00:00,28.2,998.6,75.22
2021-08-19T00:00:00+00:00,25.2,999.2,80.46
2021-08-19T03:00:00+00:00,26.8,1000.5,77.31
2021-08-19T06:00:00+00:00,33.7,1000.1,51.08
2021-08-19T09:00:00+00:00,37.6,997.5,38.74
2021-08-19T12:00:00+00:00,38.0,995.3,34.98
2021-08-19T15:00:00+00:00,34.2,996.7,42.85
2021-08-19T18:00:00+00:00,31.0,998.7,64.38
2021-08-19T21:00:00+00:00,28.0,998.7,77.49
2021-08-20T00:00:00+00:00,25.4,999.0,83.48
2021-08-20T03:00:00+00:00,26.6,999.9,79.67
2021-08-20T06:00:00+00:00,34.2,1000.1,47.88
2021-08-20T09:00:00+00:00,38.8,998.4,33.29
2021-08-20T12:00:00+00:00,38.6,997.0,33.86
2021-08-20T15:00:00+00:00,34.8,999.4,44.36
2021-08-20T18:00:00+00:00,32.4,1001.2,55.97
2021-08-20T21:00:00+00:00,30.2,1001.0,69.05
2021-08-21T00:00:00+00:00,27.3,1001.3,78.33
2021-08-21T03:00:00+00:00,28.2,1001.8,74.31
2021-08-21T06:00:00+00:00,35.0,1002.2,43.6
2021-08-21T09:00:00+00:00,39.8,999.8,30.39
2021-08-21T12:00:00+00:00,40.0,998.0,29.88
2021-08-21T15:00:00+00:00,34.0,999.9,40.72
2021-08-21T18:00:00+00:00,32.4,1001.5,58.04
2021-08-21T21:00:00+00:00,29.0,1001.6,64.36
2021-08-22T00:00:00+00:00,28.6,1001.1,73.49
2021-08-22T03:00:00+00:00,29.4,1002.6,65.63
2021-08-22T06:00:00+00:00,35.0,1002.2,46.65
2021-08-22T09:00:00+00:00,39.0,999.5,35.04
2021-08-22T12:00:00+00:00,38.8,998.2,34.98
2021-08-22T15:00:00+00:00,35.4,999.5,43.98
2021-08-22T18:00:00+00:00,33.4,999.9,55.53
2021-08-22T21:00:00+00:00,31.0,999.6,59.5
2021-08-23T00:00:00+00:00,29.0,1000.6,65.55
2021-08-23T03:00:00+00:00,28.6,1001.4,73.49
2021-08-23T06:00:00+00:00,34.8,1001.3,52.61
2021-08-23T09:00:00+00:00,39.8,998.5,35.9
2021-08-23T12:00:00+00:00,40.0,997.0,33.61
2021-08-23T15:00:00+00:00,36.3,997.9,43.95
2021-08-23T18:00:00+00:00,32.5,999.1,62.42
2021-08-23T21:00:00+00:00,29.0,999.4,70.08
2021-08-24T00:00:00+00:00,26.8,999.8,74.99
2021-08-24T03:00:00+00:00,28.0,1000.7,72.94
2021-08-24T06:00:00+00:00,35.0,999.9,43.6
2021-08-24T09:00:00+00:00,39.0,997.5,36.8
2021-08-24T12:00:00+00:00,38.4,996.1,36.19
2021-08-24T15:00:00+00:00,34.0,997.8,46.96
2021-08-24T18:00:00+00:00,30.0,999.1,71.54
2021-08-24T21:00:00+00:00,27.0,998.9,80.2
2021-08-25T00:00:00+00:00,25.6,998.0,82.0
2021-08-25T03:00:00+00:00,27.0,998.4,79.24
2021-08-25T06:00:00+00:00,32.0,998.2,64.98
2021-08-25T09:00:00+00:00,35.6,995.9,50.94
2021-08-25T12:00:00+00:00,34.4,994.9,54.12
2021-08-25T15:00:00+00:00,31.2,995.0,62.13
2021-08-25T18:00:00+00:00,28.0,996.6,77.49
2021-08-25T21:00:00+00:00,26.4,995.8,81.1
2021-08-26T00:00:00+00:00,26.2,995.1,77.7
2021-08-26T03:00:00+00:00,27.0,996.3,75.48
2021-08-26T06:00:00+00:00,32.0,996.1,57.95
2021-08-26T09:00:00+00:00,36.3,994.3,45.86
2021-08-26T12:00:00+00:00,35.5,993.5,47.93
2021-08-26T15:00:00+00:00,31.6,994.9,61.1
2021-08-26T18:00:00+00:00,28.8,996.3,72.2
2021-08-26T21:00:00+00:00,26.4,996.2,84.1
2021-08-27T00:00:00+00:00,25.2,996.1,85.0
2021-08-27T03:00:00+00:00,26.9,997.0,77.33
2021-08-27T06:00:00+00:00,32.0,997.6,57.95
2021-08-27T09:00:00+00:00,36.0,996.1,47.48
2021-08-27T12:00:00+00:00,35.6,995.3,44.3
2021-08-27T15:00:00+00:00,33.0,996.6,49.97
2021-08-27T18:00:00+00:00,30.2,997.4,63.83
2021-08-27T21:00:00+00:00,27.8,998.0,78.4
2021-08-28T00:00:00+00:00,25.6,998.0,87.12
2021-08-28T03:00:00+00:00,26.8,999.3,76.84
2021-08-28T06:00:00+00:00,32.6,999.0,55.0
2021-08-28T09:00:00+00:00,36.0,996.9,47.48
2021-08-28T12:00:00+00:00,35.8,995.9,43.28
2021-08-28T15:00:00+00:00,32.5,997.2,51.72
2021-08-28T18:00:00+00:00,30.3,998.4,56.5
2021-08-28T21:00:00+00:00,29.0,997.8,63.57
2021-08-29T00:00:00+00:00,27.0,998.9,78.29
2021-08-29T03:00:00+00:00,28.0,1000.1,72.94
2021-08-29T06:00:00+00:00,34.2,1000.1,49.97
2021-08-29T09:00:00+00:00,37.2,998.2,43.65
2021-08-29T12:00:00+00:00,37.0,996.7,43.6
2021-08-29T15:00:00+00:00,34.4,998.2,49.12
2021-08-29T18:00:00+00:00,32.4,999.3,53.63
2021-08-29T21:00:00+00:00,30.2,999.4,63.83
2021-08-30T00:00:00+00:00,29.4,1000.5,74.51
2021-08-30T03:00:00+00:00,30.4,1002.5,62.72
2021-08-30T06:00:00+00:00,35.6,1002.3,47.95
2021-08-30T09:00:00+00:00,38.2,999.8,41.09
2021-08-30T12:00:00+00:00,39.4,997.5,38.75
2021-08-30T15:00:00+00:00,35.2,999.7,49.62
2021-08-30T18:00:00+00:00,32.4,1001.2,58.04
2021-08-30T21:00:00+00:00,31.2,1001.3,63.27
2021-08-31T00:00:00+00:00,30.6,1001.7,62.76
2021-08-31T03:00:00+00:00,28.0,1003.3,72.94
2021-08-31T06:00:00+00:00,35.8,1002.2,51.61
2021-08-31T09:00:00+00:00,38.6,999.9,42.46
2021-08-31T12:00:00+00:00,38.0,998.3,41.04
2021-08-31T15:00:00+00:00,35.9,1000.5,43.84
2021-08-31T18:00:00+00:00,32.0,1002.6,65.76
2021-08-31T21:00:00+00:00,30.4,1002.0,69.5
2021-09-01T00:00:00+00:00,28.6,1002.5,76.19
2021-09-01T03:00:00+00:00,29.6,1002.7,71.05
2021-09-01T06:00:00+00:00,35.0,1002.9,50.48
2021-09-01T09:00:00+00:00,38.0,1000.0,39.08
2021-09-01T12:00:00+00:00,38.0,998.0,39.08
2021-09-01T15:00:00+00:00,34.0,999.7,52.73
2021-09-01T18:00:00+00:00,31.2,1000.9,64.43
2021-09-01T21:00:00+00:00,29.8,999.9,67.32
2021-09-02T00:00:00+00:00,28.0,1000.8,75.64
2021-09-02T03:00:00+00:00,27.6,1001.5,82.73
2021-09-02T06:00:00+00:00,32.4,1001.1,60.55
2021-09-02T09:00:00+00:00,35.8,998.4,49.18
2021-09-02T12:00:00+00:00,30.8,997.9,69.16
2021-09-02T15:00:00+00:00,29.2,999.6,72.27
2021-09-02T18:00:00+00:00,28.4,1000.5,81.84
2021-09-02T21:00:00+00:00,28.0,999.6,80.34
2021-09-03T00:00:00+00:00,27.6,998.8,79.8
2021-09-03T03:00:00+00:00,28.6,1000.6,78.98
2021-09-03T06:00:00+00:00,32.4,999.8,59.46
2021-09-03T09:00:00+00:00,30.0,998.9,73.28
2021-09-03T12:00:00+00:00,32.2,996.5,64.63
2021-09-03T15:00:00+00:00,30.4,999.0,75.56
2021-09-03T18:00:00+00:00,29.6,998.9,79.59
2021-09-03T21:00:00+00:00,28.0,999.3,83.27
2021-09-04T00:00:00+00:00,27.0,999.4,88.83
2021-09-04T03:00:00+00:00,28.8,1000.8,79.01
2021-09-04T06:00:00+00:00,33.8,1000.8,59.42
2021-09-04T09:00:00+00:00,36.6,998.7,47.06
2021-09-04T12:00:00+00:00,37.0,996.5,42.81
2021-09-04T15:00:00+00:00,34.4,997.6,50.94
2021-09-04T18:00:00+00:00,31.6,998.7,61.1
2021-09-04T21:00:00+00:00,29.6,998.5,69.77
2021-09-05T00:00:00+00:00,28.2,999.1,76.13
2021-09-05T03:00:00+00:00,29.6,1000.5,73.65
2021-09-05T06:00:00+00:00,35.6,1000.1,49.13
2021-09-05T09:00:00+00:00,39.2,998.0,36.85
2021-09-05T12:00:00+00:00,39.0,996.4,35.91
2021-09-05T15:00:00+00:00,35.8,997.6,43.02
2021-09-05T18:00:00+00:00,34.0,999.1,51.15
2021-09-05T21:00:00+00:00,31.5,998.9,63.34
2021-09-06T00:00:00+00:00,30.3,999.3,76.0
2021-09-06T03:00:00+00:00,31.4,1001.3,72.22
2021-09-06T06:00:00+00:00,37.0,1001.2,49.19
2021-09-06T09:00:00+00:00,40.0,998.4,37.75
2021-09-06T12:00:00+00:00,36.4,996.9,47.87
2021-09-06T15:00:00+00:00,33.4,999.0,57.92
2021-09-06T18:00:00+00:00,30.8,1001.1,66.71
2021-09-06T21:00:00+00:00,29.8,1000.2,66.11
2021-09-07T00:00:00+00:00,29.0,1000.4,72.23
2021-09-07T03:00:00+00:00,31.0,1001.6,67.97
2021-09-07T06:00:00+00:00,37.2,1000.9,44.73
2021-09-07T09:00:00+00:00,40.4,998.6,34.14
2021-09-07T12:00:00+00:00,39.0,996.6,36.8
2021-09-07T15:00:00+00:00,36.4,998.6,45.89
2021-09-07T18:00:00+00:00,34.2,999.1,51.83
2021-09-07T21:00:00+00:00,32.4,998.6,59.46
2021-09-08T00:00:00+00:00,31.0,998.3,64.38
2021-09-08T03:00:00+00:00,32.8,999.7,58.49
2021-09-08T06:00:00+00:00,37.4,999.3,44.78
2021-09-08T09:00:00+00:00,40.0,996.1,35.3
2021-09-08T12:00:00+00:00,39.4,994.7,34.71
2021-09-08T15:00:00+00:00,36.4,996.2,43.18
2021-09-08T18:00:00+00:00,34.0,997.7,52.73
2021-09-08T21:00:00+00:00,32.4,997.5,58.39
2021-09-09T00:00:00+00:00,31.0,998.0,65.56
2021-09-09T03:00:00+00:00,31.6,998.9,62.22
2021-09-09T06:00:00+00:00,36.0,999.5,45.5
2021-09-09T09:00:00+00:00,39.0,996.7,35.04
2021-09-09T12:00:00+00:00,38.2,994.9,34.61
2021-09-09T15:00:00+00:00,28.6,998.1,80.41
2021-09-09T18:00:00+00:00,28.4,999.8,81.84
2021-09-09T21:00:00+00:00,27.1,999.7,86.74
2021-09-10T00:00:00+00:00,26.6,999.5,87.21
2021-09-10T03:00:00+00:00,27.6,1000.1,85.75
2021-09-10T06:00:00+00:00,32.8,999.7,62.11
2021-09-10T09:00:00+00:00,37.4,996.3,45.87
2021-09-10T12:00:00+00:00,31.4,995.0,56.41
2021-09-10T15:00:00+00:00,29.0,998.0,66.76
2021-09-10T18:00:00+00:00,27.0,998.6,73.66
2021-09-10T21:00:00+00:00,26.6,999.5,84.12
2021-09-11T00:00:00+00:00,26.4,999.1,84.1
2021-09-11T03:00:00+00:00,27.6,999.6,79.8
2021-09-11T06:00:00+00:00,32.4,999.5,62.77
2021-09-11T09:00:00+00:00,35.0,996.3,52.03
2021-09-11T12:00:00+00:00,35.5,994.8,44.55
2021-09-11T15:00:00+00:00,29.6,997.5,67.28
2021-09-11T18:00:00+00:00,28.4,998.1,78.96
2021-09-11T21:00:00+00:00,27.4,997.8,84.21
2021-09-12T00:00:00+00:00,26.6,998.2,88.8
2021-09-12T03:00:00+00:00,26.8,999.4,84.14
2021-09-12T06:00:00+00:00,32.0,998.5,59.01
2021-09-12T09:00:00+00:00,35.0,996.0,48.68
2021-09-12T12:00:00+00:00,34.8,994.8,47.46
2021-09-12T15:00:00+00:00,32.0,996.8,59.01
2021-09-12T18:00:00+00:00,29.6,997.7,74.1
2021-09-12T21:00:00+00:00,28.6,997.4,76.19
2021-09-13T00:00:00+00:00,28.0,997.8,80.34
2021-09-13T03:00:00+00:00,28.4,998.7,81.84
2021-09-13T06:00:00+00:00,33.6,998.6,54.58
2021-09-13T09:00:00+00:00,37.0,996.0,42.55
2021-09-13T12:00:00+00:00,36.0,994.9,44.41
2021-09-13T15:00:00+00:00,33.4,997.3,52.26
2021-09-13T18:00:00+00:00,31.2,998.3,63.27
2021-09-13T21:00:00+00:00,29.4,998.1,74.96
2021-09-14T00:00:00+00:00,28.0,999.0,80.34
2021-09-14T03:00:00+00:00,29.2,1000.5,74.92
2021-09-14T06:00:00+00:00,33.4,1001.2,57.92
2021-09-14T09:00:00+00:00,36.0,998.4,47.48
2021-09-14T12:00:00+00:00,34.6,997.8,47.12
2021-09-14T15:00:00+00:00,32.8,999.6,56.4
2021-09-14T18:00:00+00:00,31.0,1000.9,63.23
2021-09-14T21:00:00+00:00,29.6,1000.5,71.05
2021-09-15T00:00:00+00:00,28.4,1000.5,77.55
2021-09-15T03:00:00+00:00,29.4,1001.8,74.96
2021-09-15T06:00:00+00:00,33.6,1001.4,54.58
2021-09-15T09:00:00+00:00,37.5,999.2,37.31
2021-09-15T12:00:00+00:00,37.2,997.9,38.39
2021-09-15T15:00:00+00:00,33.6,1000.4,48.32
2021-09-15T18:00:00+00:00,31.6,1001.3,58.92
2021-09-15T21:00:00+00:00,29.6,1000.8,67.28
2021-09-16T00:00:00+00:00,29.0,1000.7,69.66
2021-09-16T03:00:00+00:00,31.0,1002.0,62.09
2021-09-16T06:00:00+00:00,36.2,1001.6,41.82
2021-09-16T09:00:00+00:00,38.4,998.9,36.19
2021-09-16T12:00:00+00:00,38.0,997.2,36.53
2021-09-16T15:00:00+00:00,34.6,998.8,43.23
2021-09-16T18:00:00+00:00,32.4,998.7,49.21
2021-09-16T21:00:00+00:00,30.2,998.0,57.53
2021-09-17T00:00:00+00:00,29.6,998.7,64.48
2021-09-17T03:00:00+00:00,31.4,999.9,69.69
2021-09-17T06:00:00+00:00,37.0,1000.1,40.77
2021-09-17T09:00:00+00:00,39.4,998.0,31.44
2021-09-17T12:00:00+00:00,40.0,996.2,27.54
2021-09-17T15:00:00+00:00,34.6,998.5,44.58
2021-09-17T18:00:00+00:00,26.2,1001.1,92.01
2021-09-17T21:00:00+00:00,26.7,1000.3,89.34
2021-09-18T00:00:00+00:00,27.0,1000.8,87.25
2021-09-18T03:00:00+00:00,29.0,1002.8,74.89
2021-09-18T06:00:00+00:00,34.6,1002.4,58.9
2021-09-18T09:00:00+00:00,37.4,999.9,41.13
2021-09-18T12:00:00+00:00,38.0,998.4,40.05
2021-09-18T15:00:00+00:00,34.4,1000.7,47.06
2021-09-18T18:00:00+00:00,30.4,1002.3,62.72
2021-09-18T21:00:00+00:00,28.0,1002.4,77.02
2021-09-19T00:00:00+00:00,28.0,1002.7,77.02
2021-09-19T03:00:00+00:00,28.6,1004.6,76.19
2021-09-19T06:00:00+00:00,34.2,1004.1,49.97
2021-09-19T09:00:00+00:00,36.5,1002.2,42.16
2021-09-19T12:00:00+00:00,29.0,1002.0,74.44
2021-09-19T15:00:00+00:00,30.1,1002.6,76.88
2021-09-19T18:00:00+00:00,30.0,1003.2,70.69
2021-09-19T21:00:00+00:00,28.8,1002.3,78.54
2021-09-20T00:00:00+00:00,28.0,1002.2,82.28
2021-09-20T03:00:00+00:00,28.2,1003.4,83.3
2021-09-20T06:00:00+00:00,30.5,1003.4,72.49
2021-09-20T09:00:00+00:00,36.0,999.8,47.48
2021-09-20T12:00:00+00:00,30.2,999.4,72.88
2021-09-20T15:00:00+00:00,27.0,1001.7,84.17
2021-09-20T18:00:00+00:00,26.0,1003.2,92.0
2021-09-20T21:00:00+00:00,25.6,1001.1,90.33
2021-09-21T00:00:00+00:00,25.4,1001.2,91.42
2021-09-21T03:00:00+00:00,26.6,1002.1,87.21
2021-09-21T06:00:00+00:00,28.6,1002.8,80.41
2021-09-21T09:00:00+00:00,30.6,999.6,66.67
2021-09-21T12:00:00+00:00,33.4,998.2,55.53
2021-09-21T15:00:00+00:00,25.0,1000.3,86.54
2021-09-21T18:00:00+00:00,25.0,1001.5,97.64
2021-09-21T21:00:00+00:00,24.7,999.5,94.74
2021-09-22T00:00:00+00:00,25.1,999.6,95.9
2021-09-22T03:00:00+00:00,25.4,1001.6,96.48
2021-09-22T06:00:00+00:00,29.0,1002.5,76.25
2021-09-22T09:00:00+00:00,30.0,999.5,71.54
2021-09-22T12:00:00+00:00,30.0,997.9,74.16
2021-09-22T15:00:00+00:00,28.6,999.8,83.34
2021-09-22T18:00:00+00:00,24.0,1000.5,94.71
2021-09-22T21:00:00+00:00,24.0,1000.3,94.71
2021-09-23T00:00:00+00:00,24.0,1000.5,96.45
2021-09-23T03:00:00+00:00,25.6,1002.3,94.78
2021-09-23T06:00:00+00:00,29.6,1002.8,76.8
2021-09-23T09:00:00+00:00,32.0,1000.5,66.16
2021-09-23T12:00:00+00:00,31.8,999.5,66.12
2021-09-23T15:00:00+00:00,29.2,1001.7,80.49
2021-09-23T18:00:00+00:00,28.2,1002.9,83.3
2021-09-23T21:00:00+00:00,27.6,1002.9,87.3
2021-09-24T00:00:00+00:00,27.0,1002.5,95.39
2021-09-24T03:00:00+00:00,28.0,999.6,84.78
2021-09-24T06:00:00+00:00,30.6,1005.0,69.12
2021-09-24T09:00:00+00:00,32.8,1002.6,58.49
2021-09-24T12:00:00+00:00,32.0,1001.5,62.68
2021-09-24T15:00:00+00:00,29.8,1003.3,68.56
2021-09-24T18:00:00+00:00,28.6,1003.9,74.83
2021-09-24T21:00:00+00:00,27.2,1003.6,85.71
2021-09-25T00:00:00+00:00,26.0,1003.7,92.0
2021-09-25T03:00:00+00:00,27.2,1004.6,88.84
2021-09-25T06:00:00+00:00,32.4,1004.5,58.04
2021-09-25T09:00:00+00:00,34.6,1001.2,48.28
2021-09-25T12:00:00+00:00,34.4,1000.2,42.91
2021-09-25T15:00:00+00:00,31.0,1001.8,63.61
2021-09-25T18:00:00+00:00,29.5,1002.2,70.6
2021-09-25T21:00:00+00:00,27.8,1001.8,82.75
2021-09-26T00:00:00+00:00,26.8,1001.7,88.81
2021-09-26T03:00:00+00:00,28.0,1003.1,81.79
2021-09-26T06:00:00+00:00,33.4,1002.8,58.98
2021-09-26T09:00:00+00:00,36.0,1000.3,43.6
2021-09-26T12:00:00+00:00,33.0,999.7,44.71
2021-09-26T15:00:00+00:00,31.4,1000.7,49.25
2021-09-26T18:00:00+00:00,30.0,1001.4,63.79
2021-09-26T21:00:00+00:00,29.0,1001.4,66.76
2021-09-27T00:00:00+00:00,27.6,1001.8,79.8
2021-09-27T03:00:00+00:00,29.6,1002.7,72.34
2021-09-27T06:00:00+00:00,33.0,1002.6,57.48
2021-09-27T09:00:00+00:00,35.1,999.6,48.12
2021-09-27T12:00:00+00:00,30.8,999.5,63.57
2021-09-27T15:00:00+00:00,25.0,1001.7,94.75
2021-09-27T18:00:00+00:00,26.0,1002.3,92.0
2021-09-27T21:00:00+00:00,26.0,1001.4,93.67
2021-09-28T00:00:00+00:00,25.6,1001.3,94.78
2021-09-28T03:00:00+00:00,27.5,1003.8,83.72
2021-09-28T06:00:00+00:00,32.0,1003.7,65.76
2021-09-28T09:00:00+00:00,34.4,1000.7,54.12
2021-09-28T12:00:00+00:00,34.0,999.3,50.84
2021-09-28T15:00:00+00:00,30.4,1002.4,66.63
2021-09-28T18:00:00+00:00,27.8,1003.2,71.59
2021-09-28T21:00:00+00:00,26.6,1002.4,76.35
2021-09-29T00:00:00+00:00,26.6,1002.2,74.96
2021-09-29T03:00:00+00:00,27.6,1003.3,79.8
2021-09-29T06:00:00+00:00,33.0,1002.5,59.96
2021-09-29T09:00:00+00:00,34.4,1000.7,49.42
2021-09-29T12:00:00+00:00,34.4,999.4,50.94
2021-09-29T15:00:00+00:00,32.0,1001.8,59.73
2021-09-29T18:00:00+00:00,30.5,1003.2,67.06
2021-09-29T21:00:00+00:00,29.0,1002.5,74.89
2021-09-30T00:00:00+00:00,27.5,1003.3,83.72
2021-09-30T03:00:00+00:00,29.6,1005.0,74.1
2021-09-30T06:00:00+00:00,34.0,1005.3,52.73
2021-09-30T09:00:00+00:00,34.8,1003.7,52.61
2021-09-30T12:00:00+00:00,32.6,1002.5,57.39
2021-09-30T15:00:00+00:00,31.4,1005.3,66.04
2021-09-30T18:00:00+00:00,29.8,1006.2,69.81
2021-09-30T21:00:00+00:00,28.6,1004.8,76.19
2021-10-01T00:00:00+00:00,27.4,1005.5,84.21
2021-10-01T03:00:00+00:00,28.2,1007.3,80.36
2021-10-01T06:00:00+00:00,33.2,1007.1,54.15
2021-10-01T09:00:00+00:00,35.4,1004.8,45.62
2021-10-01T12:00:00+00:00,33.8,1003.5,48.37
2021-10-01T15:00:00+00:00,32.0,1005.9,54.52
2021-10-01T18:00:00+00:00,29.8,1006.1,64.92
2021-10-01T21:00:00+00:00,28.4,1005.3,67.05
2021-10-02T00:00:00+00:00,27.0,1005.1,76.87
2021-10-02T03:00:00+00:00,28.2,1006.9,71.66
2021-10-02T06:00:00+00:00,32.5,1007.1,53.33
2021-10-02T09:00:00+00:00,36.0,1004.4,44.41
2021-10-02T12:00:00+00:00,34.0,1003.4,47.54
2021-10-02T15:00:00+00:00,31.0,1005.6,58.42
2021-10-02T18:00:00+00:00,29.0,1005.3,64.36
2021-10-02T21:00:00+00:00,27.4,1004.4,72.84
2021-10-03T00:00:00+00:00,26.4,1003.9,84.1
2021-10-03T03:00:00+00:00,27.6,1005.0,79.8
2021-10-03T06:00:00+00:00,34.0,1004.2,47.54
2021-10-03T09:00:00+00:00,36.4,1001.1,41.11
2021-10-03T12:00:00+00:00,34.4,1000.6,47.93
2021-10-03T15:00:00+00:00,31.0,1002.3,61.71
2021-10-03T18:00:00+00:00,29.0,1002.7,75.8
2021-10-03T21:00:00+00:00,26.8,1002.2,85.16
2021-10-04T00:00:00+00:00,25.5,1001.2,87.64
2021-10-04T03:00:00+00:00,27.0,1002.7,84.17
2021-10-04T06:00:00+00:00,32.4,1002.2,58.39
2021-10-04T09:00:00+00:00,34.4,1000.3,53.15
2021-10-04T12:00:00+00:00,33.0,1000.0,57.48
2021-10-04T15:00:00+00:00,30.0,1001.6,68.6
2021-10-04T18:00:00+00:00,28.6,1001.9,73.49
2021-10-04T21:00:00+00:00,26.6,1002.1,84.12
2021-10-05T00:00:00+00:00,25.0,1002.4,88.13
2021-10-05T06:00:00+00:00,31.6,1005.6,54.09
2021-10-05T09:00:00+00:00,34.6,1003.4,48.28
2021-10-05T12:00:00+00:00,34.4,1002.9,50.94
2021-10-05T15:00:00+00:00,31.4,1004.9,58.16
2021-10-05T18:00:00+00:00,29.0,1006.1,64.75
2021-10-05T21:00:00+00:00,27.8,1005.8,67.34
2021-10-06T00:00:00+00:00,27.0,1006.1,78.29
2021-10-06T03:00:00+00:00,28.0,1007.9,77.49
2021-10-06T06:00:00+00:00,32.6,1007.3,55.0
2021-10-06T09:00:00+00:00,35.6,1004.4,45.96
2021-10-06T12:00:00+00:00,35.4,1003.0,44.79
2021-10-06T15:00:00+00:00,31.6,1004.2,68.49
2021-10-06T18:00:00+00:00,30.0,1005.0,58.55
2021-10-06T21:00:00+00:00,29.6,1004.2,63.31
2021-10-07T00:00:00+00:00,27.0,1004.0,75.48
2021-10-07T03:00:00+00:00,28.6,1005.8,72.16
2021-10-07T06:00:00+00:00,35.0,1005.2,43.6
2021-10-07T09:00:00+00:00,38.0,1002.9,26.85
2021-10-07T12:00:00+00:00,36.8,1001.7,32.75
2021-10-07T15:00:00+00:00,31.0,1002.8,38.15
2021-10-07T18:00:00+00:00,29.0,1003.3,48.01
2021-10-07T21:00:00+00:00,28.6,1002.2,55.04
2021-10-08T00:00:00+00:00,27.0,1002.3,66.77
2021-10-08T03:00:00+00:00,29.0,1004.0,67.99
2021-10-08T06:00:00+00:00,36.0,1003.7,37.13
2021-10-08T09:00:00+00:00,38.0,1001.8,29.17
2021-10-08T12:00:00+00:00,36.4,1000.9,35.87
2021-10-08T15:00:00+00:00,31.5,1002.6,47.77
2021-10-08T18:00:00+00:00,28.7,1003.1,57.53
2021-10-08T21:00:00+00:00,28.0,1002.6,57.0
2021-10-09T00:00:00+00:00,27.0,1003.2,72.32
2021-10-09T03:00:00+00:00,27.6,1004.1,61.72
2021-10-09T06:00:00+00:00,35.2,1004.1,31.71
2021-10-09T09:00:00+00:00,38.4,1002.8,25.77
2021-10-09T12:00:00+00:00,36.0,1005.4,32.74
2021-10-09T15:00:00+00:00,30.6,1003.4,38.78
2021-10-09T18:00:00+00:00,28.2,1003.7,55.99
2021-10-09T21:00:00+00:00,27.0,1003.9,69.71
2021-10-10T00:00:00+00:00,23.6,1004.2,73.08
2021-10-10T03:00:00+00:00,26.2,1005.1,55.15
2021-10-10T06:00:00+00:00,34.8,1004.6,29.63
2021-10-10T09:00:00+00:00,38.0,1002.0,27.72
2021-10-10T12:00:00+00:00,35.6,1001.9,34.99
2021-10-10T15:00:00+00:00,30.0,1003.0,44.46
2021-10-10T18:00:00+00:00,27.2,1003.5,55.04
2021-10-10T21:00:00+00:00,26.2,1003.4,67.44
2021-10-11T00:00:00+00:00,24.2,1003.6,89.69
2021-10-11T03:00:00+00:00,24.8,1004.3,88.12
2021-10-11T06:00:00+00:00,32.4,1004.5,40.8
2021-10-11T09:00:00+00:00,36.2,1002.0,24.71
2021-10-11T12:00:00+00:00,35.4,1000.9,33.0
2021-10-11T15:00:00+00:00,29.2,1002.8,47.16
2021-10-11T18:00:00+00:00,28.2,1003.4,58.49
2021-10-11T21:00:00+00:00,26.6,1003.7,61.11
2021-10-12T00:00:00+00:00,25.0,1003.4,63.9
2021-10-12T03:00:00+00:00,26.6,1005.3,83.62
2021-10-12T06:00:00+00:00,32.0,1005.6,42.53
2021-10-12T09:00:00+00:00,35.0,1003.4,27.28
2021-10-12T12:00:00+00:00,33.4,1003.1,28.68
2021-10-12T15:00:00+00:00,29.6,1004.8,38.5
2021-10-12T18:00:00+00:00,28.0,1005.1,33.11
2021-10-12T21:00:00+00:00,25.6,1005.3,44.12
2021-10-13T00:00:00+00:00,23.2,1005.7,57.67
2021-10-13T03:00:00+00:00,24.6,1007.5,59.13
2021-10-13T06:00:00+00:00,32.8,1006.9,29.67
2021-10-13T09:00:00+00:00,34.8,1004.5,20.33
2021-10-13T12:00:00+00:00,34.0,1003.7,25.12
2021-10-13T15:00:00+00:00,27.2,1005.2,38.85
2021-10-13T18:00:00+00:00,25.4,1006.0,41.25
2021-10-13T21:00:00+00:00,23.0,1005.9,51.57
2021-10-14T00:00:00+00:00,21.4,1006.0,58.75
2021-10-14T03:00:00+00:00,24.4,1007.7,43.79
2021-10-14T06:00:00+00:00,33.0,1007.1,21.0
2021-10-14T09:00:00+00:00,36.0,1004.5,52.28
2021-10-14T12:00:00+00:00,34.0,1003.6,52.73
2021-10-14T15:00:00+00:00,27.6,1005.1,36.96
2021-10-14T18:00:00+00:00,25.4,1005.1,31.51
2021-10-14T21:00:00+00:00,23.6,1003.9,32.1
2021-10-15T00:00:00+00:00,20.4,1004.0,43.56
2021-10-15T03:00:00+00:00,22.0,1004.8,50.3
2021-10-15T06:00:00+00:00,33.0,1004.3,18.44
2021-10-15T09:00:00+00:00,35.4,1001.5,11.33
2021-10-15T12:00:00+00:00,33.6,1000.8,15.4
2021-10-15T15:00:00+00:00,28.0,1001.9,17.38
2021-10-15T18:00:00+00:00,24.0,1002.6,29.64
2021-10-15T21:00:00+00:00,21.6,1002.3,27.17
2021-10-16T00:00:00+00:00,20.5,1002.2,29.92
2021-10-16T03:00:00+00:00,24.0,1003.6,29.03
2021-10-16T06:00:00+00:00,32.4,1003.4,18.42
2021-10-16T09:00:00+00:00,35.8,1001.1,14.11
2021-10-16T12:00:00+00:00,33.4,1000.9,14.2
2021-10-16T15:00:00+00:00,25.4,1002.4,29.02
2021-10-16T18:00:00+00:00,24.4,1003.4,27.37
2021-10-16T21:00:00+00:00,21.8,1003.8,39.97
2021-10-17T00:00:00+00:00,21.2,1003.5,36.13
2021-10-17T03:00:00+00:00,22.6,1005.6,39.92
2021-10-17T06:00:00+00:00,32.6,1004.7,15.39
2021-10-17T09:00:00+00:00,35.0,1001.6,12.9
2021-10-17T12:00:00+00:00,34.0,1000.8,15.92
2021-10-17T15:00:00+00:00,26.4,1002.6,29.5
2021-10-17T18:00:00+00:00,26.6,1003.4,28.75
2021-10-17T21:00:00+00:00,24.0,1002.9,40.59
2021-10-18T00:00:00+00:00,21.4,1003.0,54.29
2021-10-18T03:00:00+00:00,23.0,1004.6,52.25
2021-10-18T06:00:00+00:00,30.4,1004.1,48.38
2021-10-18T09:00:00+00:00,33.4,1001.5,24.15
2021-10-18T12:00:00+00:00,32.8,1001.5,19.04
2021-10-18T15:00:00+00:00,27.6,1004.0,34.81
2021-10-18T18:00:00+00:00,25.2,1005.3,42.3
2021-10-18T21:00:00+00:00,22.2,1005.1,52.04
2021-10-19T00:00:00+00:00,21.4,1005.6,48.17
2021-10-19T03:00:00+00:00,23.0,1007.1,47.33
2021-10-19T06:00:00+00:00,31.6,1007.5,25.17
2021-10-19T09:00:00+00:00,35.0,1004.9,17.42
2021-10-19T12:00:00+00:00,34.4,1004.5,13.43
2021-10-19T15:00:00+00:00,26.0,1006.7,27.81
2021-10-19T18:00:00+00:00,24.2,1008.2,29.29
2021-10-19T21:00:00+00:00,22.7,1008.1,28.67
2021-10-20T00:00:00+00:00,21.8,1008.8,56.21
2021-10-20T03:00:00+00:00,22.6,1010.2,39.92
2021-10-20T06:00:00+00:00,33.4,1009.6,13.41
2021-10-20T09:00:00+00:00,35.6,1007.8,12.39
2021-10-20T12:00:00+00:00,33.4,1007.4,14.2
2021-10-20T15:00:00+00:00,27.0,1009.2,26.04
2021-10-20T18:00:00+00:00,26.2,1009.7,31.52
2021-10-20T21:00:00+00:00,23.0,1009.7,47.33
2021-10-21T00:00:00+00:00,21.0,1009.7,59.82
2021-10-21T03:00:00+00:00,23.6,1011.0,55.21
2021-10-21T06:00:00+00:00,31.0,1010.5,32.0
2021-10-21T09:00:00+00:00,33.6,1007.6,25.35
2021-10-21T12:00:00+00:00,32.0,1006.9,27.56
2021-10-21T15:00:00+00:00,27.0,1008.1,43.36
2021-10-21T18:00:00+00:00,25.4,1008.3,55.65
2021-10-21T21:00:00+00:00,23.0,1007.5,66.79
2021-10-22T00:00:00+00:00,21.0,1007.2,81.94
2021-10-22T03:00:00+00:00,23.0,1008.6,80.17
2021-10-22T06:00:00+00:00,29.4,1008.2,50.93
2021-10-22T09:00:00+00:00,33.2,1005.4,38.75
2021-10-22T12:00:00+00:00,31.4,1005.0,45.98
2021-10-22T15:00:00+00:00,28.0,1006.4,59.55
2021-10-22T18:00:00+00:00,26.0,1007.1,71.7
2021-10-22T21:00:00+00:00,23.6,1006.7,82.77
2021-10-23T00:00:00+00:00,23.4,1006.2,84.29
2021-10-23T03:00:00+00:00,24.0,1007.2,81.3
2021-10-23T06:00:00+00:00,29.2,1007.0,56.93
2021-10-23T09:00:00+00:00,32.4,1004.8,45.11
2021-10-23T12:00:00+00:00,31.0,1004.1,46.75
2021-10-23T15:00:00+00:00,29.0,1005.7,49.87
2021-10-23T18:00:00+00:00,26.4,1006.4,60.68
2021-10-23T21:00:00+00:00,23.0,1007.0,58.37
2021-10-24T00:00:00+00:00,22.7,1007.5,72.93
2021-10-24T03:00:00+00:00,23.0,1009.0,74.37
2021-10-24T06:00:00+00:00,27.0,1009.7,60.06
2021-10-24T09:00:00+00:00,29.6,1008.5,50.03
2021-10-24T12:00:00+00:00,29.0,1008.7,43.35
2021-10-24T15:00:00+00:00,26.0,1010.7,57.6
2021-10-24T18:00:00+00:00,24.0,1012.0,67.42
2021-10-24T21:00:00+00:00,22.0,1012.5,73.73
2021-10-25T00:00:00+00:00,20.4,1012.7,81.35
2021-10-25T03:00:00+00:00,20.8,1014.3,78.36
2021-10-25T06:00:00+00:00,26.8,1014.2,57.07
2021-10-25T09:00:00+00:00,26.4,1011.5,52.79
2021-10-25T12:00:00+00:00,28.2,1010.5,32.3
2021-10-25T15:00:00+00:00,24.8,1011.9,49.73
2021-10-25T18:00:00+00:00,22.4,1012.2,62.93
2021-10-25T21:00:00+00:00,20.2,1011.5,74.37
2021-10-26T00:00:00+00:00,18.0,1011.6,84.23
2021-10-26T03:00:00+00:00,21.0,1013.1,73.09
2021-10-26T06:00:00+00:00,27.8,1012.5,45.6
2021-10-26T09:00:00+00:00,30.0,1009.7,28.71
2021-10-26T12:00:00+00:00,30.0,1008.6,38.12
2021-10-26T15:00:00+00:00,26.2,1010.7,40.66
2021-10-26T18:00:00+00:00,23.0,1011.6,41.69
2021-10-26T21:00:00+00:00,21.4,1011.6,49.48
2021-10-27T00:00:00+00:00,20.0,1012.6,55.76
2021-10-27T03:00:00+00:00,22.0,1014.3,50.3
2021-10-27T06:00:00+00:00,30.6,1013.7,35.65
2021-10-27T09:00:00+00:00,31.4,1011.1,25.8
2021-10-27T12:00:00+00:00,30.4,1010.5,29.21
2021-10-27T15:00:00+00:00,25.4,1012.6,38.86
2021-10-27T18:00:00+00:00,24.4,1012.8,39.89
2021-10-27T21:00:00+00:00,21.6,1012.4,49.86
2021-10-28T00:00:00+00:00,20.8,1012.6,50.31
2021-10-28T03:00:00+00:00,22.4,1014.1,48.12
2021-10-28T06:00:00+00:00,31.0,1013.6,27.11
2021-10-28T09:00:00+00:00,32.6,1011.5,22.99
2021-10-28T12:00:00+00:00,30.8,1011.3,21.18
2021-10-28T18:00:00+00:00,24.0,1013.0,39.25
2021-10-28T21:00:00+00:00,20.0,1013.4,50.78
2021-10-29T00:00:00+00:00,20.6,1013.5,43.91
2021-10-29T03:00:00+00:00,21.6,1015.7,45.4
2021-10-29T06:00:00+00:00,31.4,1015.5,24.94
2021-10-29T09:00:00+00:00,32.5,1013.0,15.59
2021-10-29T12:00:00+00:00,31.4,1013.0,22.07
2021-10-29T15:00:00+00:00,23.8,1015.0,37.63
2021-10-29T18:00:00+00:00,23.0,1015.3,37.66
2021-10-29T21:00:00+00:00,19.8,1015.2,41.06
2021-10-30T00:00:00+00:00,19.4,1015.3,43.57
2021-10-30T03:00:00+00:00,22.6,1016.8,35.79
2021-10-30T06:00:00+00:00,32.4,1015.5,20.15
2021-10-30T09:00:00+00:00,33.0,1012.3,18.44
2021-10-30T12:00:00+00:00,32.0,1012.1,16.85
2021-10-30T15:00:00+00:00,24.0,1013.6,34.03
2021-10-30T18:00:00+00:00,22.0,1013.7,37.38
2021-10-30T21:00:00+00:00,20.2,1012.8,38.7
2021-10-31T00:00:00+00:00,19.6,1012.7,37.73
2021-10-31T03:00:00+00:00,23.4,1013.6,29.27
2021-10-31T06:00:00+00:00,32.5,1012.8,13.91
2021-10-31T09:00:00+00:00,34.8,1009.3,11.88
2021-10-31T12:00:00+00:00,33.0,1008.0,16.04
2021-10-31T15:00:00+00:00,26.0,1009.8,21.0
2021-10-31T18:00:00+00:00,23.0,1009.9,26.04
2021-10-31T21:00:00+00:00,21.0,1009.1,34.36
2021-11-01T00:00:00+00:00,19.5,1008.8,49.29
2021-11-01T03:00:00+00:00,21.0,1009.9,49.04
2021-11-01T06:00:00+00:00,32.6,1008.9,13.73
2021-11-01T09:00:00+00:00,35.4,1006.1,12.79
2021-11-01T12:00:00+00:00,32.6,1005.9,15.39
2021-11-01T15:00:00+00:00,25.6,1008.2,28.28
2021-11-01T18:00:00+00:00,23.0,1009.2,32.38
2021-11-01T21:00:00+00:00,21.6,1009.5,41.01
2021-11-02T00:00:00+00:00,18.8,1010.3,52.55
2021-11-02T03:00:00+00:00,20.2,1012.1,54.35
2021-11-02T06:00:00+00:00,28.6,1012.3,32.84
2021-11-02T09:00:00+00:00,31.6,1009.8,25.17
2021-11-02T12:00:00+00:00,29.8,1009.3,29.44
2021-11-02T15:00:00+00:00,26.4,1011.7,37.86
2021-11-02T18:00:00+00:00,23.8,1012.4,45.7
2021-11-02T21:00:00+00:00,20.6,1013.2,61.31
2021-11-03T00:00:00+00:00,19.0,1012.8,69.96
2021-11-03T03:00:00+00:00,19.0,1014.7,71.8
2021-11-03T06:00:00+00:00,26.6,1014.2,39.19
2021-11-03T09:00:00+00:00,30.6,1011.2,23.74
2021-11-03T12:00:00+00:00,29.2,1010.4,20.49
2021-11-03T15:00:00+00:00,23.6,1012.2,36.07
2021-11-03T18:00:00+00:00,21.6,1013.0,38.3
2021-11-03T21:00:00+00:00,18.2,1012.4,46.65
2021-11-04T00:00:00+00:00,18.2,1011.7,45.07
2021-11-04T03:00:00+00:00,18.4,1013.2,53.52
2021-11-04T06:00:00+00:00,30.6,1011.8,20.84
2021-11-04T09:00:00+00:00,32.4,1009.2,22.79
2021-11-04T12:00:00+00:00,30.8,1008.4,34.79
2021-11-04T15:00:00+00:00,24.0,1010.3,35.46
2021-11-04T18:00:00+00:00,20.6,1011.2,32.14
2021-11-04T21:00:00+00:00,18.6,1010.7,37.44
2021-11-05T00:00:00+00:00,17.6,1010.5,34.1
2021-11-05T03:00:00+00:00,18.4,1012.1,40.38
2021-11-05T06:00:00+00:00,29.8,1011.8,19.51
2021-11-05T09:00:00+00:00,32.8,1008.4,27.78
2021-11-05T12:00:00+00:00,31.0,1007.8,24.34
2021-11-05T15:00:00+00:00,23.8,1009.2,33.74
2021-11-05T18:00:00+00:00,21.6,1010.8,34.05
2021-11-05T21:00:00+00:00,19.0,1010.3,41.41
2021-11-06T00:00:00+00:00,18.4,1010.2,34.09
2021-11-06T03:00:00+00:00,20.2,1011.9,43.5
2021-11-06T06:00:00+00:00,31.0,1011.3,16.98
2021-11-06T09:00:00+00:00,32.6,1008.8,15.39
2021-11-06T12:00:00+00:00,30.6,1007.9,20.84
2021-11-06T15:00:00+00:00,23.0,1009.2,37.66
2021-11-06T18:00:00+00:00,21.0,1010.1,41.69
2021-11-06T21:00:00+00:00,19.2,1009.2,45.04
2021-11-07T00:00:00+00:00,18.8,1008.3,42.81
2021-11-07T03:00:00+00:00,20.8,1010.9,41.35
2021-11-07T06:00:00+00:00,31.0,1010.5,24.34
2021-11-07T09:00:00+00:00,32.4,1007.9,18.42
2021-11-07T12:00:00+00:00,31.4,1007.6,30.67
2021-11-07T15:00:00+00:00,24.0,1010.5,39.25
2021-11-07T18:00:00+00:00,22.8,1011.3,34.63
2021-11-07T21:00:00+00:00,21.4,1011.1,37.98
2021-11-08T00:00:00+00:00,19.4,1011.3,43.57
2021-11-08T03:00:00+00:00,20.6,1012.8,51.62
2021-11-08T06:00:00+00:00,29.4,1012.9,27.79
2021-11-08T09:00:00+00:00,32.6,1010.2,22.23
2021-11-08T12:00:00+00:00,31.0,1009.5,27.11
2021-11-08T15:00:00+00:00,24.8,1012.2,26.72
2021-11-08T18:00:00+00:00,22.8,1012.8,36.09
2021-11-08T21:00:00+00:00,21.0,1012.6,42.26
2021-11-09T00:00:00+00:00,20.1,1012.5,40.87
2021-11-09T03:00:00+00:00,22.2,1013.6,33.75
2021-11-09T06:00:00+00:00,31.0,1013.1,15.26
2021-11-09T09:00:00+00:00,34.0,1010.8,13.64
2021-11-09T12:00:00+00:00,32.2,1010.3,23.36
2021-11-09T15:00:00+00:00,24.0,1012.2,26.5
2021-11-09T18:00:00+00:00,23.0,1012.4,31.05
2021-11-09T21:00:00+00:00,20.0,1012.0,32.43
2021-11-10T00:00:00+00:00,21.0,1011.6,27.4
2021-11-10T03:00:00+00:00,19.8,1013.2,41.06
2021-11-10T06:00:00+00:00,29.8,1012.5,21.52
2021-11-10T09:00:00+00:00,33.5,1009.5,15.16
2021-11-10T12:00:00+00:00,30.6,1009.3,25.59
2021-11-10T15:00:00+00:00,25.0,1011.1,20.15
2021-11-10T18:00:00+00:00,22.0,1011.4,26.71
2021-11-10T21:00:00+00:00,20.0,1011.1,37.06
2021-11-11T00:00:00+00:00,18.5,1011.1,36.63
2021-11-11T03:00:00+00:00,20.0,1012.9,47.79
2021-11-11T06:00:00+00:00,29.5,1012.2,16.63
2021-11-11T09:00:00+00:00,32.4,1009.2,11.75
2021-11-11T12:00:00+00:00,30.4,1008.2,15.02
2021-11-11T15:00:00+00:00,23.0,1010.9,27.18
2021-11-11T18:00:00+00:00,21.2,1011.5,29.07
2021-11-11T21:00:00+00:00,19.4,1011.2,28.35
2021-11-12T00:00:00+00:00,16.6,1011.2,42.18
2021-11-12T03:00:00+00:00,18.4,1012.9,42.1
2021-11-12T06:00:00+00:00,27.4,1012.9,22.43
2021-11-12T09:00:00+00:00,31.0,1009.9,13.48
2021-11-12T12:00:00+00:00,29.4,1009.6,16.97
2021-11-12T15:00:00+00:00,21.4,1011.6,30.82
2021-11-12T18:00:00+00:00,19.6,1012.3,33.24
2021-11-12T21:00:00+00:00,17.6,1012.0,40.72
2021-11-13T00:00:00+00:00,16.2,1011.8,43.27
2021-11-13T03:00:00+00:00,18.6,1013.4,37.44
2021-11-13T06:00:00+00:00,29.6,1012.9,18.27
2021-11-13T09:00:00+00:00,32.0,1009.7,12.63
2021-11-13T12:00:00+00:00,28.8,1009.1,21.71
2021-11-13T15:00:00+00:00,21.4,1010.5,28.1
2021-11-13T18:00:00+00:00,18.6,1011.0,34.39
2021-11-13T21:00:00+00:00,16.6,1010.1,43.99
2021-11-14T00:00:00+00:00,16.6,1009.9,37.12
2021-11-14T03:00:00+00:00,17.4,1011.6,40.38
2021-11-14T06:00:00+00:00,29.2,1010.6,18.56
2021-11-14T09:00:00+00:00,31.0,1008.0,13.48
2021-11-14T12:00:00+00:00,29.6,1006.7,19.19
2021-11-14T15:00:00+00:00,21.6,1009.3,31.31
2021-11-14T18:00:00+00:00,19.0,1009.7,30.57
2021-11-14T21:00:00+00:00,18.4,1008.7,32.43
2021-11-15T00:00:00+00:00,15.6,1009.4,45.92
2021-11-15T03:00:00+00:00,18.0,1010.7,36.48
2021-11-15T06:00:00+00:00,27.2,1010.1,22.07
2021-11-15T09:00:00+00:00,31.0,1007.4,15.26
2021-11-15T12:00:00+00:00,28.4,1006.7,18.11
2021-11-15T15:00:00+00:00,21.0,1009.1,28.8
2021-11-15T18:00:00+00:00,18.4,1009.9,32.43
2021-11-15T21:00:00+00:00,15.6,1009.1,38.45
2021-11-16T00:00:00+00:00,15.4,1009.3,32.45
2021-11-16T03:00:00+00:00,17.2,1010.9,33.26
2021-11-16T06:00:00+00:00,28.6,1010.9,15.48
2021-11-16T09:00:00+00:00,30.0,1008.2,10.39
2021-11-16T12:00:00+00:00,27.6,1008.2,15.49
2021-11-16T15:00:00+00:00,20.4,1010.4,29.05
2021-11-16T18:00:00+00:00,18.6,1011.2,28.3
2021-11-17T00:00:00+00:00,15.6,1011.0,43.1
2021-11-17T03:00:00+00:00,15.0,1013.3,48.4
2021-11-17T06:00:00+00:00,26.4,1013.3,22.81
2021-11-17T09:00:00+00:00,28.2,1010.3,17.68
2021-11-17T12:00:00+00:00,26.2,1009.7,15.74
2021-11-17T15:00:00+00:00,20.4,1011.2,30.32
2021-11-17T18:00:00+00:00,17.0,1012.3,37.77
2021-11-17T21:00:00+00:00,17.0,1011.8,39.42
2021-11-18T00:00:00+00:00,13.2,1011.7,47.56
2021-11-18T03:00:00+00:00,13.6,1013.0,50.09
2021-11-18T06:00:00+00:00,23.6,1012.4,27.15
2021-11-18T09:00:00+00:00,27.4,1008.6,17.23
2021-11-18T12:00:00+00:00,25.5,1008.0,21.78
2021-11-18T15:00:00+00:00,19.8,1009.3,33.54
2021-11-18T18:00:00+00:00,19.8,1009.9,36.75
2021-11-18T21:00:00+00:00,16.4,1009.3,38.41
2021-11-19T00:00:00+00:00,14.4,1009.2,43.67
2021-11-19T03:00:00+00:00,14.4,1010.6,44.62
2021-11-19T06:00:00+00:00,23.8,1010.2,30.0
2021-11-19T09:00:00+00:00,27.0,1006.6,20.66
2021-11-19T12:00:00+00:00,25.6,1006.2,20.16
2021-11-19T15:00:00+00:00,20.6,1007.6,26.51
2021-11-19T18:00:00+00:00,18.6,1008.5,35.89
2021-11-19T21:00:00+00:00,16.2,1008.0,39.75
2021-11-20T00:00:00+00:00,13.8,1008.2,50.5
2021-11-20T03:00:00+00:00,15.4,1009.5,68.33
2021-11-20T06:00:00+00:00,25.0,1009.4,53.8
2021-11-20T09:00:00+00:00,27.8,1007.0,45.6
2021-11-20T12:00:00+00:00,26.8,1007.0,49.3
2021-11-20T15:00:00+00:00,23.3,1009.0,40.12
2021-11-20T18:00:00+00:00,21.5,1010.4,31.06
2021-11-20T21:00:00+00:00,20.5,1009.7,32.12
2021-11-21T00:00:00+00:00,17.9,1010.1,40.24
2021-11-21T03:00:00+00:00,17.4,1012.1,47.07
2021-11-21T06:00:00+00:00,26.0,1012.3,48.45
2021-11-21T09:00:00+00:00,28.6,1009.9,41.87
2021-11-21T12:00:00+00:00,27.4,1009.5,29.98
2021-11-21T15:00:00+00:00,23.4,1011.6,35.77
2021-11-21T18:00:00+00:00,19.6,1013.1,45.46
2021-11-21T21:00:00+00:00,17.0,1012.7,51.72
2021-11-22T00:00:00+00:00,15.8,1012.7,51.75
2021-11-22T03:00:00+00:00,17.4,1014.3,48.72
2021-11-22T06:00:00+00:00,26.2,1013.6,23.57
2021-11-22T09:00:00+00:00,28.8,1010.8,18.73
2021-11-22T12:00:00+00:00,27.1,1010.2,21.89
2021-11-22T15:00:00+00:00,19.0,1011.5,38.35
2021-11-22T18:00:00+00:00,17.2,1011.1,36.51
2021-11-22T21:00:00+00:00,15.6,1009.3,42.19
2021-11-23T00:00:00+00:00,14.0,1009.9,48.8
2021-11-23T03:00:00+00:00,16.6,1011.2,39.58
2021-11-23T06:00:00+00:00,28.0,1010.5,19.34
2021-11-23T09:00:00+00:00,31.4,1007.7,14.18
2021-11-23T12:00:00+00:00,30.0,1006.9,22.79
2021-11-23T15:00:00+00:00,22.4,1008.9,21.66
2021-11-23T18:00:00+00:00,20.6,1009.1,26.51
2021-11-23T21:00:00+00:00,17.6,1008.7,34.1
2021-11-24T00:00:00+00:00,15.3,1008.6,45.19
2021-11-24T03:00:00+00:00,17.0,1010.3,46.31
2021-11-24T06:00:00+00:00,29.0,1010.1,29.22
2021-11-24T09:00:00+00:00,32.0,1007.5,19.51
2021-11-24T12:00:00+00:00,30.4,1007.0,29.21
2021-11-24T15:00:00+00:00,21.9,1009.3,42.23
2021-11-24T18:00:00+00:00,21.0,1010.3,40.84
2021-11-24T21:00:00+00:00,17.0,1010.4,55.37
2021-11-25T00:00:00+00:00,16.0,1011.2,63.15
2021-11-25T03:00:00+00:00,15.8,1013.1,68.87
2021-11-25T06:00:00+00:00,27.0,1012.9,33.96
2021-11-25T09:00:00+00:00,30.6,1009.7,28.49
2021-11-25T12:00:00+00:00,28.6,1009.8,30.72
2021-11-25T15:00:00+00:00,22.0,1011.6,43.12
2021-11-25T18:00:00+00:00,19.0,1012.1,54.4
2021-11-25T21:00:00+00:00,17.4,1011.4,66.49
2021-11-26T00:00:00+00:00,15.0,1011.8,72.01
2021-11-26T03:00:00+00:00,15.2,1013.5,76.5
2021-11-26T06:00:00+00:00,27.4,1012.5,24.56
2021-11-26T09:00:00+00:00,30.0,1009.9,20.4
2021-11-26T12:00:00+00:00,28.4,1009.7,28.28
2021-11-26T15:00:00+00:00,21.6,1011.4,38.3
2021-11-26T18:00:00+00:00,20.0,1011.4,37.06
2021-11-26T21:00:00+00:00,18.0,1010.5,39.7
2021-11-27T00:00:00+00:00,17.2,1010.6,41.47
2021-11-27T03:00:00+00:00,16.0,1012.2,49.36
2021-11-27T06:00:00+00:00,27.4,1011.7,23.56
2021-11-27T09:00:00+00:00,30.6,1008.8,17.25
2021-11-27T12:00:00+00:00,29.0,1008.5,24.15
2021-11-27T15:00:00+00:00,21.4,1010.9,39.31
2021-11-27T18:00:00+00:00,20.6,1011.8,34.97
2021-11-27T21:00:00+00:00,17.6,1012.0,42.17
2021-11-28T00:00:00+00:00,16.0,1012.4,59.42
2021-11-28T03:00:00+00:00,15.4,1013.8,64.74
2021-11-28T06:00:00+00:00,26.0,1013.5,26.49
2021-11-28T09:00:00+00:00,29.4,1011.6,20.83
2021-11-28T12:00:00+00:00,27.5,1011.5,25.28
2021-11-28T15:00:00+00:00,23.6,1013.4,32.1
2021-11-28T18:00:00+00:00,20.2,1014.5,44.1
2021-11-28T21:00:00+00:00,19.0,1014.3,38.35
2021-11-29T00:00:00+00:00,18.4,1014.5,39.54
2021-11-29T03:00:00+00:00,17.0,1016.3,48.95
2021-11-29T06:00:00+00:00,25.2,1016.3,33.45
2021-11-29T09:00:00+00:00,29.4,1013.3,22.79
2021-11-29T12:00:00+00:00,27.6,1012.8,21.71
2021-11-29T15:00:00+00:00,22.0,1014.8,25.22
2021-11-29T18:00:00+00:00,20.0,1015.1,32.43
2021-11-29T21:00:00+00:00,17.4,1015.6,40.38
2021-11-30T00:00:00+00:00,16.0,1014.4,50.05
2021-11-30T03:00:00+00:00,16.0,1016.4,50.05
2021-11-30T06:00:00+00:00,23.8,1015.8,30.0
2021-11-30T09:00:00+00:00,28.0,1012.3,17.38
2021-11-30T12:00:00+00:00,26.0,1012.1,27.05
2021-11-30T15:00:00+00:00,21.0,1013.7,27.4
2021-11-30T18:00:00+00:00,18.4,1014.3,37.12
2021-11-30T21:00:00+00:00,18.0,1013.4,36.48
2021-12-01T00:00:00+00:00,16.8,1012.8,39.08
2021-12-01T03:00:00+00:00,17.6,1015.0,46.48
2021-12-01T06:00:00+00:00,17.6,1015.0,46.48
2021-12-01T09:00:00+00:00,26.0,1011.6,26.49
2021-12-01T12:00:00+00:00,24.0,1011.7,32.88
2021-12-01T15:00:00+00:00,20.0,1014.1,38.37
2021-12-01T18:00:00+00:00,18.8,1014.4,39.38
2021-12-01T21:00:00+00:00,16.6,1013.4,43.99
2021-12-02T00:00:00+00:00,15.6,1013.6,49.59
2021-12-02T03:00:00+00:00,16.6,1015.0,45.88
2021-12-02T06:00:00+00:00,23.4,1015.2,34.33
2021-12-02T09:00:00+00:00,26.6,1012.3,24.35
2021-12-02T12:00:00+00:00,25.0,1012.0,24.79
2021-12-02T15:00:00+00:00,21.4,1014.2,31.48
2021-12-02T18:00:00+00:00,18.9,1014.1,38.06
2021-12-02T21:00:00+00:00,14.4,1014.2,52.46
2021-12-03T00:00:00+00:00,13.2,1014.0,60.8
2021-12-03T03:00:00+00:00,13.4,1015.7,72.7
2021-12-03T06:00:00+00:00,23.2,1015.7,36.7
2021-12-03T09:00:00+00:00,26.0,1013.2,24.36
2021-12-03T12:00:00+00:00,24.2,1013.2,25.64
2021-12-03T15:00:00+00:00,17.6,1015.4,45.52
2021-12-03T18:00:00+00:00,16.6,1015.2,42.18
2021-12-03T21:00:00+00:00,16.6,1014.8,45.88
2021-12-04T00:00:00+00:00,14.0,1014.3,56.92
2021-12-04T03:00:00+00:00,14.4,1015.6,59.43
2021-12-04T06:00:00+00:00,23.0,1014.9,34.93
2021-12-04T09:00:00+00:00,25.8,1011.4,30.77
2021-12-04T12:00:00+00:00,24.5,1010.7,34.17
2021-12-04T15:00:00+00:00,20.0,1012.6,43.15
2021-12-04T18:00:00+00:00,17.4,1013.6,48.72
2021-12-04T21:00:00+00:00,14.6,1013.0,51.79
2021-12-05T00:00:00+00:00,14.0,1013.3,50.91
2021-12-05T03:00:00+00:00,13.6,1014.9,66.58
2021-12-05T06:00:00+00:00,23.6,1014.3,36.07
2021-12-05T09:00:00+00:00,26.0,1010.8,25.41
2021-12-05T12:00:00+00:00,24.6,1010.6,26.48
2021-12-05T15:00:00+00:00,18.6,1013.4,40.72
2021-12-05T18:00:00+00:00,16.6,1014.5,45.88
2021-12-05T21:00:00+00:00,15.0,1013.8,56.39
2021-12-06T00:00:00+00:00,13.6,1014.1,62.6
2021-12-06T03:00:00+00:00,13.0,1016.1,61.6
2021-12-06T06:00:00+00:00,21.0,1015.7,49.04
2021-12-06T09:00:00+00:00,25.6,1015.8,31.79
2021-12-06T12:00:00+00:00,23.6,1013.8,37.32
2021-12-06T15:00:00+00:00,17.6,1016.0,55.9
2021-12-06T18:00:00+00:00,16.6,1017.1,53.05
2021-12-06T21:00:00+00:00,14.0,1016.8,56.92
2021-12-07T00:00:00+00:00,12.0,1017.0,71.45
2021-12-07T03:00:00+00:00,12.0,1018.0,75.98
2021-12-07T06:00:00+00:00,22.0,1017.3,46.12
2021-12-07T09:00:00+00:00,25.2,1014.8,29.98
2021-12-07T12:00:00+00:00,23.6,1014.2,28.32
2021-12-07T15:00:00+00:00,17.6,1016.0,42.17
2021-12-07T18:00:00+00:00,16.0,1015.9,42.91
2021-12-07T21:00:00+00:00,15.0,1015.1,52.26
2021-12-08T00:00:00+00:00,13.4,1015.2,62.12
2021-12-08T03:00:00+00:00,13.4,1016.4,62.12
2021-12-08T06:00:00+00:00,23.6,1016.5,32.1
2021-12-08T09:00:00+00:00,25.5,1014.5,22.9
2021-12-08T12:00:00+00:00,24.0,1014.5,25.4
2021-12-08T15:00:00+00:00,17.8,1016.4,39.37
2021-12-08T18:00:00+00:00,16.0,1016.9,41.12
2021-12-08T21:00:00+00:00,12.6,1016.6,52.72
2021-12-09T00:00:00+00:00,10.0,1017.1,62.19
2021-12-09T03:00:00+00:00,11.2,1019.1,58.23
2021-12-09T06:00:00+00:00,23.0,1019.0,29.78
2021-12-09T09:00:00+00:00,25.4,1017.0,29.02
2021-12-09T12:00:00+00:00,23.4,1016.4,25.42
2021-12-09T15:00:00+00:00,18.2,1018.5,36.8
2021-12-09T18:00:00+00:00,17.0,1019.1,41.12
2021-12-09T21:00:00+00:00,14.0,1019.1,48.8
2021-12-10T00:00:00+00:00,13.6,1019.0,54.11
2021-12-10T03:00:00+00:00,12.6,1020.4,63.24
2021-12-10T06:00:00+00:00,22.4,1019.3,34.05
2021-12-10T09:00:00+00:00,24.5,1017.4,21.53
2021-12-10T12:00:00+00:00,22.8,1016.9,27.51
2021-12-10T15:00:00+00:00,17.0,1018.8,42.89
2021-12-10T18:00:00+00:00,13.5,1018.6,54.09
2021-12-10T21:00:00+00:00,13.0,1017.3,51.36
2021-12-11T00:00:00+00:00,11.0,1017.0,62.43
2021-12-11T03:00:00+00:00,11.4,1018.1,63.85
2021-12-11T06:00:00+00:00,23.4,1017.9,33.17
2021-12-11T09:00:00+00:00,26.0,1015.0,21.0
2021-12-11T12:00:00+00:00,24.0,1014.7,29.03
2021-12-11T15:00:00+00:00,16.7,1016.8,37.15
2021-12-11T18:00:00+00:00,17.1,1016.8,30.6
2021-12-11T21:00:00+00:00,13.4,1016.6,41.85
2021-12-12T00:00:00+00:00,12.0,1016.2,43.25
2021-12-12T03:00:00+00:00,12.6,1017.5,48.41
2021-12-12T06:00:00+00:00,23.4,1017.0,23.0
2021-12-12T09:00:00+00:00,25.0,1014.2,20.15
2021-12-12T12:00:00+00:00,23.0,1013.7,24.78
2021-12-12T15:00:00+00:00,17.0,1015.6,29.3
2021-12-12T18:00:00+00:00,15.0,1015.6,39.11
2021-12-12T21:00:00+00:00,12.0,1015.3,47.22
2021-12-13T00:00:00+00:00,9.8,1015.5,52.34
2021-12-13T03:00:00+00:00,9.4,1016.6,61.17
2021-12-13T06:00:00+00:00,19.6,1016.3,33.96
2021-12-13T09:00:00+00:00,23.8,1013.0,18.77
2021-12-13T12:00:00+00:00,22.0,1012.7,23.98
2021-12-13T15:00:00+00:00,15.6,1014.7,44.02
2021-12-13T18:00:00+00:00,13.0,1015.1,45.18
2021-12-13T21:00:00+00:00,11.6,1014.5,50.97
2021-12-14T00:00:00+00:00,10.0,1014.7,55.1
2021-12-14T03:00:00+00:00,12.0,1016.0,47.22
2021-12-14T06:00:00+00:00,21.5,1016.2,25.63
2021-12-14T09:00:00+00:00,23.4,1014.0,21.71
2021-12-14T12:00:00+00:00,22.0,1013.6,23.98
2021-12-14T15:00:00+00:00,13.8,1015.8,37.82
2021-12-14T18:00:00+00:00,13.5,1016.8,40.98
2021-12-14T21:00:00+00:00,10.0,1016.5,55.1
2021-12-15T00:00:00+00:00,8.8,1016.5,55.58
2021-12-15T03:00:00+00:00,7.2,1018.4,68.54
2021-12-15T06:00:00+00:00,21.0,1017.1,27.4
2021-12-15T09:00:00+00:00,22.2,1014.9,20.18
2021-12-15T12:00:00+00:00,20.4,1013.7,26.08
2021-12-15T15:00:00+00:00,14.4,1015.3,39.79
2021-12-15T18:00:00+00:00,11.6,1016.1,46.43
2021-12-15T21:00:00+00:00,10.2,1015.9,50.59
2021-12-16T00:00:00+00:00,8.0,1016.4,59.1
2021-12-16T03:00:00+00:00,8.6,1017.8,60.11
2021-12-16T06:00:00+00:00,18.0,1018.3,31.63
2021-12-16T09:00:00+00:00,21.2,1015.9,11.89
2021-12-16T12:00:00+00:00,19.0,1016.3,15.26
2021-12-16T15:00:00+00:00,13.6,1018.6,19.74
2021-12-16T18:00:00+00:00,12.8,1019.3,61.56
2021-12-16T21:00:00+00:00,10.6,1019.1,84.51
2021-12-17T00:00:00+00:00,9.2,1019.6,97.34
2021-12-17T03:00:00+00:00,8.4,1021.7,79.71
2021-12-17T06:00:00+00:00,16.6,1021.7,46.52
2021-12-17T09:00:00+00:00,20.0,1018.6,24.68
2021-12-17T12:00:00+00:00,18.5,1018.0,26.44
2021-12-17T15:00:00+00:00,13.6,1019.7,35.85
2021-12-17T18:00:00+00:00,12.0,1019.8,38.19
2021-12-17T21:00:00+00:00,9.6,1019.6,46.71
2021-12-18T00:00:00+00:00,7.2,1019.6,60.64
2021-12-18T03:00:00+00:00,8.0,1021.0,59.1
2021-12-18T06:00:00+00:00,19.2,1020.7,17.76
2021-12-18T09:00:00+00:00,22.0,1017.9,15.59
2021-12-18T12:00:00+00:00,20.0,1016.8,17.48
2021-12-18T15:00:00+00:00,13.0,1019.2,29.23
2021-12-18T18:00:00+00:00,9.4,1019.7,37.42
2021-12-18T21:00:00+00:00,8.0,1019.2,38.76
2021-12-19T00:00:00+00:00,8.0,1018.5,38.76
2021-12-19T03:00:00+00:00,9.0,1019.9,34.71
2021-12-19T06:00:00+00:00,20.0,1019.4,17.48
2021-12-19T09:00:00+00:00,23.2,1016.7,14.13
2021-12-19T12:00:00+00:00,22.2,1015.9,25.64
2021-12-19T15:00:00+00:00,13.6,1017.7,33.82
2021-12-19T18:00:00+00:00,11.0,1018.4,37.84
2021-12-19T21:00:00+00:00,9.8,1018.2,39.31
2021-12-20T00:00:00+00:00,10.8,1016.5,25.67
2021-12-20T03:00:00+00:00,11.8,1017.7,22.21
2021-12-20T06:00:00+00:00,23.4,1017.0,10.13
2021-12-20T09:00:00+00:00,26.6,1013.7,8.59
2021-12-20T12:00:00+00:00,24.5,1012.8,14.11
2021-12-20T15:00:00+00:00,17.6,1014.6,13.99
2021-12-20T18:00:00+00:00,16.0,1015.1,14.17
2021-12-20T21:00:00+00:00,13.4,1014.4,21.07
2021-12-21T00:00:00+00:00,12.4,1014.0,28.15
2021-12-21T03:00:00+00:00,12.7,1015.6,31.36
2021-12-21T06:00:00+00:00,23.0,1015.8,20.88
2021-12-21T09:00:00+00:00,26.0,1012.5,18.85
2021-12-21T12:00:00+00:00,24.6,1012.4,30.02
2021-12-21T15:00:00+00:00,17.2,1013.8,39.75
2021-12-21T18:00:00+00:00,16.2,1014.1,39.75
2021-12-21T21:00:00+00:00,15.0,1013.9,42.92
2021-12-22T00:00:00+00:00,13.0,1011.4,49.22
2021-12-22T03:00:00+00:00,14.0,1013.3,71.35
2021-12-22T06:00:00+00:00,23.6,1012.3,44.15
2021-12-22T09:00:00+00:00,26.8,1009.0,33.67
2021-12-22T12:00:00+00:00,25.0,1008.4,36.96
2021-12-22T15:00:00+00:00,20.0,1010.4,57.26
2021-12-22T18:00:00+00:00,18.0,1011.0,61.11
2021-12-22T21:00:00+00:00,16.5,1010.3,73.25
2021-12-23T00:00:00+00:00,15.5,1009.9,79.65
2021-12-23T03:00:00+00:00,16.6,1011.5,77.23
2021-12-23T06:00:00+00:00,22.6,1011.3,64.61
2021-12-23T09:00:00+00:00,22.6,1009.5,53.19
2021-12-23T12:00:00+00:00,22.0,1009.3,51.31
2021-12-23T15:00:00+00:00,20.4,1010.7,40.67
2021-12-23T18:00:00+00:00,19.0,1011.8,41.41
2021-12-23T21:00:00+00:00,15.6,1011.0,56.94
2021-12-24T00:00:00+00:00,15.2,1011.0,50.88
2021-12-24T03:00:00+00:00,13.4,1012.3,72.7
2021-12-24T06:00:00+00:00,19.0,1012.8,54.4
2021-12-24T09:00:00+00:00,23.4,1010.6,31.82
2021-12-24T12:00:00+00:00,22.6,1010.7,35.06
2021-12-24T15:00:00+00:00,16.0,1013.0,55.88
2021-12-24T18:00:00+00:00,15.4,1013.1,45.54
2021-12-24T21:00:00+00:00,13.0,1013.4,55.49
2021-12-25T00:00:00+00:00,10.8,1013.6,70.24
2021-12-25T03:00:00+00:00,9.6,1015.1,75.06
2021-12-25T06:00:00+00:00,21.0,1014.8,49.04
2021-12-25T09:00:00+00:00,25.6,1012.1,31.79
2021-12-25T12:00:00+00:00,22.2,1011.3,37.69
2021-12-25T15:00:00+00:00,17.0,1013.4,55.37
2021-12-25T18:00:00+00:00,15.8,1013.4,55.45
2021-12-25T21:00:00+00:00,14.4,1013.3,65.41
2021-12-26T00:00:00+00:00,14.4,1012.3,63.22
2021-12-26T03:00:00+00:00,15.0,1014.2,70.11
2021-12-26T06:00:00+00:00,19.0,1015.3,54.4
2021-12-26T09:00:00+00:00,22.0,1012.6,46.12
2021-12-26T12:00:00+00:00,19.6,1013.6,53.47
2021-12-26T15:00:00+00:00,16.5,1015.5,76.21
2021-12-26T18:00:00+00:00,15.4,1016.4,83.93
2021-12-26T21:00:00+00:00,13.5,1015.8,93.06
2021-12-27T00:00:00+00:00,12.5,1015.8,100.0
2021-12-27T06:00:00+00:00,14.4,1017.6,88.94
2021-12-27T09:00:00+00:00,20.6,1014.6,59.72
2021-12-27T12:00:00+00:00,19.6,1014.7,61.89
2021-12-27T15:00:00+00:00,14.0,1016.2,88.9
2021-12-27T18:00:00+00:00,12.8,1016.5,93.02
2021-12-27T21:00:00+00:00,12.6,1016.5,97.41
2021-12-28T00:00:00+00:00,12.6,1016.5,93.01
2021-12-28T03:00:00+00:00,11.8,1017.6,97.39
2021-12-28T06:00:00+00:00,13.4,1018.5,95.53
2021-12-28T09:00:00+00:00,15.4,1015.8,80.69
2021-12-28T12:00:00+00:00,15.5,1015.5,79.65
2021-12-28T15:00:00+00:00,13.0,1017.0,88.23
2021-12-28T18:00:00+00:00,12.6,1017.6,85.88
2021-12-28T21:00:00+00:00,12.0,1017.1,80.77
2021-12-29T00:00:00+00:00,10.8,1017.0,85.11
2021-12-29T03:00:00+00:00,9.5,1019.7,90.97
2021-12-29T06:00:00+00:00,17.0,1019.4,55.37
2021-12-29T09:00:00+00:00,20.6,1016.0,43.91
2021-12-29T12:00:00+00:00,20.0,1015.9,40.0
2021-12-29T15:00:00+00:00,14.0,1018.8,60.99
2021-12-29T18:00:00+00:00,11.6,1019.8,73.36
2021-12-29T21:00:00+00:00,10.4,1019.6,79.45
2021-12-30T00:00:00+00:00,10.0,1019.4,79.39
2021-12-30T03:00:00+00:00,12.0,1020.4,64.88
2021-12-30T06:00:00+00:00,18.0,1022.4,39.7
2021-12-30T09:00:00+00:00,21.4,1018.9,25.42
2021-12-30T12:00:00+00:00,20.4,1019.0,26.08
2021-12-30T15:00:00+00:00,14.5,1020.9,43.09
2021-12-30T18:00:00+00:00,14.0,1021.9,39.1
2021-12-30T21:00:00+00:00,12.3,1021.2,44.65
2021-12-31T00:00:00+00:00,11.0,1021.2,54.19
2021-12-31T03:00:00+00:00,11.0,1021.7,54.19
2021-12-31T06:00:00+00:00,17.8,1021.7,32.72
2021-12-31T09:00:00+00:00,19.4,1019.5,24.78
2021-12-31T12:00:00+00:00,18.4,1018.6,31.74
2021-12-31T15:00:00+00:00,13.0,1020.8,49.22
2021-12-31T18:00:00+00:00,11.0,1020.5,54.19
2021-12-31T21:00:00+00:00,10.0,1021.1,55.1
2022-01-01T00:00:00+00:00,9.6,1019.6,59.08
2022-01-01T03:00:00+00:00,9.0,1021.1,63.3
2022-01-01T06:00:00+00:00,19.0,1020.0,30.57
2022-01-01T09:00:00+00:00,22.0,1017.0,22.01
2022-01-01T12:00:00+00:00,21.0,1016.3,23.21
2022-01-01T15:00:00+00:00,15.2,1018.3,43.29
2022-01-01T18:00:00+00:00,15.0,1018.1,39.11
2022-01-01T21:00:00+00:00,13.2,1017.5,47.56
2022-01-02T00:00:00+00:00,11.8,1017.4,55.57
2022-01-02T03:00:00+00:00,11.5,1019.1,56.28
2022-01-02T06:00:00+00:00,17.6,1018.8,43.97
2022-01-02T09:00:00+00:00,22.4,1015.2,30.03
2022-01-02T12:00:00+00:00,22.6,1015.1,22.62
2022-01-02T15:00:00+00:00,17.6,1017.0,34.1
2022-01-02T18:00:00+00:00,15.2,1017.2,37.79
2022-01-02T21:00:00+00:00,13.6,1016.9,46.0
2022-01-03T00:00:00+00:00,11.8,1015.7,55.57
2022-01-03T03:00:00+00:00,11.6,1017.0,57.52
2022-01-03T06:00:00+00:00,21.2,1016.7,43.49
2022-01-03T09:00:00+00:00,26.0,1013.0,30.0
2022-01-03T12:00:00+00:00,24.0,1012.3,32.88
2022-01-03T15:00:00+00:00,20.0,1014.3,37.06
2022-01-03T18:00:00+00:00,18.6,1014.8,35.89
2022-01-03T21:00:00+00:00,16.0,1014.6,41.12
2022-01-04T00:00:00+00:00,14.8,1015.1,50.07
2022-01-04T03:00:00+00:00,14.0,1015.8,60.99
2022-01-04T06:00:00+00:00,19.2,1014.6,46.61
2022-01-04T09:00:00+00:00,23.0,1012.1,37.66
2022-01-04T12:00:00+00:00,22.2,1011.9,39.27
2022-01-04T15:00:00+00:00,18.6,1014.2,60.84
2022-01-04T18:00:00+00:00,17.2,1014.4,62.58
2022-01-04T21:00:00+00:00,13.6,1013.3,86.55
2022-01-05T00:00:00+00:00,13.0,1012.8,95.51
2022-01-05T03:00:00+00:00,13.2,1013.0,95.52
2022-01-05T06:00:00+00:00,14.6,1013.2,93.11
2022-01-05T09:00:00+00:00,16.0,1011.2,89.64
2022-01-05T12:00:00+00:00,16.0,1011.4,89.64
2022-01-05T15:00:00+00:00,15.4,1013.2,89.02
2022-01-05T18:00:00+00:00,15.0,1013.4,91.34
2022-01-05T21:00:00+00:00,14.0,1013.2,93.08
2022-01-06T00:00:00+00:00,13.0,1013.5,95.51
2022-01-06T03:00:00+00:00,12.2,1015.2,97.4
2022-01-06T06:00:00+00:00,14.2,1015.0,79.99
2022-01-06T09:00:00+00:00,16.2,1012.8,71.28
2022-01-06T12:00:00+00:00,15.4,1012.5,74.53
2022-01-06T15:00:00+00:00,13.0,1013.2,83.66
2022-01-06T18:00:00+00:00,12.6,1013.2,83.61
2022-01-06T21:00:00+00:00,11.6,1011.6,92.34
2022-01-07T00:00:00+00:00,11.0,1010.9,97.37
2022-01-07T03:00:00+00:00,10.8,1013.0,97.37
2022-01-07T06:00:00+00:00,11.4,1013.2,100.0
2022-01-07T09:00:00+00:00,13.4,1010.6,88.27
2022-01-07T12:00:00+00:00,13.0,1011.1,88.23
2022-01-07T15:00:00+00:00,11.6,1012.5,94.83
2022-01-07T18:00:00+00:00,10.0,1013.0,92.24
2022-01-07T21:00:00+00:00,8.0,1012.6,100.0
2022-01-08T00:00:00+00:00,9.0,1012.5,97.33
2022-01-08T03:00:00+00:00,8.0,1014.4,100.0
2022-01-08T06:00:00+00:00,14.0,1014.4,82.12
2022-01-08T09:00:00+00:00,17.8,1013.1,57.87
2022-01-08T12:00:00+00:00,16.6,1013.0,62.02
2022-01-08T15:00:00+00:00,13.0,1014.9,83.66
2022-01-08T18:00:00+00:00,12.0,1015.4,85.24
2022-01-08T21:00:00+00:00,10.2,1015.2,89.8
2022-01-09T00:00:00+00:00,9.4,1015.1,94.74
2022-01-09T03:00:00+00:00,9.6,1016.3,92.22
2022-01-09T06:00:00+00:00,15.0,1016.9,64.22
2022-01-09T09:00:00+00:00,16.2,1014.6,61.51
2022-01-09T12:00:00+00:00,16.2,1014.1,61.51
2022-01-09T15:00:00+00:00,12.8,1015.8,81.42
2022-01-09T18:00:00+00:00,10.6,1016.4,84.51
2022-01-09T21:00:00+00:00,10.0,1015.9,92.24
2022-01-10T00:00:00+00:00,8.4,1015.4,94.7
2022-01-10T03:00:00+00:00,8.4,1016.7,94.7
2022-01-10T06:00:00+00:00,16.6,1017.3,64.14
2022-01-10T09:00:00+00:00,19.6,1015.4,47.03
2022-01-10T12:00:00+00:00,18.0,1015.3,47.89
2022-01-10T15:00:00+00:00,13.6,1017.0,75.23
2022-01-10T18:00:00+00:00,12.4,1018.1,78.67
2022-01-10T21:00:00+00:00,10.4,1017.9,84.49
2022-01-11T00:00:00+00:00,9.6,1017.4,92.22
2022-01-11T03:00:00+00:00,9.6,1018.9,92.22
2022-01-11T06:00:00+00:00,16.6,1018.9,58.36
2022-01-11T09:00:00+00:00,18.4,1016.4,45.12
2022-01-11T12:00:00+00:00,17.4,1015.4,48.72
2022-01-11T15:00:00+00:00,13.0,1016.8,72.62
2022-01-11T18:00:00+00:00,10.8,1017.4,82.27
2022-01-11T21:00:00+00:00,9.6,1016.6,87.93
2022-01-12T00:00:00+00:00,8.6,1015.7,91.53
2022-01-12T03:00:00+00:00,9.0,1017.5,91.56
2022-01-12T06:00:00+00:00,16.4,1017.8,59.92
2022-01-12T09:00:00+00:00,19.0,1014.7,41.41
2022-01-12T12:00:00+00:00,19.0,1014.1,38.35
2022-01-12T15:00:00+00:00,14.0,1015.8,56.92
2022-01-12T18:00:00+00:00,11.0,1016.1,75.3
2022-01-12T21:00:00+00:00,11.0,1016.1,75.3
2022-01-13T00:00:00+00:00,9.0,1015.3,78.7
2022-01-13T03:00:00+00:00,9.6,1016.3,79.34
2022-01-13T06:00:00+00:00,18.2,1016.3,46.65
2022-01-13T09:00:00+00:00,20.4,1013.7,37.7
2022-01-13T12:00:00+00:00,19.0,1012.9,41.41
2022-01-13T15:00:00+00:00,13.5,1015.0,65.66
2022-01-13T18:00:00+00:00,11.5,1015.9,68.94
2022-01-13T21:00:00+00:00,9.4,1015.7,76.61
2022-01-14T00:00:00+00:00,9.0,1015.9,78.7
2022-01-14T03:00:00+00:00,10.2,1017.2,77.27
2022-01-14T06:00:00+00:00,18.4,1017.3,50.35
2022-01-14T09:00:00+00:00,20.2,1015.2,43.2
2022-01-14T12:00:00+00:00,19.4,1014.3,46.66
2022-01-14T15:00:00+00:00,15.0,1016.3,68.25
2022-01-14T18:00:00+00:00,13.6,1017.1,68.89
2022-01-14T21:00:00+00:00,12.6,1017.0,70.11
2022-01-15T00:00:00+00:00,10.2,1016.7,84.47
2022-01-15T03:00:00+00:00,10.0,1017.4,86.78
2022-01-15T06:00:00+00:00,18.4,1018.4,38.72
2022-01-15T09:00:00+00:00,20.6,1015.7,33.53
2022-01-15T12:00:00+00:00,19.6,1015.4,34.68
2022-01-15T15:00:00+00:00,15.0,1017.1,55.24
2022-01-15T18:00:00+00:00,13.0,1018.4,57.47
2022-01-15T21:00:00+00:00,10.5,1017.3,67.78
2022-01-16T00:00:00+00:00,8.6,1017.3,83.71
2022-01-16T03:00:00+00:00,8.6,1018.7,86.05
2022-01-16T06:00:00+00:00,16.8,1019.0,53.1
2022-01-16T09:00:00+00:00,20.8,1015.9,31.08
2022-01-16T12:00:00+00:00,20.6,1015.2,27.88
2022-01-16T15:00:00+00:00,15.0,1016.9,52.26
2022-01-16T18:00:00+00:00,13.4,1017.8,55.98
2022-01-16T21:00:00+00:00,10.8,1017.3,75.27
2022-01-17T00:00:00+00:00,10.4,1017.1,79.45
2022-01-17T03:00:00+00:00,9.8,1018.4,84.42
2022-01-17T06:00:00+00:00,18.6,1018.5,40.72
2022-01-17T09:00:00+00:00,22.0,1016.0,25.22
2022-01-17T12:00:00+00:00,21.6,1016.0,27.17
2022-01-17T15:00:00+00:00,17.0,1018.2,46.31
2022-01-17T18:00:00+00:00,15.0,1018.9,48.4
2022-01-17T21:00:00+00:00,12.4,1018.3,56.52
2022-01-18T00:00:00+00:00,10.6,1017.3,67.8
2022-01-18T03:00:00+00:00,10.4,1018.3,74.68
2022-01-18T06:00:00+00:00,18.0,1019.2,39.7
2022-01-18T09:00:00+00:00,21.6,1016.0,24.57
2022-01-18T12:00:00+00:00,21.5,1014.0,27.73
2022-01-18T15:00:00+00:00,15.8,1015.6,49.99
2022-01-18T18:00:00+00:00,14.8,1015.8,55.96
2022-01-18T21:00:00+00:00,14.2,1015.6,65.36
2022-01-19T00:00:00+00:00,13.8,1014.4,64.83
2022-01-19T03:00:00+00:00,14.0,1013.9,60.99
2022-01-19T06:00:00+00:00,23.6,1012.8,22.24
2022-01-19T09:00:00+00:00,26.4,1009.6,18.55
2022-01-19T12:00:00+00:00,26.0,1008.8,18.72
2022-01-19T18:00:00+00:00,18.0,1010.0,47.24
2022-01-19T21:00:00+00:00,14.3,1009.4,66.28
2022-01-20T00:00:00+00:00,12.5,1008.9,87.02
2022-01-20T03:00:00+00:00,11.6,1009.9,92.34
2022-01-20T06:00:00+00:00,17.0,1010.4,64.23
2022-01-20T09:00:00+00:00,22.0,1008.1,41.69
2022-01-20T12:00:00+00:00,21.6,1007.1,45.4
2022-01-20T15:00:00+00:00,17.0,1009.1,60.87
2022-01-20T18:00:00+00:00,15.0,1008.5,68.25
2022-01-20T21:00:00+00:00,14.4,1008.3,67.66
2022-01-21T00:00:00+00:00,14.0,1007.6,67.12
2022-01-21T03:00:00+00:00,14.2,1008.7,69.48
2022-01-21T06:00:00+00:00,22.0,1007.8,40.3
2022-01-21T09:00:00+00:00,25.0,1003.6,40.6
2022-01-21T12:00:00+00:00,24.8,1001.3,51.04
2022-01-21T15:00:00+00:00,18.4,1002.9,53.52
2022-01-21T18:00:00+00:00,14.8,1003.7,71.02
2022-01-21T21:00:00+00:00,13.0,1003.5,87.07
2022-01-22T00:00:00+00:00,12.9,1003.0,88.22
2022-01-22T03:00:00+00:00,12.0,1004.7,78.61
2022-01-22T06:00:00+00:00,13.0,1006.9,77.18
2022-01-22T09:00:00+00:00,18.0,1003.9,28.43
2022-01-22T12:00:00+00:00,17.0,1003.9,21.46
2022-01-22T15:00:00+00:00,13.8,1006.4,42.58
2022-01-22T18:00:00+00:00,11.6,1007.6,48.83
2022-01-22T21:00:00+00:00,10.0,1007.6,59.6
2022-01-23T00:00:00+00:00,8.6,1007.5,62.75
2022-01-23T03:00:00+00:00,8.0,1009.3,78.0
2022-01-23T06:00:00+00:00,17.0,1010.2,46.31
2022-01-23T09:00:00+00:00,19.0,1008.9,26.05
2022-01-23T12:00:00+00:00,19.0,1008.7,27.6
2022-01-23T15:00:00+00:00,13.8,1011.1,44.45
2022-01-23T18:00:00+00:00,11.0,1011.3,56.56
2022-01-23T21:00:00+00:00,8.5,1011.1,65.01
2022-01-24T00:00:00+00:00,8.5,1011.0,58.81
2022-01-24T03:00:00+00:00,8.6,1013.2,65.03
2022-01-24T06:00:00+00:00,16.8,1013.9,29.19
2022-01-24T09:00:00+00:00,19.6,1011.5,37.73
2022-01-24T12:00:00+00:00,19.4,1011.1,43.57
2022-01-24T15:00:00+00:00,12.6,1013.8,44.42
2022-01-24T18:00:00+00:00,11.4,1013.9,46.04
2022-01-24T21:00:00+00:00,8.4,1013.8,59.63
2022-01-25T00:00:00+00:00,7.4,1013.3,58.41
2022-01-25T03:00:00+00:00,7.8,1014.8,61.67
2022-01-25T06:00:00+00:00,19.0,1014.8,30.57
2022-01-25T09:00:00+00:00,21.0,1011.7,16.58
2022-01-25T12:00:00+00:00,20.2,1010.9,18.8
2022-01-25T15:00:00+00:00,12.6,1013.3,40.23
2022-01-25T18:00:00+00:00,12.4,1013.8,35.68
2022-01-25T21:00:00+00:00,8.4,1013.6,54.57
2022-01-26T00:00:00+00:00,7.4,1013.6,60.69
2022-01-26T03:00:00+00:00,8.0,1014.9,61.72
2022-01-26T06:00:00+00:00,19.6,1015.3,25.94
2022-01-26T09:00:00+00:00,21.2,1012.9,19.73
2022-01-26T12:00:00+00:00,21.0,1012.2,23.21
2022-01-26T15:00:00+00:00,13.6,1014.3,44.07
2022-01-26T18:00:00+00:00,12.4,1015.3,39.43
2022-01-26T21:00:00+00:00,10.6,1014.9,46.68
2022-01-27T00:00:00+00:00,10.2,1014.3,45.62
2022-01-27T03:00:00+00:00,10.6,1016.2,44.79
2022-01-27T06:00:00+00:00,19.8,1017.2,24.79
2022-01-27T09:00:00+00:00,22.0,1014.4,18.78
2022-01-27T12:00:00+00:00,22.4,1013.6,18.49
2022-01-27T15:00:00+00:00,14.5,1015.5,37.31
2022-01-27T18:00:00+00:00,11.5,1016.0,46.4
2022-01-27T21:00:00+00:00,9.6,1015.5,55.39
2022-01-28T00:00:00+00:00,10.6,1014.5,43.32
2022-01-28T03:00:00+00:00,10.8,1016.9,44.93
2022-01-28T06:00:00+00:00,22.0,1016.5,18.78
2022-01-28T09:00:00+00:00,25.6,1013.5,16.72
2022-01-28T12:00:00+00:00,25.0,1012.4,21.35
2022-01-28T15:00:00+00:00,16.0,1014.4,35.9
2022-01-28T18:00:00+00:00,12.2,1014.7,43.35
2022-01-28T21:00:00+00:00,13.4,1013.8,32.05
2022-01-29T00:00:00+00:00,12.4,1013.2,31.71
2022-01-29T03:00:00+00:00,11.8,1015.4,37.74
2022-01-29T06:00:00+00:00,23.4,1015.7,21.71
2022-01-29T09:00:00+00:00,26.2,1012.5,14.59
2022-01-29T12:00:00+00:00,25.6,1011.4,20.16
2022-01-29T15:00:00+00:00,17.4,1013.8,40.38
2022-01-29T18:00:00+00:00,15.4,1014.3,45.54
2022-01-29T21:00:00+00:00,13.8,1013.4,60.53
2022-01-30T00:00:00+00:00,12.2,1011.6,64.92
2022-01-30T03:00:00+00:00,12.5,1013.0,64.1
2022-01-30T06:00:00+00:00,22.8,1015.8,32.77
2022-01-30T09:00:00+00:00,26.4,1008.1,34.25
2022-01-30T12:00:00+00:00,25.6,1007.2,31.79
2022-01-30T15:00:00+00:00,20.2,1008.6,46.25
2022-01-30T18:00:00+00:00,17.0,1009.8,55.37
2022-01-30T21:00:00+00:00,15.0,1009.2,64.22
2022-01-31T00:00:00+00:00,14.2,1008.3,73.83
2022-01-31T03:00:00+00:00,15.4,1009.3,98.09
2022-01-31T06:00:00+00:00,22.2,1009.6,67.48
2022-01-31T09:00:00+00:00,26.4,1007.6,48.87
2022-01-31T12:00:00+00:00,26.4,1006.7,43.77
2022-01-31T15:00:00+00:00,21.4,1008.7,61.09
2022-01-31T18:00:00+00:00,18.4,1008.7,71.22
2022-01-31T21:00:00+00:00,17.0,1009.6,73.82
2022-02-01T00:00:00+00:00,15.5,1009.6,76.55
2022-02-01T03:00:00+00:00,15.0,1011.0,70.11
2022-02-01T06:00:00+00:00,22.6,1011.9,43.88
2022-02-01T09:00:00+00:00,26.4,1009.1,28.31
2022-02-01T12:00:00+00:00,26.0,1008.2,23.19
2022-02-01T15:00:00+00:00,17.6,1009.9,45.52
2022-02-01T18:00:00+00:00,16.4,1009.9,47.12
2022-02-01T21:00:00+00:00,15.0,1009.1,42.92
2022-02-02T00:00:00+00:00,13.6,1007.7,50.09
2022-02-02T03:00:00+00:00,15.0,1008.3,42.92
2022-02-02T06:00:00+00:00,25.4,1006.9,29.02
2022-02-02T09:00:00+00:00,30.0,1003.4,30.69
2022-02-02T12:00:00+00:00,30.0,1002.1,27.58
2022-02-02T15:00:00+00:00,23.6,1004.6,41.3
2022-02-02T18:00:00+00:00,21.2,1005.3,40.34
2022-02-02T21:00:00+00:00,18.6,1005.7,40.72
2022-02-03T00:00:00+00:00,15.2,1006.4,66.47
2022-02-03T03:00:00+00:00,13.4,1008.7,72.7
2022-02-03T06:00:00+00:00,18.2,1009.0,51.69
2022-02-03T09:00:00+00:00,22.4,1006.4,36.73
2022-02-03T12:00:00+00:00,22.4,1005.8,30.03
2022-02-03T15:00:00+00:00,16.4,1007.6,43.63
2022-02-03T18:00:00+00:00,14.2,1007.9,44.24
2022-02-03T21:00:00+00:00,13.0,1007.2,38.86
2022-02-04T00:00:00+00:00,13.0,1006.8,40.84
2022-02-04T03:00:00+00:00,13.4,1007.3,39.79
2022-02-04T06:00:00+00:00,22.2,1008.2,17.5
2022-02-04T09:00:00+00:00,24.6,1006.3,18.04
2022-02-04T12:00:00+00:00,25.0,1005.9,27.15
2022-02-04T15:00:00+00:00,16.2,1008.2,41.47
2022-02-04T18:00:00+00:00,14.6,1008.6,45.96
2022-02-04T21:00:00+00:00,14.6,1007.8,36.5
2022-02-05T00:00:00+00:00,12.0,1007.8,43.25
2022-02-05T03:00:00+00:00,13.6,1009.3,40.13
2022-02-05T06:00:00+00:00,22.8,1010.4,38.64
2022-02-05T09:00:00+00:00,28.0,1007.7,35.39
2022-02-05T12:00:00+00:00,27.0,1007.2,28.28
2022-02-05T15:00:00+00:00,20.6,1009.2,34.97
2022-02-05T18:00:00+00:00,16.0,1010.6,46.68
2022-02-05T21:00:00+00:00,15.2,1010.2,45.16
2022-02-06T00:00:00+00:00,13.4,1010.1,60.01
2022-02-06T03:00:00+00:00,14.0,1011.5,60.99
2022-02-06T06:00:00+00:00,23.4,1012.0,50.67
2022-02-06T09:00:00+00:00,26.4,1009.4,32.89
2022-02-06T12:00:00+00:00,25.8,1008.6,43.03
2022-02-06T15:00:00+00:00,21.6,1010.7,54.34
2022-02-06T18:00:00+00:00,18.4,1012.0,60.39
2022-02-06T21:00:00+00:00,15.8,1012.1,72.64
2022-02-07T00:00:00+00:00,14.6,1011.4,77.95
2022-02-07T03:00:00+00:00,13.5,1013.2,83.71
2022-02-07T06:00:00+00:00,19.7,1013.9,56.81
2022-02-07T09:00:00+00:00,23.8,1011.1,46.93
2022-02-07T12:00:00+00:00,24.0,1010.1,46.06
2022-02-07T15:00:00+00:00,20.2,1011.6,57.69
2022-02-07T18:00:00+00:00,17.2,1012.3,62.58
2022-02-07T21:00:00+00:00,15.6,1011.8,72.61
2022-02-08T00:00:00+00:00,14.4,1011.4,82.17
2022-02-08T03:00:00+00:00,13.6,1013.2,85.98
2022-02-08T06:00:00+00:00,22.2,1012.4,49.03
2022-02-08T09:00:00+00:00,24.8,1009.6,36.66
2022-02-08T12:00:00+00:00,22.8,1008.9,44.23
2022-02-08T15:00:00+00:00,20.6,1010.5,51.62
2022-02-08T18:00:00+00:00,16.9,1011.7,67.28
2022-02-08T21:00:00+00:00,15.0,1011.6,72.01
2022-02-09T00:00:00+00:00,13.4,1011.6,80.42
2022-02-09T03:00:00+00:00,11.6,1013.8,87.52
2022-02-09T06:00:00+00:00,19.6,1014.7,42.45
2022-02-09T09:00:00+00:00,23.8,1012.4,46.93
2022-02-09T12:00:00+00:00,23.6,1012.2,22.24
2022-02-09T15:00:00+00:00,18.4,1014.8,34.09
2022-02-09T18:00:00+00:00,16.0,1015.2,44.76
2022-02-09T21:00:00+00:00,13.6,1015.3,60.48
2022-02-10T00:00:00+00:00,12.0,1015.4,64.88
2022-02-10T03:00:00+00:00,12.8,1017.4,61.56
2022-02-10T06:00:00+00:00,23.6,1017.7,30.79
2022-02-10T09:00:00+00:00,25.6,1014.7,22.44
2022-02-10T12:00:00+00:00,25.0,1013.6,24.79
2022-02-10T15:00:00+00:00,18.0,1016.0,41.41
2022-02-10T18:00:00+00:00,17.0,1016.3,41.12
2022-02-10T21:00:00+00:00,14.4,1015.6,49.61
2022-02-11T00:00:00+00:00,11.6,1015.2,53.2
2022-02-11T03:00:00+00:00,11.4,1016.8,59.53
2022-02-11T06:00:00+00:00,23.6,1016.5,25.29
2022-02-11T09:00:00+00:00,26.4,1013.9,16.35
2022-02-11T12:00:00+00:00,26.6,1012.1,18.86
2022-02-11T15:00:00+00:00,18.6,1014.1,35.89
2022-02-11T18:00:00+00:00,17.0,1014.0,34.42
2022-02-11T21:00:00+00:00,14.8,1013.2,34.86
2022-02-12T00:00:00+00:00,12.2,1012.9,45.6
2022-02-12T03:00:00+00:00,14.4,1014.1,39.79
2022-02-12T06:00:00+00:00,26.0,1013.2,16.6
2022-02-12T09:00:00+00:00,28.2,1010.5,12.87
2022-02-12T12:00:00+00:00,28.0,1008.8,26.67
2022-02-12T15:00:00+00:00,19.0,1010.7,33.54
2022-02-12T18:00:00+00:00,17.0,1010.9,37.77
2022-02-12T21:00:00+00:00,17.6,1009.7,38.22
2022-02-13T00:00:00+00:00,13.6,1009.6,46.0
2022-02-13T03:00:00+00:00,14.0,1010.8,46.77
2022-02-13T06:00:00+00:00,26.0,1010.4,43.37
2022-02-13T09:00:00+00:00,28.4,1007.6,33.67
2022-02-13T12:00:00+00:00,28.2,1006.2,20.67
2022-02-13T15:00:00+00:00,21.4,1008.1,32.37
2022-02-13T18:00:00+00:00,19.4,1009.3,28.35
2022-02-13T21:00:00+00:00,15.4,1009.0,40.08
2022-02-14T00:00:00+00:00,14.4,1008.5,43.67
2022-02-14T03:00:00+00:00,15.6,1010.4,47.56
2022-02-14T06:00:00+00:00,25.4,1010.7,29.02
2022-02-14T09:00:00+00:00,28.4,1008.3,18.11
2022-02-14T12:00:00+00:00,28.0,1007.3,24.55
2022-02-14T15:00:00+00:00,22.6,1008.7,30.3
2022-02-14T18:00:00+00:00,19.6,1009.9,34.68
2022-02-14T21:00:00+00:00,17.2,1009.5,46.69
2022-02-15T00:00:00+00:00,14.2,1009.7,69.48
2022-02-15T03:00:00+00:00,13.5,1011.4,71.74
2022-02-15T06:00:00+00:00,25.5,1011.2,26.36
2022-02-15T09:00:00+00:00,29.0,1008.4,17.24
2022-02-15T12:00:00+00:00,28.0,1007.5,18.4
2022-02-15T15:00:00+00:00,21.8,1008.9,34.35
2022-02-15T18:00:00+00:00,20.0,1009.7,35.54
2022-02-15T21:00:00+00:00,15.4,1009.3,60.5
2022-02-16T00:00:00+00:00,13.4,1008.6,68.38
2022-02-16T03:00:00+00:00,13.8,1009.9,68.93
2022-02-16T06:00:00+00:00,26.0,1009.7,24.36
2022-02-16T09:00:00+00:00,29.6,1006.7,16.41
2022-02-16T12:00:00+00:00,28.4,1004.9,18.11
2022-02-16T15:00:00+00:00,22.0,1006.7,31.87
2022-02-16T18:00:00+00:00,18.5,1007.5,40.69
2022-02-16T21:00:00+00:00,16.5,1006.9,41.27
2022-02-17T00:00:00+00:00,15.8,1006.6,39.07
2022-02-17T03:00:00+00:00,15.8,1008.7,42.55
2022-02-17T06:00:00+00:00,27.0,1009.1,28.28
2022-02-17T09:00:00+00:00,29.2,1006.2,47.16
2022-02-17T12:00:00+00:00,28.6,1004.3,22.43
2022-02-17T15:00:00+00:00,22.4,1006.8,34.05
2022-02-17T18:00:00+00:00,21.0,1007.3,30.06
2022-02-17T21:00:00+00:00,18.0,1007.1,44.7
2022-02-18T00:00:00+00:00,17.6,1006.7,42.17
2022-02-18T03:00:00+00:00,17.6,1009.3,49.11
2022-02-18T06:00:00+00:00,22.6,1011.4,39.92
2022-02-18T09:00:00+00:00,28.4,1008.3,21.01
2022-02-18T12:00:00+00:00,27.4,1007.4,22.43
2022-02-18T15:00:00+00:00,22.6,1009.9,35.79
2022-02-18T18:00:00+00:00,20.2,1011.5,51.17
2022-02-18T21:00:00+00:00,18.0,1011.0,61.93
2022-02-19T00:00:00+00:00,15.6,1011.6,66.56
2022-02-19T03:00:00+00:00,15.0,1013.8,68.25
2022-02-19T06:00:00+00:00,25.4,1014.3,33.73
2022-02-19T09:00:00+00:00,28.6,1011.5,20.48
2022-02-19T12:00:00+00:00,28.4,1009.5,21.01
2022-02-19T15:00:00+00:00,22.0,1011.7,36.11
2022-02-19T18:00:00+00:00,18.0,1012.6,44.7
2022-02-19T21:00:00+00:00,15.6,1011.2,56.94
2022-02-20T00:00:00+00:00,15.6,1010.0,62.63
2022-02-20T03:00:00+00:00,18.6,1010.4,43.95
2022-02-20T06:00:00+00:00,26.6,1010.0,27.59
2022-02-20T09:00:00+00:00,30.2,1006.9,17.4
2022-02-20T12:00:00+00:00,30.0,1005.2,17.98
2022-02-20T15:00:00+00:00,25.2,1006.7,23.98
2022-02-20T18:00:00+00:00,21.0,1007.4,30.06
2022-02-20T21:00:00+00:00,19.0,1006.1,33.54
2022-02-21T00:00:00+00:00,17.8,1005.0,44.34
2022-02-21T03:00:00+00:00,17.6,1006.3,47.45
2022-02-21T06:00:00+00:00,30.0,1005.7,25.6
2022-02-21T09:00:00+00:00,34.4,1002.9,17.4
2022-02-21T12:00:00+00:00,34.4,1001.5,17.4
2022-02-21T15:00:00+00:00,26.0,1002.8,30.0
2022-02-21T18:00:00+00:00,25.0,1003.5,47.25
2022-02-21T21:00:00+00:00,21.8,1002.9,44.25
2022-02-22T00:00:00+00:00,19.2,1001.2,64.71
2022-02-22T03:00:00+00:00,17.2,1002.9,92.06
2022-02-22T06:00:00+00:00,26.6,1003.3,54.2
2022-02-22T09:00:00+00:00,31.4,1001.6,32.54
2022-02-22T12:00:00+00:00,30.0,1002.0,25.6
2022-02-22T15:00:00+00:00,25.4,1005.8,31.51
2022-02-22T18:00:00+00:00,20.6,1008.3,51.62
2022-02-22T21:00:00+00:00,18.0,1009.1,61.93
2022-02-23T00:00:00+00:00,16.2,1009.3,63.62
2022-02-23T03:00:00+00:00,16.6,1011.4,62.02
2022-02-23T06:00:00+00:00,24.8,1012.0,35.44
2022-02-23T09:00:00+00:00,29.2,1009.3,28.49
2022-02-23T12:00:00+00:00,28.4,1008.9,26.23
2022-02-23T15:00:00+00:00,24.6,1011.0,31.29
2022-02-23T18:00:00+00:00,21.2,1012.5,37.66
2022-02-23T21:00:00+00:00,18.0,1012.8,47.89
2022-02-24T00:00:00+00:00,16.0,1012.8,55.88
2022-02-24T03:00:00+00:00,16.0,1014.7,59.42
2022-02-24T06:00:00+00:00,27.2,1014.5,25.2
2022-02-24T09:00:00+00:00,29.8,1012.0,21.52
2022-02-24T12:00:00+00:00,29.4,1010.4,20.83
2022-02-24T15:00:00+00:00,22.8,1012.1,34.63
2022-02-24T18:00:00+00:00,20.4,1012.3,37.7
2022-02-24T21:00:00+00:00,18.6,1011.9,43.95
2022-02-25T00:00:00+00:00,17.4,1011.3,43.61
2022-02-25T03:00:00+00:00,17.0,1012.9,42.89
2022-02-25T06:00:00+00:00,29.2,1012.0,15.63
2022-02-25T09:00:00+00:00,32.8,1008.5,8.93
2022-02-25T12:00:00+00:00,31.6,1006.8,9.09
2022-02-25T15:00:00+00:00,26.4,1008.4,17.32
2022-02-25T18:00:00+00:00,21.0,1009.6,31.58
2022-02-25T21:00:00+00:00,16.6,1015.1,73.76
2022-02-26T00:00:00+00:00,14.6,1010.9,82.2
2022-02-26T03:00:00+00:00,14.2,1013.3,77.89
2022-02-26T06:00:00+00:00,20.6,1014.0,54.81
2022-02-26T09:00:00+00:00,26.6,1011.5,35.71
2022-02-26T12:00:00+00:00,26.6,1010.2,27.59
2022-02-26T15:00:00+00:00,23.6,1013.6,29.53
2022-02-26T18:00:00+00:00,19.6,1014.9,58.31
2022-02-27T00:00:00+00:00,14.4,1015.2,88.94
2022-02-27T03:00:00+00:00,14.0,1018.1,82.12
2022-02-27T06:00:00+00:00,21.4,1018.6,49.48
2022-02-27T09:00:00+00:00,26.0,1015.7,28.79
2022-02-27T15:00:00+00:00,22.2,1015.5,32.37
2022-02-27T18:00:00+00:00,19.8,1016.2,36.75
2022-02-27T21:00:00+00:00,16.4,1015.7,50.85
2022-02-28T00:00:00+00:00,15.0,1015.3,62.07
2022-02-28T03:00:00+00:00,15.2,1016.2,66.47
2022-02-28T06:00:00+00:00,23.6,1016.6,37.32
2022-02-28T09:00:00+00:00,28.0,1013.3,19.34
2022-02-28T12:00:00+00:00,28.4,1011.2,23.17
2022-02-28T15:00:00+00:00,23.0,1012.9,34.93
2022-02-28T18:00:00+00:00,20.5,1013.9,32.8
2022-02-28T21:00:00+00:00,17.0,1013.6,48.28
2022-03-01T00:00:00+00:00,15.7,1013.0,50.66
2022-03-01T03:00:00+00:00,17.6,1014.5,45.52
2022-03-01T06:00:00+00:00,28.6,1014.4,22.43
2022-03-01T09:00:00+00:00,30.0,1012.2,22.79
2022-03-01T12:00:00+00:00,30.0,1010.8,20.83
2022-03-01T15:00:00+00:00,25.0,1011.8,28.31
2022-03-01T18:00:00+00:00,22.4,1013.0,36.73
2022-03-01T21:00:00+00:00,22.0,1011.9,29.29
2022-03-02T00:00:00+00:00,17.8,1012.0,42.52
2022-03-02T03:00:00+00:00,18.4,1013.9,50.35
2022-03-02T06:00:00+00:00,23.2,1014.6,40.64
2022-03-02T09:00:00+00:00,27.6,1011.5,26.02
2022-03-02T12:00:00+00:00,28.0,1009.9,24.05
2022-03-02T15:00:00+00:00,22.0,1012.5,58.13
2022-03-02T18:00:00+00:00,17.0,1014.7,73.82
2022-03-02T21:00:00+00:00,15.6,1014.1,72.61
2022-03-03T00:00:00+00:00,14.0,1014.0,82.12
2022-03-03T03:00:00+00:00,14.6,1015.5,84.4
2022-03-03T06:00:00+00:00,21.7,1016.1,49.23
2022-03-03T09:00:00+00:00,26.4,1013.5,28.31
2022-03-03T12:00:00+00:00,27.0,1011.8,22.81
2022-03-03T15:00:00+00:00,22.0,1014.3,37.38
2022-03-03T18:00:00+00:00,19.6,1015.2,40.72
2022-03-03T21:00:00+00:00,17.8,1015.2,47.51
2022-03-04T00:00:00+00:00,17.2,1015.0,57.34
2022-03-04T03:00:00+00:00,18.0,1016.5,65.31
2022-03-04T06:00:00+00:00,26.4,1016.8,24.99
2022-03-04T09:00:00+00:00,29.0,1014.3,17.24
2022-03-04T12:00:00+00:00,28.8,1012.8,15.88
2022-03-04T15:00:00+00:00,23.6,1013.7,27.73
2022-03-04T18:00:00+00:00,21.4,1014.3,35.69
2022-03-04T21:00:00+00:00,19.7,1013.5,41.04
2022-03-05T00:00:00+00:00,16.5,1013.3,54.5
2022-03-05T03:00:00+00:00,18.6,1015.3,48.72
2022-03-05T06:00:00+00:00,28.4,1014.9,22.07
2022-03-05T09:00:00+00:00,31.0,1012.0,15.26
2022-03-05T12:00:00+00:00,30.2,1009.7,20.17
2022-03-05T15:00:00+00:00,24.0,1010.3,35.46
2022-03-05T18:00:00+00:00,22.4,1010.7,32.66
2022-03-05T21:00:00+00:00,20.6,1009.7,32.14
2022-03-06T00:00:00+00:00,18.0,1008.9,39.7
2022-03-06T03:00:00+00:00,19.0,1010.7,41.41
2022-03-06T06:00:00+00:00,28.2,1010.6,16.69
2022-03-06T09:00:00+00:00,31.5,1007.8,12.68
2022-03-06T12:00:00+00:00,31.5,1006.4,13.5
2022-03-06T15:00:00+00:00,24.4,1007.8,31.02
2022-03-06T18:00:00+00:00,23.4,1009.6,25.42
2022-03-06T21:00:00+00:00,19.6,1009.5,36.18
2022-03-07T00:00:00+00:00,17.4,1009.5,43.61
2022-03-07T03:00:00+00:00,18.6,1012.1,60.84
2022-03-07T06:00:00+00:00,26.0,1012.1,36.02
2022-03-07T09:00:00+00:00,31.0,1009.6,16.98
2022-03-07T12:00:00+00:00,31.0,1008.2,15.26
2022-03-07T15:00:00+00:00,26.8,1010.9,29.01
2022-03-07T18:00:00+00:00,22.6,1012.2,61.77
2022-03-07T21:00:00+00:00,20.0,1011.6,72.45
2022-03-08T00:00:00+00:00,17.6,1011.5,83.64
2022-03-08T03:00:00+00:00,17.4,1012.9,83.62
2022-03-08T06:00:00+00:00,24.2,1012.7,51.55
2022-03-08T09:00:00+00:00,29.8,1009.8,27.34
2022-03-08T12:00:00+00:00,30.8,1007.9,16.69
2022-03-08T15:00:00+00:00,26.2,1009.2,23.08
2022-03-08T18:00:00+00:00,23.5,1010.3,45.92
2022-03-08T21:00:00+00:00,20.4,1009.7,62.48
2022-03-09T00:00:00+00:00,18.6,1009.9,69.42
2022-03-09T03:00:00+00:00,18.6,1011.7,71.26
2022-03-09T06:00:00+00:00,26.8,1012.0,40.56
2022-03-09T09:00:00+00:00,32.2,1009.2,16.43
2022-03-09T12:00:00+00:00,31.4,1007.6,18.57
2022-03-09T15:00:00+00:00,26.6,1009.3,37.92
2022-03-09T18:00:00+00:00,25.6,1010.4,35.43
2022-03-09T21:00:00+00:00,22.6,1009.7,42.71
2022-03-10T00:00:00+00:00,20.4,1009.9,51.23
2022-03-10T03:00:00+00:00,21.4,1012.5,54.29
2022-03-10T06:00:00+00:00,30.0,1011.8,25.6
2022-03-10T09:00:00+00:00,33.0,1009.6,23.57
2022-03-10T12:00:00+00:00,32.5,1008.0,24.24
2022-03-10T15:00:00+00:00,27.4,1009.7,34.53
2022-03-10T18:00:00+00:00,23.8,1010.6,43.05
2022-03-10T21:00:00+00:00,22.2,1010.4,44.96
2022-03-11T00:00:00+00:00,20.6,1010.5,51.62
2022-03-11T03:00:00+00:00,21.0,1012.8,52.77
2022-03-11T06:00:00+00:00,23.7,1012.5,39.16
2022-03-11T09:00:00+00:00,34.6,1009.0,18.43
2022-03-11T12:00:00+00:00,34.6,1007.8,22.58
2022-03-11T15:00:00+00:00,27.6,1009.3,31.49
2022-03-11T18:00:00+00:00,26.0,1010.3,30.0
2022-03-11T21:00:00+00:00,22.6,1009.6,42.71
2022-03-12T00:00:00+00:00,21.6,1008.9,41.01
2022-03-12T03:00:00+00:00,23.0,1010.4,44.58
2022-03-12T06:00:00+00:00,34.0,1010.2,22.58
2022-03-12T09:00:00+00:00,37.0,1007.3,15.18
2022-03-12T12:00:00+00:00,35.8,1006.3,17.13
2022-03-12T15:00:00+00:00,31.0,1007.7,21.52
2022-03-12T18:00:00+00:00,26.4,1008.7,30.73
2022-03-12T21:00:00+00:00,24.6,1008.1,32.6
2022-03-13T00:00:00+00:00,22.4,1007.7,43.82
2022-03-13T03:00:00+00:00,24.0,1010.4,37.95
2022-03-13T06:00:00+00:00,34.4,1010.2,23.93
2022-03-13T09:00:00+00:00,38.4,1007.5,19.21
2022-03-13T12:00:00+00:00,38.0,1006.3,19.37
2022-03-13T15:00:00+00:00,31.8,1007.9,26.43
2022-03-13T18:00:00+00:00,27.6,1009.1,31.49
2022-03-13T21:00:00+00:00,27.0,1008.0,28.28
2022-03-14T00:00:00+00:00,24.0,1007.5,39.25
2022-03-14T03:00:00+00:00,25.8,1009.7,36.94
2022-03-14T06:00:00+00:00,36.6,1009.6,22.05
2022-03-14T12:00:00+00:00,39.6,1004.8,14.71
2022-03-14T15:00:00+00:00,33.2,1006.9,31.16
2022-03-14T18:00:00+00:00,29.2,1007.9,35.96
2022-03-14T21:00:00+00:00,26.4,1006.7,41.26
2022-03-15T00:00:00+00:00,23.2,1006.8,53.34
2022-03-15T03:00:00+00:00,25.4,1008.2,37.58
2022-03-15T06:00:00+00:00,37.6,1007.3,22.59
2022-03-15T09:00:00+00:00,40.8,1005.1,17.57
2022-03-15T12:00:00+00:00,40.2,1003.0,20.15
2022-03-15T15:00:00+00:00,33.0,1004.9,34.72
2022-03-15T18:00:00+00:00,30.6,1005.7,36.59
2022-03-15T21:00:00+00:00,27.8,1004.8,51.81
2022-03-16T00:00:00+00:00,23.2,1004.6,57.67
2022-03-16T03:00:00+00:00,26.0,1006.6,51.02
2022-03-16T06:00:00+00:00,38.0,1006.0,20.16
2022-03-16T09:00:00+00:00,40.8,1003.4,22.08
2022-03-16T12:00:00+00:00,41.2,1001.5,28.21
2022-03-16T15:00:00+00:00,32.2,1003.5,35.63
2022-03-16T18:00:00+00:00,28.6,1004.3,44.08
2022-03-16T21:00:00+00:00,28.0,1003.7,59.55
2022-03-17T00:00:00+00:00,23.0,1003.7,69.82
2022-03-17T03:00:00+00:00,24.4,1005.5,70.53
2022-03-17T06:00:00+00:00,38.0,1005.0,35.64
2022-03-17T09:00:00+00:00,42.2,1002.3,32.78
2022-03-17T12:00:00+00:00,41.2,1000.9,33.32
2022-03-17T15:00:00+00:00,32.4,1003.0,37.8
2022-03-17T18:00:00+00:00,28.0,1003.9,43.36
2022-03-17T21:00:00+00:00,24.6,1003.2,49.35
2022-03-18T00:00:00+00:00,22.0,1002.6,61.23
2022-03-18T03:00:00+00:00,22.6,1004.2,63.38
2022-03-18T06:00:00+00:00,35.2,1003.9,38.09
2022-03-18T09:00:00+00:00,41.6,1001.1,30.12
2022-03-18T12:00:00+00:00,40.6,999.5,34.4
2022-03-18T15:00:00+00:00,32.2,1001.2,41.78
2022-03-18T18:00:00+00:00,30.4,1001.8,49.61
2022-03-18T21:00:00+00:00,27.0,1001.5,65.54
2022-03-19T00:00:00+00:00,22.6,1001.5,74.3
2022-03-19T03:00:00+00:00,23.6,1002.9,78.28
2022-03-19T06:00:00+00:00,33.0,1002.3,41.48
2022-03-19T09:00:00+00:00,38.4,999.6,24.32
2022-03-19T12:00:00+00:00,38.0,998.0,21.53
2022-03-19T15:00:00+00:00,31.6,999.6,42.15
2022-03-19T18:00:00+00:00,30.2,1000.7,49.25
2022-03-19T21:00:00+00:00,26.6,1000.5,62.27
2022-03-20T00:00:00+00:00,24.2,1000.6,72.28
2022-03-20T03:00:00+00:00,24.0,1002.9,71.79
2022-03-20T06:00:00+00:00,31.4,1003.1,54.04
2022-03-20T09:00:00+00:00,36.2,1000.8,48.69
2022-03-20T12:00:00+00:00,36.6,999.5,47.06
2022-03-20T15:00:00+00:00,32.6,1001.2,46.3
2022-03-20T18:00:00+00:00,29.6,1002.6,48.78
2022-03-20T21:00:00+00:00,27.6,1003.0,55.14
2022-03-21T00:00:00+00:00,25.6,1003.8,57.51
2022-03-21T03:00:00+00:00,26.2,1006.0,49.78
2022-03-21T06:00:00+00:00,34.2,1006.6,46.72
2022-03-21T09:00:00+00:00,38.2,1004.4,39.38
2022-03-21T12:00:00+00:00,37.6,1002.9,38.74
2022-03-21T15:00:00+00:00,31.4,1004.7,41.83
2022-03-21T18:00:00+00:00,29.8,1006.0,30.44
2022-03-21T21:00:00+00:00,26.6,1006.4,36.92
2022-03-22T00:00:00+00:00,24.6,1006.4,42.7
2022-03-22T03:00:00+00:00,26.0,1008.0,41.97
2022-03-22T06:00:00+00:00,34.6,1007.7,34.72
2022-03-22T09:00:00+00:00,37.2,1005.4,34.12
2022-03-22T12:00:00+00:00,36.4,1003.4,38.41
2022-03-22T15:00:00+00:00,29.6,1004.7,39.77
2022-03-22T18:00:00+00:00,26.6,1005.9,46.46
2022-03-22T21:00:00+00:00,23.8,1005.5,53.84
2022-03-23T00:00:00+00:00,21.0,1005.1,74.98
2022-03-23T03:00:00+00:00,22.4,1006.2,80.59
2022-03-23T06:00:00+00:00,30.0,1005.8,52.7
2022-03-23T09:00:00+00:00,35.6,1002.1,26.39
2022-03-23T12:00:00+00:00,35.4,1000.4,26.68
2022-03-23T15:00:00+00:00,31.0,1002.1,42.52
2022-03-23T18:00:00+00:00,27.6,1003.2,50.14
2022-03-23T21:00:00+00:00,26.0,1003.0,56.52
2022-03-24T00:00:00+00:00,22.6,1003.0,57.15
2022-03-24T03:00:00+00:00,24.4,1003.8,50.6
2022-03-24T06:00:00+00:00,35.0,1003.5,23.92
2022-03-24T09:00:00+00:00,37.6,1001.3,29.62
2022-03-24T12:00:00+00:00,37.2,1000.3,31.44
2022-03-24T15:00:00+00:00,32.2,1002.4,32.76
2022-03-24T18:00:00+00:00,27.6,1003.8,36.96
2022-03-24T21:00:00+00:00,25.2,1003.6,46.08
2022-03-25T00:00:00+00:00,22.4,1003.6,51.08
2022-03-25T03:00:00+00:00,24.4,1005.9,50.6
2022-03-25T06:00:00+00:00,35.4,1005.9,33.85
2022-03-25T09:00:00+00:00,38.0,1003.7,20.16
2022-03-25T12:00:00+00:00,37.4,1003.1,14.35
2022-03-25T15:00:00+00:00,30.2,1005.3,37.19
2022-03-25T18:00:00+00:00,28.2,1006.6,39.12
2022-03-25T21:00:00+00:00,26.0,1006.4,38.25
2022-03-26T00:00:00+00:00,23.8,1006.6,40.26
2022-03-26T03:00:00+00:00,28.0,1008.5,30.97
2022-03-26T06:00:00+00:00,38.0,1008.4,18.0
2022-03-26T09:00:00+00:00,40.0,1005.3,19.2
2022-03-26T12:00:00+00:00,39.0,1004.0,14.59
2022-03-26T15:00:00+00:00,32.4,1005.8,30.94
2022-03-26T18:00:00+00:00,30.0,1006.7,35.95
2022-03-26T21:00:00+00:00,27.2,1005.9,38.85
2022-03-27T00:00:00+00:00,24.6,1006.0,42.7
2022-03-27T03:00:00+00:00,26.0,1007.7,32.33
2022-03-27T06:00:00+00:00,38.0,1007.1,13.14
2022-03-27T09:00:00+00:00,41.2,1004.3,10.68
2022-03-27T12:00:00+00:00,40.4,1002.6,11.95
2022-03-27T15:00:00+00:00,33.0,1004.1,32.76
2022-03-27T18:00:00+00:00,29.0,1005.7,36.62
2022-03-27T21:00:00+00:00,25.8,1005.1,44.47
2022-03-28T00:00:00+00:00,23.0,1004.5,48.92
2022-03-28T03:00:00+00:00,26.4,1005.5,34.25
2022-03-28T06:00:00+00:00,37.4,1005.7,15.8
2022-03-28T09:00:00+00:00,41.8,1002.8,15.59
2022-03-28T12:00:00+00:00,41.2,1000.9,21.2
2022-03-28T15:00:00+00:00,33.6,1002.7,23.56
2022-03-28T18:00:00+00:00,30.0,1003.8,19.56
2022-03-28T21:00:00+00:00,28.0,1003.1,39.84
2022-03-29T00:00:00+00:00,24.6,1002.6,45.32
2022-03-29T03:00:00+00:00,25.8,1004.5,43.03
2022-03-29T06:00:00+00:00,36.2,1004.1,19.99
2022-03-29T09:00:00+00:00,41.4,1001.7,9.18
2022-03-29T12:00:00+00:00,40.4,1000.1,10.17
2022-03-29T15:00:00+00:00,33.2,1001.6,17.98
2022-03-29T18:00:00+00:00,30.4,1002.3,16.02
2022-03-29T21:00:00+00:00,30.0,1002.2,21.87
2022-03-30T00:00:00+00:00,26.6,1001.9,35.71
2022-03-30T03:00:00+00:00,28.0,1004.0,24.55
2022-03-30T06:00:00+00:00,37.8,1003.8,9.58
2022-03-30T09:00:00+00:00,41.5,1001.9,5.7
2022-03-30T12:00:00+00:00,40.6,1000.7,5.49
2022-03-30T15:00:00+00:00,34.0,1002.8,8.79
2022-03-30T18:00:00+00:00,30.6,1004.3,5.31
2022-03-30T21:00:00+00:00,27.6,1004.3,8.03
2022-03-31T00:00:00+00:00,23.6,1004.3,15.67
2022-03-31T03:00:00+00:00,26.0,1006.6,10.32
2022-03-31T06:00:00+00:00,36.5,1007.0,8.9
2022-03-31T09:00:00+00:00,39.0,1004.6,4.78
2022-03-31T12:00:00+00:00,39.0,1003.4,7.39
2022-03-31T15:00:00+00:00,31.8,1005.4,16.57
2022-03-31T18:00:00+00:00,28.2,1006.3,7.42
2022-03-31T21:00:00+00:00,24.0,1005.9,19.18
2022-04-01T00:00:00+00:00,27.0,1006.0,15.26
2022-04-01T03:00:00+00:00,28.8,1005.8,16.83
2022-04-01T06:00:00+00:00,37.6,1006.1,9.9
2022-04-01T09:00:00+00:00,39.8,1004.0,4.87
2022-04-01T12:00:00+00:00,40.0,1002.3,2.86
2022-04-01T15:00:00+00:00,34.0,1003.8,8.28
2022-04-01T18:00:00+00:00,28.2,1005.2,7.23
2022-04-01T21:00:00+00:00,28.2,1004.4,9.07
2022-04-02T00:00:00+00:00,24.3,1004.1,18.22
2022-04-02T03:00:00+00:00,29.0,1005.9,16.28
2022-04-02T06:00:00+00:00,38.4,1006.5,7.08
2022-04-02T09:00:00+00:00,41.4,1004.1,4.43
2022-04-02T12:00:00+00:00,41.0,1002.3,4.98
2022-04-02T15:00:00+00:00,34.6,1004.0,13.0
2022-04-02T18:00:00+00:00,29.0,1005.1,11.1
2022-04-02T21:00:00+00:00,30.0,1004.8,11.31
2022-04-03T00:00:00+00:00,27.4,1005.1,16.2
2022-04-03T06:00:00+00:00,38.0,1007.1,6.37
2022-04-03T09:00:00+00:00,41.2,1004.2,7.5
2022-04-03T12:00:00+00:00,40.7,1002.7,7.96
2022-04-03T15:00:00+00:00,34.2,1004.0,11.25
2022-04-03T18:00:00+00:00,30.8,1005.0,14.89
2022-04-03T21:00:00+00:00,27.1,1004.9,16.22
2022-04-04T00:00:00+00:00,24.4,1005.4,18.41
2022-04-04T03:00:00+00:00,28.6,1006.5,17.39
2022-04-04T06:00:00+00:00,38.0,1006.6,11.83
2022-04-04T09:00:00+00:00,41.4,1004.5,10.95
2022-04-04T12:00:00+00:00,40.2,1003.1,10.5
2022-04-04T15:00:00+00:00,33.6,1004.8,14.55
2022-04-04T18:00:00+00:00,29.8,1006.4,13.86
2022-04-04T21:00:00+00:00,27.8,1006.1,15.96
2022-04-05T00:00:00+00:00,25.0,1007.0,33.17
2022-04-05T03:00:00+00:00,26.8,1008.2,34.82
2022-04-05T06:00:00+00:00,38.4,1008.0,12.41
2022-04-05T09:00:00+00:00,41.6,1005.8,10.03
2022-04-05T12:00:00+00:00,41.0,1003.9,9.24
2022-04-05T15:00:00+00:00,33.7,1006.2,15.1
2022-04-05T18:00:00+00:00,32.0,1007.5,13.51
2022-04-05T21:00:00+00:00,27.5,1007.2,20.06
2022-04-06T00:00:00+00:00,28.4,1007.4,21.61
2022-04-06T03:00:00+00:00,31.4,1008.8,27.77
2022-04-06T06:00:00+00:00,39.4,1008.3,13.79
2022-04-06T09:00:00+00:00,42.8,1005.8,9.35
2022-04-06T12:00:00+00:00,42.0,1003.9,9.41
2022-04-06T18:00:00+00:00,30.6,1006.6,18.12
2022-04-06T21:00:00+00:00,30.2,1006.0,14.65
2022-04-07T00:00:00+00:00,27.8,1006.3,28.5
2022-04-07T03:00:00+00:00,29.4,1007.5,29.72
2022-04-07T06:00:00+00:00,41.6,1007.0,11.21
2022-04-07T09:00:00+00:00,43.4,1004.5,10.13
2022-04-07T12:00:00+00:00,43.0,1004.4,9.06
2022-04-07T15:00:00+00:00,37.0,1004.1,17.29
2022-04-07T18:00:00+00:00,32.4,1004.9,20.15
2022-04-07T21:00:00+00:00,32.2,1003.9,20.66
2022-04-08T00:00:00+00:00,28.0,1004.1,27.6
2022-04-08T03:00:00+00:00,30.2,1005.1,29.94
2022-04-08T06:00:00+00:00,41.6,1004.2,15.97
2022-04-08T09:00:00+00:00,43.0,1001.5,10.71
2022-04-08T12:00:00+00:00,42.0,999.8,10.53
2022-04-08T15:00:00+00:00,35.2,1001.4,20.15
2022-04-08T18:00:00+00:00,32.6,1002.2,22.23
2022-04-08T21:00:00+00:00,31.0,1001.7,23.37
2022-04-09T00:00:00+00:00,26.2,1003.2,36.32
2022-04-09T03:00:00+00:00,28.0,1003.6,41.16
2022-04-09T06:00:00+00:00,39.4,1003.0,13.79
2022-04-09T09:00:00+00:00,41.6,1001.1,9.48
2022-04-09T12:00:00+00:00,41.0,999.8,9.78
2022-04-09T15:00:00+00:00,34.0,1001.2,21.25
2022-04-09T18:00:00+00:00,31.4,1002.1,21.62
2022-04-09T21:00:00+00:00,27.4,1001.5,26.69
2022-04-10T00:00:00+00:00,25.9,1001.9,40.05
2022-04-10T03:00:00+00:00,29.4,1003.5,46.32
2022-04-10T06:00:00+00:00,40.2,1003.3,22.07
2022-04-10T09:00:00+00:00,42.6,1000.7,18.45
2022-04-10T12:00:00+00:00,41.6,999.0,18.47
2022-04-10T15:00:00+00:00,34.8,1000.7,24.35
2022-04-10T18:00:00+00:00,32.2,1001.5,27.07
2022-04-10T21:00:00+00:00,30.2,1001.2,30.95
2022-04-11T00:00:00+00:00,27.2,1001.2,44.85
2022-04-11T03:00:00+00:00,29.2,1002.3,45.98
2022-04-11T06:00:00+00:00,39.6,1002.2,21.5
2022-04-11T09:00:00+00:00,41.7,999.4,18.98
2022-04-11T12:00:00+00:00,40.3,998.0,19.92
2022-04-11T15:00:00+00:00,34.4,999.5,23.93
2022-04-11T18:00:00+00:00,32.4,1000.9,30.15
2022-04-11T21:00:00+00:00,29.0,1000.3,51.79
2022-04-12T00:00:00+00:00,24.6,1000.2,73.71
2022-04-12T03:00:00+00:00,25.9,1001.4,78.61
2022-04-12T06:00:00+00:00,33.0,1001.0,46.7
2022-04-12T09:00:00+00:00,39.0,998.3,24.63
2022-04-12T12:00:00+00:00,39.0,996.1,24.32
2022-04-12T15:00:00+00:00,35.2,997.5,27.51
2022-04-12T18:00:00+00:00,32.2,999.0,37.51
2022-04-12T21:00:00+00:00,28.8,999.0,50.14
2022-04-13T00:00:00+00:00,25.6,999.7,74.34
2022-04-13T03:00:00+00:00,26.6,1002.3,74.5
2022-04-13T06:00:00+00:00,33.2,1001.8,48.81
2022-04-13T09:00:00+00:00,38.2,1000.4,32.72
2022-04-13T12:00:00+00:00,38.8,998.1,29.38
2022-04-13T15:00:00+00:00,33.7,999.5,33.17
2022-04-13T18:00:00+00:00,31.0,1000.7,37.18
2022-04-13T21:00:00+00:00,29.6,1000.3,39.77
2022-04-14T00:00:00+00:00,27.4,1000.3,48.82
2022-04-14T03:00:00+00:00,29.2,1001.9,50.56
2022-04-14T06:00:00+00:00,38.0,1001.5,31.66
2022-04-14T09:00:00+00:00,41.6,999.0,20.49
2022-04-14T12:00:00+00:00,40.4,996.5,18.31
2022-04-14T15:00:00+00:00,36.6,998.2,18.28
2022-04-14T18:00:00+00:00,31.8,1000.0,21.87
2022-04-14T21:00:00+00:00,27.0,1000.2,26.04
2022-04-15T00:00:00+00:00,25.0,1000.2,61.13
2022-04-15T03:00:00+00:00,27.2,1001.4,64.37
2022-04-15T06:00:00+00:00,38.0,1000.7,26.17
2022-04-15T09:00:00+00:00,41.5,998.4,10.15
2022-04-15T12:00:00+00:00,41.3,996.7,10.19
2022-04-15T15:00:00+00:00,34.4,998.3,16.58
2022-04-15T18:00:00+00:00,29.4,999.7,20.83
2022-04-15T21:00:00+00:00,26.2,999.1,22.44
2022-04-16T00:00:00+00:00,24.4,999.0,43.79
2022-04-16T03:00:00+00:00,28.5,999.9,46.97
2022-04-16T06:00:00+00:00,37.5,999.9,23.62
2022-04-16T09:00:00+00:00,43.0,996.9,13.51
2022-04-16T12:00:00+00:00,42.6,995.1,11.88
2022-04-16T15:00:00+00:00,36.6,996.7,17.55
2022-04-16T18:00:00+00:00,34.2,998.2,31.44
2022-04-16T21:00:00+00:00,30.4,998.5,36.53
2022-04-17T00:00:00+00:00,26.6,998.9,61.11
2022-04-17T03:00:00+00:00,28.4,1000.4,63.83
2022-04-17T06:00:00+00:00,36.8,1000.3,28.66
2022-04-17T09:00:00+00:00,42.0,998.4,17.73
2022-04-17T12:00:00+00:00,42.2,996.9,10.79
2022-04-17T15:00:00+00:00,37.7,999.1,19.43
2022-04-17T18:00:00+00:00,32.8,1001.7,30.65
2022-04-17T21:00:00+00:00,29.0,1002.3,48.01
2022-04-18T00:00:00+00:00,25.8,1001.9,69.48
2022-04-18T03:00:00+00:00,27.4,1004.1,69.79
2022-04-18T06:00:00+00:00,36.2,1004.3,34.71
2022-04-18T09:00:00+00:00,41.4,1001.9,18.3
2022-04-18T12:00:00+00:00,41.0,1000.3,12.75
2022-04-18T15:00:00+00:00,36.0,1001.8,17.41
2022-04-18T18:00:00+00:00,33.0,1004.1,31.72
2022-04-18T21:00:00+00:00,29.2,1004.9,44.82
2022-04-19T00:00:00+00:00,27.0,1005.5,58.57
2022-04-19T03:00:00+00:00,28.8,1007.5,55.09
2022-04-19T06:00:00+00:00,37.6,1007.1,18.89
2022-04-19T09:00:00+00:00,41.8,1005.2,10.57
2022-04-19T12:00:00+00:00,40.6,1003.4,15.03
2022-04-19T15:00:00+00:00,35.8,1004.7,17.13
2022-04-19T18:00:00+00:00,33.4,1005.8,25.13
2022-04-19T21:00:00+00:00,30.0,1005.7,43.35
2022-04-20T00:00:00+00:00,28.4,1005.2,57.45
2022-04-20T03:00:00+00:00,29.0,1006.5,63.57
2022-04-20T06:00:00+00:00,38.0,1005.2,27.19
2022-04-20T09:00:00+00:00,41.0,1002.7,11.9
2022-04-20T12:00:00+00:00,40.3,1000.4,11.53
2022-04-20T15:00:00+00:00,36.4,1002.3,14.34
2022-04-20T18:00:00+00:00,32.6,1005.4,22.23
2022-04-20T21:00:00+00:00,28.8,1004.2,32.03
2022-04-21T00:00:00+00:00,27.2,1003.0,28.53
2022-04-21T03:00:00+00:00,28.8,1004.5,40.33
2022-04-21T06:00:00+00:00,36.6,1004.1,22.79
2022-04-21T09:00:00+00:00,39.4,1001.2,12.52
2022-04-21T12:00:00+00:00,38.0,1000.0,15.82
2022-04-21T15:00:00+00:00,34.8,1001.3,17.14
2022-04-21T18:00:00+00:00,31.8,1003.1,18.28
2022-04-21T21:00:00+00:00,28.2,1003.2,26.36
2022-04-22T00:00:00+00:00,26.6,1004.1,33.84
2022-04-22T03:00:00+00:00,28.6,1005.9,36.27
2022-04-22T06:00:00+00:00,35.0,1005.8,15.92
2022-04-22T09:00:00+00:00,39.2,1003.8,9.68
2022-04-22T12:00:00+00:00,39.6,1002.0,10.25
2022-04-22T15:00:00+00:00,34.2,1002.9,17.12
2022-04-22T18:00:00+00:00,30.0,1004.4,15.25
2022-04-22T21:00:00+00:00,31.2,1004.0,17.26
2022-04-23T00:00:00+00:00,26.6,1004.7,24.18
2022-04-23T03:00:00+00:00,32.6,1005.8,17.84
2022-04-23T06:00:00+00:00,39.4,1005.6,13.15
2022-04-23T09:00:00+00:00,41.4,1003.7,10.95
2022-04-23T12:00:00+00:00,40.5,1002.2,13.64
2022-04-23T15:00:00+00:00,34.0,1003.6,19.99
2022-04-23T18:00:00+00:00,32.0,1004.2,19.51
2022-04-23T21:00:00+00:00,30.0,1003.8,21.72
2022-04-24T00:00:00+00:00,27.0,1004.3,29.26
2022-04-24T03:00:00+00:00,31.0,1005.2,27.11
2022-04-24T06:00:00+00:00,40.0,1004.3,14.21
2022-04-24T09:00:00+00:00,42.0,1002.0,12.26
2022-04-24T12:00:00+00:00,41.2,1000.0,14.85
2022-04-24T15:00:00+00:00,37.4,1000.9,17.86
2022-04-24T18:00:00+00:00,35.0,1002.2,18.28
2022-04-24T21:00:00+00:00,31.0,1001.8,23.37
2022-04-25T00:00:00+00:00,28.6,1002.0,33.95
2022-04-25T03:00:00+00:00,31.6,1003.1,36.86
2022-04-25T06:00:00+00:00,40.2,1002.3,15.45
2022-04-25T09:00:00+00:00,43.0,999.9,12.37
2022-04-25T12:00:00+00:00,42.4,998.3,12.17
2022-04-25T15:00:00+00:00,37.0,1000.3,16.6
2022-04-25T18:00:00+00:00,34.5,1001.6,20.67
2022-04-25T21:00:00+00:00,31.5,1001.3,35.21
2022-04-26T00:00:00+00:00,28.4,1001.5,57.45
2022-04-26T03:00:00+00:00,30.4,1003.1,50.55
2022-04-26T06:00:00+00:00,39.0,1003.0,23.54
2022-04-26T09:00:00+00:00,43.4,1000.8,11.79
2022-04-26T12:00:00+00:00,43.2,999.0,10.97
2022-04-26T15:00:00+00:00,38.0,1000.4,18.0
2022-04-26T18:00:00+00:00,34.0,1002.3,21.69
2022-04-26T21:00:00+00:00,31.6,1001.8,40.06
2022-04-27T00:00:00+00:00,28.4,1002.3,50.99
2022-04-27T03:00:00+00:00,30.6,1003.9,42.96
2022-04-27T06:00:00+00:00,40.6,1003.1,19.22
2022-04-27T09:00:00+00:00,43.8,1000.7,14.51
2022-04-27T12:00:00+00:00,43.0,998.8,13.51
2022-04-27T15:00:00+00:00,37.4,1000.5,19.35
2022-04-27T18:00:00+00:00,34.8,1001.2,21.89
2022-04-27T21:00:00+00:00,31.2,1001.3,31.43
2022-04-28T00:00:00+00:00,29.2,1001.7,43.68
2022-04-28T03:00:00+00:00,32.4,1002.9,36.85
2022-04-28T06:00:00+00:00,41.2,1002.2,15.46
2022-04-28T09:00:00+00:00,42.8,1000.6,14.99
2022-04-28T15:00:00+00:00,37.0,1001.0,20.32
2022-04-28T18:00:00+00:00,32.4,1002.8,26.41
2022-04-28T21:00:00+00:00,31.4,1002.4,40.78
2022-04-29T00:00:00+00:00,27.6,1002.4,52.76
2022-04-29T03:00:00+00:00,29.4,1003.1,52.22
2022-04-29T06:00:00+00:00,36.4,1002.6,36.78
2022-04-29T09:00:00+00:00,40.2,1000.5,28.65
2022-04-29T12:00:00+00:00,41.2,997.8,20.0
2022-04-29T15:00:00+00:00,36.0,999.0,29.38
2022-04-29T18:00:00+00:00,32.2,999.9,34.5
2022-04-29T21:00:00+00:00,31.4,998.7,34.5
2022-04-30T00:00:00+00:00,28.6,998.5,60.06
2022-04-30T03:00:00+00:00,32.4,999.8,51.38
2022-04-30T06:00:00+00:00,41.6,999.2,21.03
2022-04-30T09:00:00+00:00,45.2,996.6,16.65
2022-04-30T12:00:00+00:00,44.4,994.5,16.91
2022-04-30T15:00:00+00:00,39.4,995.0,23.95
2022-04-30T18:00:00+00:00,36.8,995.9,27.76
2022-04-30T21:00:00+00:00,33.0,995.8,46.7
2022-05-01T00:00:00+00:00,30.0,996.2,58.55
2022-05-01T03:00:00+00:00,32.4,999.8,51.38
2022-05-01T06:00:00+00:00,42.0,997.1,22.81
2022-05-01T09:00:00+00:00,46.2,994.3,15.01
2022-05-01T12:00:00+00:00,45.2,992.8,18.34
2022-05-01T15:00:00+00:00,39.2,994.2,22.4
2022-05-01T18:00:00+00:00,37.0,995.3,43.6
2022-05-01T21:00:00+00:00,31.6,995.4,53.1
2022-05-02T00:00:00+00:00,28.6,996.2,60.06
2022-05-02T03:00:00+00:00,31.8,997.7,32.22
2022-05-02T06:00:00+00:00,39.0,997.3,12.62
2022-05-02T09:00:00+00:00,41.6,1005.1,12.96
2022-05-02T12:00:00+00:00,38.6,994.1,19.51
2022-05-02T15:00:00+00:00,35.2,996.2,22.58
2022-05-02T18:00:00+00:00,31.2,998.0,38.45
2022-05-02T21:00:00+00:00,28.6,997.8,48.83
2022-05-03T00:00:00+00:00,26.6,998.1,65.05
2022-05-03T03:00:00+00:00,28.0,999.5,70.33
2022-05-03T06:00:00+00:00,33.6,999.3,49.21
2022-05-03T09:00:00+00:00,38.4,997.4,32.77
2022-05-03T12:00:00+00:00,38.4,995.8,30.4
2022-05-03T15:00:00+00:00,35.6,997.3,34.99
2022-05-03T18:00:00+00:00,32.4,999.3,45.96
2022-05-03T21:00:00+00:00,28.6,999.5,63.88
2022-05-04T00:00:00+00:00,26.2,1001.6,82.57
2022-05-04T03:00:00+00:00,28.0,1003.4,72.94
2022-05-04T06:00:00+00:00,33.8,1003.3,44.37
2022-05-04T09:00:00+00:00,38.4,1001.2,30.4
2022-05-04T12:00:00+00:00,39.4,999.3,27.73
2022-05-04T15:00:00+00:00,36.4,1000.8,34.12
2022-05-04T18:00:00+00:00,34.4,1002.2,39.08
2022-05-04T21:00:00+00:00,32.0,1002.2,45.57
2022-05-05T00:00:00+00:00,29.6,1002.6,50.98
2022-05-05T03:00:00+00:00,31.4,1004.3,47.15
2022-05-05T06:00:00+00:00,37.2,1003.7,31.64
2022-05-05T09:00:00+00:00,41.6,1001.1,21.71
2022-05-05T12:00:00+00:00,38.0,999.3,21.53
2022-05-05T15:00:00+00:00,28.6,1005.4,56.09
2022-05-05T18:00:00+00:00,29.2,1002.7,47.16
2022-05-05T21:00:00+00:00,27.6,1001.8,52.76
2022-05-06T00:00:00+00:00,27.0,1002.5,53.28
2022-05-06T03:00:00+00:00,29.2,1004.0,59.09
2022-05-06T06:00:00+00:00,37.6,1003.7,28.69
2022-05-06T09:00:00+00:00,41.0,1001.3,20.35
2022-05-06T12:00:00+00:00,41.6,999.1,12.96
2022-05-06T15:00:00+00:00,36.4,1000.4,24.12
2022-05-06T18:00:00+00:00,34.2,1001.5,30.63
2022-05-06T21:00:00+00:00,31.2,1002.0,45.93
2022-05-07T00:00:00+00:00,28.0,1002.5,44.49
2022-05-07T03:00:00+00:00,31.4,1003.3,35.64
2022-05-07T06:00:00+00:00,41.2,1003.2,10.68
2022-05-07T09:00:00+00:00,43.6,1000.9,8.78
2022-05-07T12:00:00+00:00,43.2,998.8,9.89
2022-05-07T15:00:00+00:00,38.1,999.9,16.73
2022-05-07T18:00:00+00:00,35.4,1000.3,22.33
2022-05-07T21:00:00+00:00,31.6,1000.4,42.15
2022-05-08T00:00:00+00:00,28.5,1000.2,50.7
2022-05-08T03:00:00+00:00,33.0,1001.6,28.02
2022-05-08T06:00:00+00:00,42.4,1000.8,11.05
2022-05-08T09:00:00+00:00,44.6,998.2,9.52
2022-05-08T12:00:00+00:00,44.4,996.1,7.73
2022-05-08T15:00:00+00:00,39.0,997.0,14.59
2022-05-08T18:00:00+00:00,34.2,998.1,32.46
2022-05-08T21:00:00+00:00,32.4,998.5,27.31
2022-05-09T00:00:00+00:00,28.8,999.0,40.85
2022-05-09T03:00:00+00:00,32.2,1000.3,27.99
2022-05-09T06:00:00+00:00,41.0,999.4,10.95
2022-05-09T09:00:00+00:00,44.7,997.0,7.35
2022-05-09T12:00:00+00:00,43.7,995.4,7.31
2022-05-09T15:00:00+00:00,36.6,997.1,16.73
2022-05-09T18:00:00+00:00,34.8,999.2,30.4
2022-05-09T21:00:00+00:00,31.2,998.7,49.2
2022-05-10T00:00:00+00:00,27.4,999.0,57.58
2022-05-10T03:00:00+00:00,30.6,1001.7,39.79
2022-05-10T06:00:00+00:00,40.7,1000.3,12.69
2022-05-10T09:00:00+00:00,44.8,998.0,8.19
2022-05-10T12:00:00+00:00,44.0,996.0,8.72
2022-05-10T15:00:00+00:00,39.6,997.7,14.71
2022-05-10T18:00:00+00:00,36.0,999.0,23.55
2022-05-10T21:00:00+00:00,33.0,998.5,35.62
2022-05-11T00:00:00+00:00,30.0,999.1,63.79
2022-05-11T03:00:00+00:00,31.8,1000.7,60.05
2022-05-11T06:00:00+00:00,39.9,1000.0,25.34
2022-05-11T09:00:00+00:00,45.4,997.4,8.94
2022-05-11T12:00:00+00:00,45.0,995.5,10.48
2022-05-11T15:00:00+00:00,40.0,996.5,15.2
2022-05-11T18:00:00+00:00,37.0,997.8,16.94
2022-05-11T21:00:00+00:00,34.4,997.1,31.69
2022-05-12T00:00:00+00:00,30.5,997.9,53.82
2022-05-12T03:00:00+00:00,34.2,999.0,35.05
2022-05-12T06:00:00+00:00,43.4,998.3,14.05
2022-05-12T09:00:00+00:00,46.6,996.0,8.41
2022-05-12T12:00:00+00:00,46.2,993.4,7.46
2022-05-12T15:00:00+00:00,39.0,994.8,13.25
2022-05-12T18:00:00+00:00,38.0,995.9,20.16
2022-05-13T00:00:00+00:00,32.0,995.7,45.57
2022-05-13T03:00:00+00:00,34.8,996.9,42.49
2022-05-13T06:00:00+00:00,44.4,996.0,12.98
2022-05-13T09:00:00+00:00,46.8,993.6,6.32
2022-05-13T12:00:00+00:00,46.3,991.8,10.21
2022-05-13T15:00:00+00:00,41.0,992.9,13.65
2022-05-13T18:00:00+00:00,38.6,994.4,16.73
2022-05-14T00:00:00+00:00,32.0,994.4,43.07
2022-05-14T03:00:00+00:00,34.7,996.0,32.6
2022-05-14T06:00:00+00:00,43.9,995.4,17.47
2022-05-14T09:00:00+00:00,47.2,993.6,11.02
2022-05-14T12:00:00+00:00,45.6,992.3,14.31
2022-05-14T15:00:00+00:00,41.2,994.0,17.43
2022-05-14T18:00:00+00:00,38.0,995.6,15.19
2022-05-15T00:00:00+00:00,30.6,996.2,37.79
2022-05-15T03:00:00+00:00,31.2,997.5,49.2
2022-05-15T06:00:00+00:00,41.0,996.7,17.16
2022-05-15T09:00:00+00:00,44.0,994.9,14.75
2022-05-15T12:00:00+00:00,41.6,994.0,19.08
2022-05-15T15:00:00+00:00,38.0,995.8,22.99
2022-05-15T18:00:00+00:00,34.0,997.6,36.82
2022-05-15T21:00:00+00:00,28.6,996.8,67.09
2022-05-16T00:00:00+00:00,26.7,996.6,82.63
2022-05-16T03:00:00+00:00,29.0,996.9,73.55
2022-05-16T06:00:00+00:00,37.0,996.2,43.6
2022-05-16T09:00:00+00:00,42.8,994.0,26.41
2022-05-16T12:00:00+00:00,41.6,992.5,25.14
2022-05-16T15:00:00+00:00,37.6,994.0,28.69
2022-05-16T18:00:00+00:00,35.0,995.4,35.05
2022-05-17T00:00:00+00:00,27.6,996.1,72.87
2022-05-17T03:00:00+00:00,29.0,997.7,70.94
2022-05-17T06:00:00+00:00,36.6,997.2,42.19
2022-05-17T09:00:00+00:00,41.5,994.8,24.64
2022-05-17T12:00:00+00:00,42.0,993.5,23.54
2022-05-17T15:00:00+00:00,38.6,994.6,28.41
2022-05-17T18:00:00+00:00,35.2,996.3,33.58
2022-05-17T21:00:00+00:00,32.8,996.5,41.42
2022-05-18T00:00:00+00:00,30.0,997.7,49.2
2022-05-18T03:00:00+00:00,32.5,999.3,53.65
2022-05-18T06:00:00+00:00,41.5,998.7,27.42
2022-05-18T09:00:00+00:00,43.8,997.2,21.02
2022-05-18T12:00:00+00:00,43.4,995.8,21.87
2022-05-18T15:00:00+00:00,39.0,997.3,26.6
2022-05-18T18:00:00+00:00,35.4,998.6,29.41
2022-05-18T21:00:00+00:00,33.2,998.0,35.0
2022-05-19T00:00:00+00:00,30.6,999.4,61.63
2022-05-19T03:00:00+00:00,32.4,1000.6,57.0
2022-05-19T06:00:00+00:00,42.6,999.6,29.65
2022-05-19T09:00:00+00:00,45.0,997.5,24.44
2022-05-19T12:00:00+00:00,44.6,995.4,23.6
2022-05-19T15:00:00+00:00,40.6,995.8,26.17
2022-05-19T18:00:00+00:00,37.0,996.1,33.01
2022-05-19T21:00:00+00:00,33.6,996.4,41.12
2022-05-20T00:00:00+00:00,29.8,997.0,51.35
2022-05-20T03:00:00+00:00,33.6,997.3,39.11
2022-05-20T06:00:00+00:00,41.0,996.5,30.9
2022-05-20T09:00:00+00:00,44.5,994.9,25.09
2022-05-20T12:00:00+00:00,44.0,992.8,26.88
2022-05-20T15:00:00+00:00,38.5,993.8,40.19
2022-05-20T18:00:00+00:00,33.5,995.1,55.22
2022-05-20T21:00:00+00:00,29.1,994.6,73.13
2022-05-21T00:00:00+00:00,27.0,995.5,87.25
2022-05-21T03:00:00+00:00,29.4,996.5,76.31
2022-05-21T06:00:00+00:00,38.4,995.2,40.4
2022-05-21T09:00:00+00:00,43.2,992.8,19.08
2022-05-21T12:00:00+00:00,44.0,990.8,15.24
2022-05-21T15:00:00+00:00,38.6,991.5,18.75
2022-05-21T18:00:00+00:00,33.8,992.9,58.02
2022-05-21T21:00:00+00:00,29.4,992.0,74.96
2022-05-22T00:00:00+00:00,27.0,992.2,87.25
2022-05-22T03:00:00+00:00,29.2,993.3,75.83
2022-05-22T06:00:00+00:00,37.0,993.0,44.13
2022-05-22T09:00:00+00:00,43.8,990.3,21.02
2022-05-22T12:00:00+00:00,44.6,988.4,16.52
2022-05-22T15:00:00+00:00,38.8,989.1,20.48
2022-05-22T18:00:00+00:00,34.8,990.3,55.53
2022-05-22T21:00:00+00:00,29.4,989.4,76.31
2022-05-23T00:00:00+00:00,28.0,990.2,84.78
2022-05-23T03:00:00+00:00,29.6,990.9,74.1
2022-05-23T06:00:00+00:00,37.0,990.7,43.6
2022-05-23T09:00:00+00:00,42.4,989.2,15.72
2022-05-23T12:00:00+00:00,42.2,988.7,9.65
2022-05-23T15:00:00+00:00,39.0,990.7,14.19
2022-05-23T18:00:00+00:00,35.0,992.8,18.28
2022-05-24T00:00:00+00:00,30.2,994.9,42.58
2022-05-24T03:00:00+00:00,30.0,998.1,58.55
2022-05-24T06:00:00+00:00,34.8,998.1,42.49
2022-05-24T09:00:00+00:00,40.2,997.4,22.22
2022-05-24T12:00:00+00:00,41.4,996.3,19.53
2022-05-24T15:00:00+00:00,37.0,998.2,26.41
2022-05-24T18:00:00+00:00,35.4,999.7,25.16
2022-05-24T21:00:00+00:00,33.0,1000.5,34.72
2022-05-25T00:00:00+00:00,30.4,1001.2,59.0
2022-05-25T03:00:00+00:00,31.2,1002.5,58.47
2022-05-25T06:00:00+00:00,37.8,1002.0,28.93
2022-05-25T09:00:00+00:00,41.8,999.3,16.23
2022-05-25T12:00:00+00:00,41.6,997.6,19.08
2022-05-25T15:00:00+00:00,38.4,998.7,23.54
2022-05-25T18:00:00+00:00,35.4,999.6,35.6
2022-05-25T21:00:00+00:00,31.4,999.0,55.05
2022-05-26T03:00:00+00:00,29.0,1000.9,69.66
2022-05-26T06:00:00+00:00,36.4,999.7,35.87
2022-05-26T09:00:00+00:00,40.8,997.1,24.31
2022-05-26T12:00:00+00:00,40.6,995.1,22.61
2022-05-26T15:00:00+00:00,37.6,996.4,30.38
2022-05-26T18:00:00+00:00,33.6,997.4,47.14
2022-05-26T21:00:00+00:00,29.2,997.4,68.44
2022-05-27T00:00:00+00:00,27.0,997.7,78.29
2022-05-27T03:00:00+00:00,29.0,998.7,61.65
2022-05-27T06:00:00+00:00,34.4,997.9,47.06
2022-05-27T09:00:00+00:00,40.2,995.5,30.88
2022-05-27T12:00:00+00:00,40.4,993.5,30.36
2022-05-27T15:00:00+00:00,36.8,994.5,38.76
2022-05-27T18:00:00+00:00,33.0,995.5,49.36
2022-05-27T21:00:00+00:00,28.6,994.6,70.44
2022-05-28T00:00:00+00:00,27.0,995.5,79.72
2022-05-28T03:00:00+00:00,29.0,997.0,70.94
2022-05-28T06:00:00+00:00,35.6,996.4,45.12
2022-05-28T09:00:00+00:00,41.4,994.8,27.73
2022-05-28T12:00:00+00:00,42.6,993.4,20.33
2022-05-28T15:00:00+00:00,39.2,993.8,24.52
2022-05-28T18:00:00+00:00,36.4,995.2,38.41
2022-05-28T21:00:00+00:00,31.4,995.6,57.46
2022-05-29T00:00:00+00:00,28.0,996.6,77.49
2022-05-29T03:00:00+00:00,29.4,998.0,68.48
2022-05-29T06:00:00+00:00,36.6,997.6,38.71
2022-05-29T09:00:00+00:00,42.0,995.5,20.19
2022-05-29T12:00:00+00:00,42.0,993.5,15.53
2022-05-29T15:00:00+00:00,38.6,994.3,29.89
2022-05-29T18:00:00+00:00,35.6,995.5,43.23
2022-05-29T21:00:00+00:00,31.0,996.0,57.01
2022-05-30T00:00:00+00:00,27.6,996.5,69.82
2022-05-30T03:00:00+00:00,29.2,998.9,66.8
2022-05-30T06:00:00+00:00,37.0,998.2,33.43
2022-05-30T09:00:00+00:00,41.6,996.1,17.29
2022-05-30T12:00:00+00:00,43.0,994.4,11.79
2022-05-30T15:00:00+00:00,39.0,995.7,15.2
2022-05-30T18:00:00+00:00,36.6,997.3,31.68
2022-05-30T21:00:00+00:00,32.2,997.0,53.58
2022-05-31T00:00:00+00:00,27.6,997.8,74.21
2022-05-31T03:00:00+00:00,28.4,998.9,70.4
2022-05-31T06:00:00+00:00,36.4,998.9,41.11
2022-05-31T09:00:00+00:00,40.4,996.5,26.62
2022-05-31T12:00:00+00:00,41.2,994.4,23.34
2022-05-31T18:00:00+00:00,35.4,997.7,31.16
2022-05-31T21:00:00+00:00,31.6,997.0,54.76
2022-06-01T00:00:00+00:00,27.5,998.0,68.53
2022-06-01T03:00:00+00:00,28.4,999.5,70.4
2022-06-01T06:00:00+00:00,37.8,999.0,31.41
2022-06-01T09:00:00+00:00,42.0,996.7,11.13
2022-06-01T12:00:00+00:00,43.0,994.8,11.79
2022-06-01T15:00:00+00:00,38.0,995.1,20.16
2022-06-01T18:00:00+00:00,35.6,997.4,23.92
2022-06-01T21:00:00+00:00,33.2,997.5,43.66
2022-06-02T00:00:00+00:00,29.0,998.1,64.36
2022-06-02T03:00:00+00:00,30.6,999.7,55.53
2022-06-02T06:00:00+00:00,38.6,998.6,27.53
2022-06-02T09:00:00+00:00,43.5,996.3,10.51
2022-06-02T12:00:00+00:00,42.8,995.0,9.35
2022-06-02T15:00:00+00:00,39.2,996.0,16.09
2022-06-02T18:00:00+00:00,37.0,997.0,21.0
2022-06-02T21:00:00+00:00,33.8,996.7,21.35
2022-06-03T00:00:00+00:00,29.2,997.4,56.58
2022-06-03T03:00:00+00:00,31.6,998.2,47.5
2022-06-03T06:00:00+00:00,38.2,997.8,23.34
2022-06-03T09:00:00+00:00,43.0,995.7,9.58
2022-06-03T12:00:00+00:00,43.0,993.7,6.33
2022-06-03T15:00:00+00:00,38.6,995.7,8.84
2022-06-03T18:00:00+00:00,34.0,997.1,12.07
2022-06-03T21:00:00+00:00,31.4,996.7,37.77
2022-06-04T00:00:00+00:00,27.6,997.3,65.66
2022-06-04T03:00:00+00:00,29.2,998.8,63.23
2022-06-04T06:00:00+00:00,36.0,997.4,38.07
2022-06-04T09:00:00+00:00,41.0,995.3,21.02
2022-06-04T12:00:00+00:00,42.0,994.1,18.32
2022-06-04T15:00:00+00:00,38.0,995.4,24.53
2022-06-04T18:00:00+00:00,35.0,996.8,44.96
2022-06-04T21:00:00+00:00,30.5,997.0,59.75
2022-06-05T00:00:00+00:00,27.3,997.0,70.63
2022-06-05T06:00:00+00:00,36.6,997.8,43.23
2022-06-05T09:00:00+00:00,41.6,995.7,30.12
2022-06-05T12:00:00+00:00,41.8,994.6,26.65
2022-06-05T15:00:00+00:00,39.0,995.2,31.93
2022-06-05T18:00:00+00:00,35.2,996.4,47.85
2022-06-05T21:00:00+00:00,30.6,997.2,63.91
2022-06-06T00:00:00+00:00,27.8,996.5,71.59
2022-06-06T03:00:00+00:00,30.2,998.1,66.19
2022-06-06T06:00:00+00:00,38.6,997.5,35.58
2022-06-06T09:00:00+00:00,43.8,995.2,23.84
2022-06-06T12:00:00+00:00,43.8,993.9,21.56
2022-06-06T15:00:00+00:00,39.6,995.6,25.75
2022-06-06T18:00:00+00:00,34.4,997.3,48.52
2022-06-06T21:00:00+00:00,29.6,997.3,58.46
2022-06-07T00:00:00+00:00,27.0,997.5,72.32
2022-06-07T03:00:00+00:00,28.6,998.8,72.16
2022-06-07T06:00:00+00:00,35.0,997.9,48.38
2022-06-07T09:00:00+00:00,40.4,995.5,31.13
2022-06-07T12:00:00+00:00,42.0,994.0,22.81
2022-06-07T15:00:00+00:00,38.2,995.1,37.73
2022-06-07T18:00:00+00:00,32.0,997.3,56.9
2022-06-07T21:00:00+00:00,28.6,997.4,62.71
2022-06-08T00:00:00+00:00,26.6,997.5,81.13
2022-06-08T03:00:00+00:00,28.4,998.5,74.8
2022-06-08T06:00:00+00:00,36.0,997.8,45.5
2022-06-08T09:00:00+00:00,41.0,994.9,30.15
2022-06-08T12:00:00+00:00,41.6,993.1,30.12
2022-06-08T15:00:00+00:00,37.2,994.3,42.87
2022-06-08T18:00:00+00:00,32.2,995.9,59.06
2022-06-08T21:00:00+00:00,28.4,995.6,73.01
2022-06-09T00:00:00+00:00,26.0,995.6,88.75
2022-06-09T03:00:00+00:00,28.0,996.8,77.02
2022-06-09T06:00:00+00:00,35.0,996.0,53.62
2022-06-09T09:00:00+00:00,40.2,993.9,42.89
2022-06-09T12:00:00+00:00,41.2,992.5,38.07
2022-06-09T15:00:00+00:00,36.4,994.0,48.74
2022-06-09T18:00:00+00:00,32.6,995.5,59.51
2022-06-09T21:00:00+00:00,28.8,995.2,79.01
2022-06-10T00:00:00+00:00,26.4,996.3,88.78
2022-06-10T03:00:00+00:00,28.8,997.6,74.86
2022-06-10T06:00:00+00:00,36.6,996.9,44.3
2022-06-10T09:00:00+00:00,41.2,994.5,31.15
2022-06-10T12:00:00+00:00,41.2,993.0,31.15
2022-06-10T15:00:00+00:00,37.0,995.0,42.29
2022-06-10T18:00:00+00:00,33.2,996.4,59.29
2022-06-10T21:00:00+00:00,29.2,996.8,78.6
2022-06-11T00:00:00+00:00,27.0,996.7,87.25
2022-06-11T03:00:00+00:00,29.8,997.9,72.81
2022-06-11T06:00:00+00:00,35.6,997.8,50.94
2022-06-11T09:00:00+00:00,41.5,995.5,31.03
2022-06-11T12:00:00+00:00,41.5,993.8,34.85
2022-06-11T15:00:00+00:00,37.6,994.6,41.43
2022-06-11T18:00:00+00:00,33.6,997.2,61.54
2022-06-11T21:00:00+00:00,29.6,997.3,78.19
2022-06-12T00:00:00+00:00,27.6,997.7,84.23
2022-06-12T03:00:00+00:00,29.4,1000.9,73.62
2022-06-12T06:00:00+00:00,34.4,998.5,56.44
2022-06-12T09:00:00+00:00,40.2,996.3,34.72
2022-06-12T12:00:00+00:00,40.2,994.2,35.57
2022-06-12T15:00:00+00:00,37.0,996.4,45.49
2022-06-12T18:00:00+00:00,34.6,999.3,53.84
2022-06-12T21:00:00+00:00,31.5,999.3,68.88
2022-06-13T00:00:00+00:00,29.5,999.9,74.52
2022-06-13T03:00:00+00:00,32.0,1001.4,62.68
2022-06-13T06:00:00+00:00,37.6,1001.0,43.23
2022-06-13T09:00:00+00:00,40.4,998.8,40.45
2022-06-13T12:00:00+00:00,40.6,996.3,39.07
2022-06-13T15:00:00+00:00,26.4,1000.3,94.81
2022-06-13T18:00:00+00:00,24.6,1002.9,98.22
2022-06-13T21:00:00+00:00,25.0,999.7,91.39
2022-06-14T00:00:00+00:00,25.0,1000.2,94.75
2022-06-14T03:00:00+00:00,28.4,1001.5,77.55
2022-06-14T06:00:00+00:00,32.0,1001.5,68.57
2022-06-14T09:00:00+00:00,34.8,999.8,56.54
2022-06-14T12:00:00+00:00,36.5,997.9,52.4
2022-06-14T15:00:00+00:00,33.8,998.1,61.59
2022-06-14T18:00:00+00:00,31.6,998.4,72.25
2022-06-14T21:00:00+00:00,30.4,998.0,75.56
2022-06-15T00:00:00+00:00,28.6,998.1,78.98
2022-06-15T03:00:00+00:00,30.8,998.9,69.16
2022-06-15T06:00:00+00:00,35.8,998.3,54.46
2022-06-15T09:00:00+00:00,38.6,996.4,46.74
2022-06-15T12:00:00+00:00,39.4,994.1,43.97
2022-06-15T15:00:00+00:00,36.8,994.8,50.94
2022-06-15T18:00:00+00:00,33.0,996.3,70.4
2022-06-15T21:00:00+00:00,30.0,996.1,74.16
2022-06-16T00:00:00+00:00,27.8,996.3,85.77
2022-06-16T03:00:00+00:00,29.0,997.1,77.64
2022-06-16T06:00:00+00:00,35.0,996.6,56.92
2022-06-16T09:00:00+00:00,38.4,994.7,42.15
2022-06-16T12:00:00+00:00,38.4,993.7,43.18
2022-06-16T15:00:00+00:00,35.0,995.3,54.59
2022-06-16T18:00:00+00:00,32.0,995.9,68.57
2022-06-16T21:00:00+00:00,29.0,996.8,81.91
2022-06-17T00:00:00+00:00,27.6,996.3,87.3
2022-06-17T03:00:00+00:00,29.4,997.1,77.69
2022-06-17T06:00:00+00:00,35.4,996.8,54.04
2022-06-17T09:00:00+00:00,38.4,994.7,45.31
2022-06-17T12:00:00+00:00,38.2,992.8,46.63
2022-06-17T15:00:00+00:00,35.0,993.3,53.62
2022-06-17T18:00:00+00:00,32.2,996.0,66.2
2022-06-17T21:00:00+00:00,29.6,996.3,76.8
2022-06-18T00:00:00+00:00,28.4,997.0,84.82
2022-06-18T03:00:00+00:00,30.0,999.0,75.5
2022-06-18T06:00:00+00:00,34.2,997.9,59.51
2022-06-18T09:00:00+00:00,37.4,996.0,46.15
2022-06-18T12:00:00+00:00,38.0,994.0,46.3
2022-06-18T15:00:00+00:00,31.0,996.2,73.45
2022-06-18T18:00:00+00:00,29.4,997.2,77.69
2022-06-18T21:00:00+00:00,29.7,997.2,80.08
2022-06-19T00:00:00+00:00,28.0,996.8,85.79
2022-06-19T03:00:00+00:00,29.6,998.1,79.59
2022-06-19T06:00:00+00:00,34.6,998.1,58.2
2022-06-19T09:00:00+00:00,36.0,996.0,54.51
2022-06-19T12:00:00+00:00,38.6,993.3,44.02
2022-06-19T15:00:00+00:00,36.4,994.3,49.63
2022-06-19T18:00:00+00:00,34.4,995.5,59.56
2022-06-19T21:00:00+00:00,30.8,995.3,72.11
2022-06-20T00:00:00+00:00,28.4,996.2,86.34
2022-06-20T03:00:00+00:00,30.0,995.8,74.16
2022-06-20T06:00:00+00:00,34.0,996.1,52.73
2022-06-20T09:00:00+00:00,37.0,994.1,42.81
2022-06-20T12:00:00+00:00,38.4,991.1,40.4
2022-06-20T15:00:00+00:00,35.5,992.1,47.35
2022-06-21T00:00:00+00:00,28.0,992.1,77.02
2022-06-21T03:00:00+00:00,29.4,993.4,74.96
2022-06-21T06:00:00+00:00,29.0,993.5,87.94
2022-06-21T09:00:00+00:00,31.6,991.7,64.9
2022-06-21T12:00:00+00:00,33.0,990.8,58.53
2022-06-21T15:00:00+00:00,30.0,992.9,67.36
2022-06-21T18:00:00+00:00,28.4,995.5,81.84
2022-06-21T21:00:00+00:00,26.4,996.7,81.1
2022-06-22T00:00:00+00:00,26.4,997.8,81.1
2022-06-22T03:00:00+00:00,28.6,999.7,60.06
2022-06-22T06:00:00+00:00,33.8,1000.5,53.65
2022-06-22T09:00:00+00:00,37.0,999.1,43.6
2022-06-22T12:00:00+00:00,35.1,998.4,49.6
2022-06-22T15:00:00+00:00,26.0,1001.7,68.24
2022-06-22T18:00:00+00:00,28.2,1003.0,66.19
2022-06-22T21:00:00+00:00,27.6,1002.5,75.58
2022-06-23T00:00:00+00:00,26.4,1003.2,84.1
2022-06-23T03:00:00+00:00,28.5,1004.6,76.64
2022-06-23T06:00:00+00:00,34.0,1004.2,57.72
2022-06-23T09:00:00+00:00,37.2,1001.8,43.65
2022-06-23T12:00:00+00:00,38.4,999.4,38.72
2022-06-23T15:00:00+00:00,35.0,1000.2,47.51
2022-06-23T18:00:00+00:00,33.0,1001.4,52.16
2022-06-23T21:00:00+00:00,30.8,1000.7,56.96
2022-06-24T00:00:00+00:00,28.6,1000.3,73.49
2022-06-24T03:00:00+00:00,32.4,1001.1,54.95
2022-06-24T06:00:00+00:00,38.8,999.6,30.89
2022-06-24T09:00:00+00:00,42.2,996.9,26.42
2022-06-24T12:00:00+00:00,42.0,994.0,26.2
2022-06-24T15:00:00+00:00,38.0,994.7,35.64
2022-06-24T18:00:00+00:00,35.6,996.5,36.79
2022-06-24T21:00:00+00:00,32.0,995.2,48.2
2022-06-25T00:00:00+00:00,31.8,995.0,44.39
2022-06-25T03:00:00+00:00,35.0,995.7,43.6
2022-06-25T06:00:00+00:00,41.6,994.9,30.68
2022-06-25T09:00:00+00:00,43.4,992.9,28.96
2022-06-25T12:00:00+00:00,44.0,990.8,29.65
2022-06-25T15:00:00+00:00,39.6,991.4,34.98
2022-06-25T18:00:00+00:00,37.4,993.7,43.97
2022-06-25T21:00:00+00:00,35.2,993.2,47.85
2022-06-26T00:00:00+00:00,31.8,993.9,55.48
2022-06-26T03:00:00+00:00,35.8,994.9,52.23
2022-06-26T06:00:00+00:00,42.6,994.7,35.36
2022-06-26T09:00:00+00:00,44.5,993.2,37.37
2022-06-26T12:00:00+00:00,45.0,991.8,34.33
2022-06-26T15:00:00+00:00,40.2,992.9,33.05
2022-06-26T18:00:00+00:00,37.6,994.5,42.2
2022-06-26T21:00:00+00:00,34.4,994.1,50.94
2022-06-27T00:00:00+00:00,32.4,994.7,54.95
2022-06-27T03:00:00+00:00,33.6,995.8,72.17
2022-06-27T06:00:00+00:00,39.4,995.7,33.04
2022-06-27T09:00:00+00:00,43.0,994.2,19.53
2022-06-27T12:00:00+00:00,43.4,992.9,21.19
2022-06-27T15:00:00+00:00,40.0,994.2,28.42
2022-06-27T18:00:00+00:00,37.6,995.2,35.31
2022-06-27T21:00:00+00:00,34.0,995.7,52.73
2022-06-28T00:00:00+00:00,31.4,996.5,66.04
2022-06-28T03:00:00+00:00,32.4,996.4,61.65
2022-06-28T06:00:00+00:00,38.4,996.2,44.77
2022-06-28T09:00:00+00:00,42.2,994.2,32.78
2022-06-28T12:00:00+00:00,42.2,992.3,31.99
2022-06-28T15:00:00+00:00,38.6,993.4,42.46
2022-06-28T18:00:00+00:00,35.8,994.4,51.3
2022-06-28T21:00:00+00:00,32.6,993.6,66.67
2022-06-29T00:00:00+00:00,30.0,994.0,71.54
2022-06-29T03:00:00+00:00,31.4,994.5,72.22
2022-06-29T06:00:00+00:00,36.4,993.9,51.76
2022-06-29T09:00:00+00:00,40.4,991.1,42.94
2022-06-29T12:00:00+00:00,41.2,989.5,39.7
2022-06-29T15:00:00+00:00,37.4,990.7,48.71
2022-06-29T18:00:00+00:00,33.8,992.3,62.7
2022-06-29T21:00:00+00:00,31.0,992.3,65.56
2022-06-30T00:00:00+00:00,29.0,992.6,80.47
2022-06-30T03:00:00+00:00,30.2,993.7,76.89
2022-06-30T06:00:00+00:00,35.4,992.4,57.02
2022-06-30T09:00:00+00:00,38.4,991.5,47.53
2022-06-30T12:00:00+00:00,37.4,990.1,48.71
2022-06-30T15:00:00+00:00,35.6,991.5,54.09
2022-06-30T18:00:00+00:00,33.4,993.4,62.24
2022-06-30T21:00:00+00:00,31.2,993.5,66.79
2022-07-01T00:00:00+00:00,29.8,994.2,76.83
2022-07-01T03:00:00+00:00,30.0,995.5,78.24
2022-07-01T06:00:00+00:00,32.2,995.3,66.2
2022-07-01T09:00:00+00:00,36.4,993.8,52.69
2022-07-01T12:00:00+00:00,37.4,991.1,48.71
2022-07-01T15:00:00+00:00,35.8,992.4,53.17
2022-07-01T18:00:00+00:00,31.6,994.4,68.49
2022-07-01T21:00:00+00:00,27.0,994.8,87.25
2022-07-02T00:00:00+00:00,27.2,993.8,93.72
2022-07-02T03:00:00+00:00,28.6,995.1,90.54
2022-07-02T06:00:00+00:00,30.8,995.1,79.75
2022-07-02T09:00:00+00:00,30.8,993.9,78.36
2022-07-02T12:00:00+00:00,33.0,992.4,67.95
2022-07-02T15:00:00+00:00,31.4,992.8,77.52
2022-07-02T18:00:00+00:00,30.6,994.0,78.33
2022-07-03T00:00:00+00:00,28.6,993.7,87.91
2022-07-03T03:00:00+00:00,31.0,995.1,76.11
2022-07-03T06:00:00+00:00,35.2,994.9,58.0
2022-07-03T09:00:00+00:00,35.2,993.5,61.53
2022-07-03T12:00:00+00:00,30.0,993.5,82.52
2022-07-04T00:00:00+00:00,29.0,994.5,87.94
2022-07-04T03:00:00+00:00,30.6,995.9,76.95
2022-07-04T06:00:00+00:00,33.6,995.9,66.09
2022-07-04T09:00:00+00:00,32.4,994.4,72.82
2022-07-04T12:00:00+00:00,34.4,992.2,62.09
2022-07-04T15:00:00+00:00,30.2,993.4,86.51
2022-07-04T18:00:00+00:00,30.2,995.2,84.01
2022-07-04T21:00:00+00:00,29.8,994.6,84.96
2022-07-05T00:00:00+00:00,29.0,994.2,89.51
2022-07-05T03:00:00+00:00,31.0,995.1,74.77
2022-07-05T06:00:00+00:00,35.4,994.7,56.01
2022-07-05T09:00:00+00:00,38.0,992.7,49.15
2022-07-05T12:00:00+00:00,37.4,991.3,51.39
2022-07-05T15:00:00+00:00,35.0,992.5,62.22
2022-07-05T18:00:00+00:00,34.0,994.2,67.34
2022-07-05T21:00:00+00:00,31.8,994.2,76.23
2022-07-06T00:00:00+00:00,28.0,995.7,87.34
2022-07-06T03:00:00+00:00,29.6,995.8,81.02
2022-07-06T06:00:00+00:00,36.0,995.7,52.28
2022-07-06T09:00:00+00:00,38.4,993.9,49.55
2022-07-06T12:00:00+00:00,40.8,992.1,34.45
2022-07-06T15:00:00+00:00,33.0,995.9,66.75
2022-07-06T18:00:00+00:00,30.6,998.8,79.73
2022-07-06T21:00:00+00:00,29.6,997.6,83.45
2022-07-07T00:00:00+00:00,28.0,998.6,87.34
2022-07-07T03:00:00+00:00,29.6,1000.0,80.54
2022-07-07T06:00:00+00:00,34.0,999.5,63.86
2022-07-07T09:00:00+00:00,31.9,998.5,71.88
2022-07-07T12:00:00+00:00,27.8,996.2,96.55
2022-07-07T15:00:00+00:00,28.6,998.3,92.15
2022-07-07T18:00:00+00:00,28.4,998.7,95.44
2022-07-07T21:00:00+00:00,28.2,997.5,95.43
2022-07-08T00:00:00+00:00,27.6,996.8,95.41
2022-07-08T03:00:00+00:00,29.8,997.8,83.48
2022-07-08T06:00:00+00:00,33.0,997.7,67.95
2022-07-08T09:00:00+00:00,35.4,995.0,60.49
2022-07-08T12:00:00+00:00,36.0,992.9,54.51
2022-07-08T15:00:00+00:00,29.4,994.8,87.97
2022-07-08T18:00:00+00:00,30.6,995.4,81.15
2022-07-08T21:00:00+00:00,29.4,994.0,87.97
2022-07-09T00:00:00+00:00,28.8,994.1,93.79
2022-07-09T03:00:00+00:00,30.4,994.6,84.03
2022-07-09T06:00:00+00:00,34.0,994.5,68.54
2022-07-09T09:00:00+00:00,36.4,992.5,52.69
2022-07-09T12:00:00+00:00,37.2,991.2,46.65
2022-07-09T15:00:00+00:00,33.0,993.3,61.05
2022-07-09T18:00:00+00:00,29.8,996.0,72.81
2022-07-09T21:00:00+00:00,28.2,995.2,83.3
2022-07-10T00:00:00+00:00,27.0,995.5,84.17
2022-07-10T03:00:00+00:00,28.2,996.3,78.93
2022-07-10T06:00:00+00:00,32.0,997.1,60.09
2022-07-10T09:00:00+00:00,34.0,996.5,54.02
2022-07-10T12:00:00+00:00,35.4,994.2,47.04
2022-07-10T15:00:00+00:00,34.0,995.6,55.01
2022-07-10T18:00:00+00:00,31.6,996.5,66.08
2022-07-10T21:00:00+00:00,29.4,996.9,74.96
2022-07-11T00:00:00+00:00,28.4,997.1,81.84
2022-07-11T03:00:00+00:00,30.2,997.7,75.53
2022-07-11T06:00:00+00:00,34.4,997.8,56.44
2022-07-11T09:00:00+00:00,37.8,995.5,44.35
2022-07-11T12:00:00+00:00,36.0,994.1,49.53
2022-07-11T15:00:00+00:00,28.0,996.6,92.11
2022-07-11T18:00:00+00:00,27.2,998.4,90.44
2022-07-11T21:00:00+00:00,27.4,997.7,92.08
2022-07-12T00:00:00+00:00,27.0,997.0,93.71
2022-07-12T03:00:00+00:00,28.6,998.7,86.36
2022-07-12T06:00:00+00:00,33.0,997.8,66.75
2022-07-12T09:00:00+00:00,36.2,995.4,51.71
2022-07-12T12:00:00+00:00,36.4,993.5,48.74
2022-07-12T15:00:00+00:00,34.4,994.6,54.12
2022-07-12T18:00:00+00:00,31.0,996.6,72.15
2022-07-12T21:00:00+00:00,29.2,995.0,79.07
2022-07-13T00:00:00+00:00,27.6,994.3,87.3
2022-07-13T03:00:00+00:00,28.4,995.9,80.39
2022-07-13T06:00:00+00:00,32.4,995.9,63.91
2022-07-13T09:00:00+00:00,36.6,993.5,45.94
2022-07-13T12:00:00+00:00,37.4,991.2,41.13
2022-07-13T15:00:00+00:00,34.8,991.7,49.52
2022-07-13T18:00:00+00:00,33.2,993.4,60.0
2022-07-13T21:00:00+00:00,32.0,993.0,66.16
2022-07-14T00:00:00+00:00,30.6,993.0,70.38
2022-07-14T03:00:00+00:00,32.0,994.0,66.16
2022-07-14T06:00:00+00:00,36.8,993.4,47.12
2022-07-14T09:00:00+00:00,39.6,990.0,34.98
2022-07-14T12:00:00+00:00,28.6,991.2,87.91
2022-07-14T15:00:00+00:00,27.0,993.9,84.17
2022-07-14T18:00:00+00:00,25.0,995.9,89.75
2022-07-14T21:00:00+00:00,25.6,994.0,93.09
2022-07-15T00:00:00+00:00,26.6,994.4,92.59
2022-07-15T03:00:00+00:00,28.0,995.4,87.34
2022-07-15T06:00:00+00:00,29.4,996.3,83.43
2022-07-15T09:00:00+00:00,30.6,994.6,81.15
2022-07-15T12:00:00+00:00,25.0,996.2,96.47
2022-07-15T15:00:00+00:00,26.2,995.2,92.01
2022-07-15T18:00:00+00:00,27.0,996.2,87.25
2022-07-15T21:00:00+00:00,27.0,995.4,92.06
2022-07-16T00:00:00+00:00,26.6,995.3,94.81
2022-07-16T03:00:00+00:00,27.6,995.3,90.47
2022-07-16T06:00:00+00:00,31.6,995.4,72.25
2022-07-16T09:00:00+00:00,33.4,993.5,64.88
2022-07-16T12:00:00+00:00,34.2,991.7,60.59
2022-07-16T15:00:00+00:00,28.8,994.9,81.89
2022-07-16T18:00:00+00:00,28.6,996.8,83.34
2022-07-16T21:00:00+00:00,27.0,996.1,87.25
2022-07-17T00:00:00+00:00,26.6,996.8,90.4
2022-07-17T03:00:00+00:00,28.4,997.4,86.34
2022-07-17T06:00:00+00:00,32.6,997.4,66.67
2022-07-17T09:00:00+00:00,28.4,997.4,86.34
2022-07-17T12:00:00+00:00,28.6,997.6,83.34
2022-07-17T15:00:00+00:00,27.8,998.4,88.89
2022-07-17T18:00:00+00:00,27.6,999.5,90.47
2022-07-17T21:00:00+00:00,27.4,999.2,90.46
2022-07-18T00:00:00+00:00,26.8,998.8,93.7
2022-07-18T03:00:00+00:00,27.6,1000.1,90.47
2022-07-18T06:00:00+00:00,30.4,1000.0,78.3
2022-07-18T09:00:00+00:00,33.4,997.7,61.13
2022-07-18T12:00:00+00:00,35.0,995.9,56.92
2022-07-18T15:00:00+00:00,27.6,998.3,96.54
2022-07-18T18:00:00+00:00,29.0,998.1,90.56
2022-07-18T21:00:00+00:00,28.4,997.7,87.89
2022-07-19T00:00:00+00:00,28.2,997.6,88.92
2022-07-19T03:00:00+00:00,29.0,998.3,87.94
2022-07-19T06:00:00+00:00,32.0,998.5,71.05
2022-07-19T09:00:00+00:00,35.2,997.0,55.96
2022-07-19T12:00:00+00:00,35.6,995.0,57.4
2022-07-19T15:00:00+00:00,33.2,995.8,60.0
2022-07-19T18:00:00+00:00,31.2,997.3,66.79
2022-07-19T21:00:00+00:00,29.4,996.5,77.69
2022-07-20T00:00:00+00:00,27.4,996.8,84.21
2022-07-20T03:00:00+00:00,28.6,997.9,80.41
2022-07-20T06:00:00+00:00,33.0,998.3,59.96
2022-07-20T09:00:00+00:00,35.2,996.4,49.62
2022-07-20T12:00:00+00:00,35.4,993.5,45.9
2022-07-20T15:00:00+00:00,33.0,995.0,56.45
2022-07-20T18:00:00+00:00,30.4,996.7,67.85
2022-07-20T21:00:00+00:00,28.2,995.5,83.3
2022-07-21T00:00:00+00:00,27.0,995.9,84.17
2022-07-21T03:00:00+00:00,28.6,997.3,80.41
2022-07-21T06:00:00+00:00,31.6,997.2,66.08
2022-07-21T09:00:00+00:00,35.0,995.6,53.62
2022-07-21T12:00:00+00:00,34.6,994.8,55.48
2022-07-21T15:00:00+00:00,32.2,996.5,66.2
2022-07-21T18:00:00+00:00,30.0,999.5,75.5
2022-07-21T21:00:00+00:00,28.6,1000.0,80.41
2022-07-22T00:00:00+00:00,27.6,998.8,82.73
2022-07-22T03:00:00+00:00,28.8,1001.2,76.22
2022-07-22T06:00:00+00:00,31.6,1000.2,64.9
2022-07-22T09:00:00+00:00,34.2,999.1,55.06
2022-07-22T12:00:00+00:00,34.0,997.2,60.54
2022-07-22T15:00:00+00:00,32.2,997.7,63.87
2022-07-22T18:00:00+00:00,30.6,998.8,74.26
2022-07-22T21:00:00+00:00,29.4,997.8,81.96
2022-07-23T00:00:00+00:00,28.6,997.9,87.91
2022-07-23T03:00:00+00:00,28.6,999.5,86.36
2022-07-23T06:00:00+00:00,32.4,998.6,63.91
2022-07-23T09:00:00+00:00,31.2,996.1,69.65
2022-07-23T12:00:00+00:00,27.6,995.8,92.09
2022-07-23T15:00:00+00:00,28.0,996.3,92.11
2022-07-23T18:00:00+00:00,28.0,996.8,95.42
2022-07-23T21:00:00+00:00,27.2,996.1,95.4
2022-07-24T00:00:00+00:00,26.4,996.0,93.68
2022-07-24T03:00:00+00:00,27.6,996.5,90.47
2022-07-24T06:00:00+00:00,31.6,996.7,74.86
2022-07-24T09:00:00+00:00,34.0,994.6,61.63
2022-07-24T12:00:00+00:00,33.2,993.3,62.2
2022-07-24T15:00:00+00:00,31.2,995.0,77.49
2022-07-24T18:00:00+00:00,26.4,997.4,98.24
2022-07-24T21:00:00+00:00,26.6,996.4,96.52
2022-07-25T00:00:00+00:00,27.0,996.8,95.39
2022-07-25T03:00:00+00:00,26.8,998.1,88.81
2022-07-25T06:00:00+00:00,30.0,999.1,77.32
2022-07-25T09:00:00+00:00,32.2,997.9,67.79
2022-07-25T12:00:00+00:00,27.6,1001.4,87.3
2022-07-25T15:00:00+00:00,30.6,999.1,74.26
2022-07-25T18:00:00+00:00,27.6,1001.4,87.3
2022-07-25T21:00:00+00:00,27.0,1001.1,92.06
2022-07-26T00:00:00+00:00,26.0,1001.3,93.67
2022-07-26T03:00:00+00:00,26.4,1002.2,92.02
2022-07-26T06:00:00+00:00,26.4,1003.2,98.24
2022-07-26T09:00:00+00:00,29.0,1001.2,86.4
2022-07-26T12:00:00+00:00,28.0,999.9,92.11
2022-07-26T15:00:00+00:00,27.6,1000.7,93.74
2022-07-26T18:00:00+00:00,26.6,1001.1,93.69
2022-07-26T21:00:00+00:00,26.0,1000.3,94.79
2022-07-27T00:00:00+00:00,25.4,999.8,96.48
2022-07-27T03:00:00+00:00,26.2,1001.8,93.68
2022-07-27T06:00:00+00:00,27.0,1002.5,92.06
2022-07-27T09:00:00+00:00,28.2,1000.7,87.35
2022-07-27T12:00:00+00:00,30.6,999.2,76.95
2022-07-27T15:00:00+00:00,28.0,1000.7,87.34
2022-07-27T18:00:00+00:00,27.0,1001.6,92.06
2022-07-27T21:00:00+00:00,26.8,1001.8,93.7
2022-07-28T00:00:00+00:00,26.0,1001.2,92.0
2022-07-28T03:00:00+00:00,26.2,1003.1,90.38
2022-07-28T06:00:00+00:00,28.2,1003.8,83.3
2022-07-28T09:00:00+00:00,31.0,1002.0,72.15
2022-07-28T12:00:00+00:00,31.6,1000.5,66.08
2022-07-28T15:00:00+00:00,29.6,1002.2,75.44
2022-07-28T18:00:00+00:00,28.0,1003.1,83.27
2022-07-28T21:00:00+00:00,26.8,1001.9,88.81
2022-07-29T00:00:00+00:00,25.8,1002.0,91.99
2022-07-29T06:00:00+00:00,31.6,1002.8,57.5
2022-07-29T09:00:00+00:00,33.0,1000.9,57.48
2022-07-29T12:00:00+00:00,32.4,999.2,63.91
2022-07-29T15:00:00+00:00,30.0,1000.8,74.16
2022-07-29T18:00:00+00:00,28.2,1001.3,80.36
2022-07-29T21:00:00+00:00,27.2,1000.9,84.19
2022-07-30T00:00:00+00:00,26.4,1000.4,88.78
2022-07-30T03:00:00+00:00,26.6,1001.4,87.21
2022-07-30T06:00:00+00:00,31.2,1000.9,66.79
2022-07-30T09:00:00+00:00,34.6,999.2,53.2
2022-07-30T12:00:00+00:00,33.6,997.3,56.93
2022-07-30T15:00:00+00:00,31.0,998.2,69.2
2022-07-30T18:00:00+00:00,29.0,998.7,83.39
2022-07-30T21:00:00+00:00,27.6,998.1,84.23
2022-07-31T00:00:00+00:00,26.8,997.4,85.68
2022-07-31T06:00:00+00:00,31.6,997.4,68.49
2022-07-31T09:00:00+00:00,34.4,996.0,59.56
2022-07-31T12:00:00+00:00,33.8,994.2,60.5
2022-07-31T15:00:00+00:00,31.6,995.2,70.98
2022-07-31T18:00:00+00:00,29.4,997.0,81.96
2022-07-31T21:00:00+00:00,27.6,996.9,87.3
2022-08-01T00:00:00+00:00,27.2,996.9,87.27
2022-08-01T03:00:00+00:00,28.0,998.7,84.78
2022-08-01T06:00:00+00:00,31.0,998.7,72.15
2022-08-01T09:00:00+00:00,31.6,997.8,70.98
2022-08-01T12:00:00+00:00,32.4,996.4,67.83
2022-08-01T15:00:00+00:00,30.4,997.4,76.92
2022-08-01T18:00:00+00:00,29.0,998.2,83.39
2022-08-01T21:00:00+00:00,27.8,997.8,88.89
2022-08-02T00:00:00+00:00,27.0,997.8,90.43
2022-08-02T03:00:00+00:00,28.4,999.1,81.84
2022-08-02T06:00:00+00:00,30.6,998.8,72.94
2022-08-02T09:00:00+00:00,34.6,997.2,58.9
2022-08-02T12:00:00+00:00,35.4,995.4,57.02
2022-08-02T15:00:00+00:00,32.6,996.9,65.49
2022-08-02T18:00:00+00:00,30.6,998.1,74.26
2022-08-02T21:00:00+00:00,28.8,998.2,87.92
2022-08-03T00:00:00+00:00,27.0,998.2,92.06
2022-08-03T03:00:00+00:00,28.4,999.9,80.39
2022-08-03T06:00:00+00:00,36.0,998.2,49.53
2022-08-03T09:00:00+00:00,36.0,998.2,49.53
2022-08-03T12:00:00+00:00,36.4,996.6,50.84
2022-08-03T15:00:00+00:00,33.6,997.6,56.59
2022-08-03T18:00:00+00:00,31.4,1000.2,67.23
2022-08-03T21:00:00+00:00,30.0,998.6,71.54
2022-08-04T00:00:00+00:00,27.8,998.9,88.89
2022-08-04T03:00:00+00:00,29.6,1000.4,81.99
2022-08-04T06:00:00+00:00,34.8,999.8,54.54
2022-08-04T09:00:00+00:00,37.6,997.4,48.76
2022-08-04T12:00:00+00:00,37.8,995.5,49.1
2022-08-04T15:00:00+00:00,29.0,998.7,81.91
2022-08-04T18:00:00+00:00,29.0,998.3,80.47
2022-08-04T21:00:00+00:00,29.0,997.8,77.64
2022-08-05T00:00:00+00:00,28.8,998.1,74.86
2022-08-05T03:00:00+00:00,29.2,998.9,79.07
2022-08-05T06:00:00+00:00,34.6,998.1,58.9
2022-08-05T09:00:00+00:00,37.0,994.8,49.19
2022-08-05T12:00:00+00:00,33.2,993.2,64.46
2022-08-05T15:00:00+00:00,30.8,995.1,79.75
2022-08-05T18:00:00+00:00,25.8,998.0,91.99
2022-08-05T21:00:00+00:00,25.2,996.9,96.48
2022-08-06T00:00:00+00:00,25.6,995.7,98.23
2022-08-06T03:00:00+00:00,26.8,997.3,90.42
2022-08-06T06:00:00+00:00,31.2,997.2,76.14
2022-08-06T09:00:00+00:00,34.0,995.0,60.54
2022-08-06T12:00:00+00:00,35.0,992.4,56.92
2022-08-06T15:00:00+00:00,30.6,994.4,72.94
2022-08-06T18:00:00+00:00,28.8,995.6,84.86
2022-08-06T21:00:00+00:00,28.6,994.5,86.36
2022-08-07T00:00:00+00:00,27.8,994.9,87.32
2022-08-07T03:00:00+00:00,29.2,995.9,81.94
2022-08-07T06:00:00+00:00,34.0,995.5,60.54
2022-08-07T09:00:00+00:00,36.2,993.9,53.59
2022-08-07T12:00:00+00:00,31.8,993.0,71.01
2022-08-07T15:00:00+00:00,32.4,994.8,72.82
2022-08-07T18:00:00+00:00,30.0,995.4,81.07
2022-08-07T21:00:00+00:00,30.0,994.6,81.07
2022-08-08T00:00:00+00:00,29.2,994.6,86.42
2022-08-08T03:00:00+00:00,30.4,995.6,82.57
2022-08-08T06:00:00+00:00,35.4,994.9,58.39
2022-08-08T09:00:00+00:00,27.6,994.7,95.41
2022-08-08T12:00:00+00:00,27.4,993.4,92.08
2022-08-08T15:00:00+00:00,27.0,994.8,95.39
2022-08-08T18:00:00+00:00,27.0,994.8,95.39
2022-08-08T21:00:00+00:00,27.0,994.9,95.39
2022-08-09T00:00:00+00:00,26.8,994.9,93.7
2022-08-09T03:00:00+00:00,28.6,996.1,86.36
2022-08-09T06:00:00+00:00,32.6,995.6,71.58
2022-08-09T09:00:00+00:00,32.0,994.2,66.16
2022-08-09T12:00:00+00:00,35.6,991.7,56.39
2022-08-09T15:00:00+00:00,33.4,993.0,66.05
2022-08-09T18:00:00+00:00,27.6,995.1,95.41
2022-08-09T21:00:00+00:00,27.6,993.3,92.09
2022-08-10T00:00:00+00:00,27.4,993.1,95.4
2022-08-10T03:00:00+00:00,29.0,993.9,87.94
2022-08-10T06:00:00+00:00,33.6,993.3,69.68
2022-08-10T09:00:00+00:00,35.6,991.6,58.43
2022-08-10T12:00:00+00:00,36.0,990.1,54.51
2022-08-10T21:00:00+00:00,30.2,991.4,77.35
2022-08-11T00:00:00+00:00,29.6,991.9,76.8
2022-08-11T03:00:00+00:00,30.4,992.6,72.91
2022-08-11T06:00:00+00:00,33.0,993.8,62.15
2022-08-11T09:00:00+00:00,36.0,991.5,51.35
2022-08-11T12:00:00+00:00,35.6,991.0,50.94
2022-08-11T15:00:00+00:00,32.8,992.4,61.0
2022-08-11T18:00:00+00:00,31.2,994.0,68.41
2022-08-11T21:00:00+00:00,29.6,993.0,74.1
2022-08-12T00:00:00+00:00,29.0,993.9,77.64
2022-08-12T03:00:00+00:00,29.0,995.4,79.04
2022-08-12T06:00:00+00:00,32.4,995.3,66.63
2022-08-12T09:00:00+00:00,32.6,993.7,66.67
2022-08-12T12:00:00+00:00,34.0,992.4,57.37
2022-08-12T15:00:00+00:00,32.0,994.0,64.98
2022-08-12T18:00:00+00:00,30.4,995.3,75.56
2022-08-12T21:00:00+00:00,28.6,995.1,83.34
2022-08-13T00:00:00+00:00,27.2,994.3,93.72
2022-08-13T06:00:00+00:00,29.2,995.2,80.49
2022-08-13T09:00:00+00:00,29.2,994.1,81.94
2022-08-13T12:00:00+00:00,27.0,993.6,87.25
2022-08-13T15:00:00+00:00,26.2,995.3,88.76
2022-08-13T18:00:00+00:00,26.4,996.5,87.2
2022-08-13T21:00:00+00:00,26.0,996.1,88.75
2022-08-14T00:00:00+00:00,25.4,996.4,91.42
2022-08-14T03:00:00+00:00,26.2,998.2,85.62
2022-08-14T06:00:00+00:00,29.4,998.5,71.01
2022-08-14T09:00:00+00:00,29.6,997.9,71.05
2022-08-14T12:00:00+00:00,31.8,996.4,66.12
2022-08-14T15:00:00+00:00,27.6,998.3,90.47
2022-08-14T18:00:00+00:00,27.4,999.2,84.21
2022-08-14T21:00:00+00:00,27.0,999.1,88.83
2022-08-15T00:00:00+00:00,26.2,998.2,90.38
2022-08-15T03:00:00+00:00,27.0,999.9,87.25
2022-08-15T06:00:00+00:00,30.6,1000.9,70.38
2022-08-15T09:00:00+00:00,33.4,999.3,58.98
2022-08-15T12:00:00+00:00,33.0,997.8,59.96
2022-08-15T15:00:00+00:00,31.0,998.4,69.2
2022-08-15T18:00:00+00:00,30.0,999.6,74.16
2022-08-15T21:00:00+00:00,29.6,998.2,75.44
2022-08-16T00:00:00+00:00,28.8,998.8,83.36
2022-08-16T03:00:00+00:00,29.6,998.3,78.19
2022-08-16T06:00:00+00:00,33.6,997.5,56.93
2022-08-16T09:00:00+00:00,35.0,994.3,51.72
2022-08-16T12:00:00+00:00,35.2,992.3,47.85
2022-08-16T18:00:00+00:00,27.6,995.7,82.73
2022-08-17T00:00:00+00:00,27.0,993.4,85.7
2022-08-17T03:00:00+00:00,26.4,994.2,92.02
2022-08-17T06:00:00+00:00,27.6,993.9,87.3
2022-08-17T09:00:00+00:00,27.4,992.5,95.4
2022-08-17T12:00:00+00:00,26.0,991.7,98.24
2022-08-17T15:00:00+00:00,25.8,992.9,98.23
2022-08-17T18:00:00+00:00,25.6,993.5,94.78
2022-08-17T21:00:00+00:00,25.2,992.3,96.48
2022-08-18T00:00:00+00:00,25.0,992.1,96.47
2022-08-18T03:00:00+00:00,25.4,991.5,96.48
2022-08-18T06:00:00+00:00,25.6,993.6,98.23
2022-08-18T09:00:00+00:00,25.6,993.7,94.78
2022-08-18T12:00:00+00:00,25.4,994.1,96.48
2022-08-18T15:00:00+00:00,25.2,996.0,93.07
2022-08-18T18:00:00+00:00,25.6,996.8,93.09
2022-08-18T21:00:00+00:00,25.6,995.8,91.43
2022-08-19T00:00:00+00:00,25.0,996.5,93.06
2022-08-19T03:00:00+00:00,25.0,998.2,94.75
2022-08-19T06:00:00+00:00,28.6,998.9,77.58
2022-08-19T09:00:00+00:00,30.6,998.3,70.38
2022-08-19T12:00:00+00:00,30.2,997.0,69.05
2022-08-19T15:00:00+00:00,27.6,998.4,79.8
2022-08-19T18:00:00+00:00,26.6,999.5,87.21
2022-08-20T00:00:00+00:00,25.4,998.8,88.17
2022-08-20T03:00:00+00:00,26.2,999.5,85.62
2022-08-20T06:00:00+00:00,26.2,1000.7,88.76
2022-08-20T09:00:00+00:00,26.4,999.5,94.81
2022-08-20T12:00:00+00:00,26.6,998.0,93.69
2022-08-20T15:00:00+00:00,25.2,999.3,93.07
2022-08-20T18:00:00+00:00,25.6,1000.0,96.49
2022-08-20T21:00:00+00:00,25.6,999.1,94.78
2022-08-21T00:00:00+00:00,25.2,998.6,93.07
2022-08-21T03:00:00+00:00,26.0,1000.0,90.36
2022-08-21T06:00:00+00:00,29.0,1000.3,73.55
2022-08-21T09:00:00+00:00,31.2,997.8,61.01
2022-08-21T12:00:00+00:00,29.6,997.6,71.05
2022-08-21T15:00:00+00:00,26.8,998.6,82.64
2022-08-21T18:00:00+00:00,26.2,999.2,88.76
2022-08-21T21:00:00+00:00,26.2,997.0,90.38
2022-08-22T00:00:00+00:00,25.6,996.4,96.49
2022-08-22T03:00:00+00:00,25.6,996.9,96.49
2022-08-22T06:00:00+00:00,27.4,997.7,82.71
2022-08-22T09:00:00+00:00,28.4,995.6,77.55
2022-08-22T12:00:00+00:00,28.4,995.1,77.55
2022-08-22T15:00:00+00:00,26.6,996.2,87.21
2022-08-22T18:00:00+00:00,26.0,997.1,90.36
2022-08-22T21:00:00+00:00,25.6,995.9,91.43
2022-08-23T00:00:00+00:00,25.6,995.5,94.78
2022-08-23T03:00:00+00:00,26.4,996.5,84.1
2022-08-23T06:00:00+00:00,30.6,996.2,78.33
2022-08-23T09:00:00+00:00,33.6,993.4,60.09
2022-08-23T12:00:00+00:00,26.8,994.7,96.52
2022-08-23T15:00:00+00:00,26.6,995.1,96.52
2022-08-23T18:00:00+00:00,25.2,996.3,98.23
2022-08-23T21:00:00+00:00,26.0,994.9,96.5
2022-08-24T00:00:00+00:00,25.4,994.6,98.23
2022-08-24T03:00:00+00:00,26.2,996.0,96.51
2022-08-24T06:00:00+00:00,28.0,996.4,87.34
2022-08-24T09:00:00+00:00,30.6,995.0,72.94
2022-08-24T12:00:00+00:00,28.0,995.0,90.5
2022-08-24T15:00:00+00:00,26.4,996.4,92.02
2022-08-24T18:00:00+00:00,25.2,996.5,98.23
2022-08-24T21:00:00+00:00,25.2,996.9,98.23
2022-08-25T00:00:00+00:00,25.0,997.5,98.22
2022-08-25T03:00:00+00:00,25.4,999.2,93.08
2022-08-25T06:00:00+00:00,28.2,999.7,78.93
2022-08-25T09:00:00+00:00,27.6,999.0,79.8
2022-08-25T12:00:00+00:00,27.0,998.6,79.72
2022-08-25T15:00:00+00:00,26.2,1000.2,84.08
2022-08-25T18:00:00+00:00,25.2,1000.9,86.56
2022-08-25T21:00:00+00:00,24.8,1000.4,91.38
2022-08-26T00:00:00+00:00,24.4,1000.8,91.35
2022-08-26T03:00:00+00:00,25.6,1001.9,90.33
2022-08-26T06:00:00+00:00,29.0,1002.6,72.23
2022-08-26T09:00:00+00:00,30.4,1001.8,65.04
2022-08-26T15:00:00+00:00,28.4,1001.5,74.8
2022-08-26T18:00:00+00:00,26.2,1002.4,87.18
2022-08-26T21:00:00+00:00,25.2,1001.9,89.76
2022-08-27T00:00:00+00:00,24.6,1001.8,93.04
2022-08-27T03:00:00+00:00,26.0,1002.7,87.16
2022-08-27T06:00:00+00:00,29.6,1002.7,67.28
2022-08-27T09:00:00+00:00,32.4,1001.3,54.95
2022-08-27T12:00:00+00:00,31.8,999.7,55.48
2022-08-27T15:00:00+00:00,28.4,1001.1,71.69
2022-08-27T18:00:00+00:00,27.2,1002.0,82.68
2022-08-27T21:00:00+00:00,25.8,1001.4,91.99
2022-08-28T00:00:00+00:00,25.4,1001.1,91.42
2022-08-28T03:00:00+00:00,26.4,1001.7,84.1
2022-08-28T06:00:00+00:00,31.0,1001.8,61.71
2022-08-28T09:00:00+00:00,32.0,1000.5,59.01
2022-08-28T12:00:00+00:00,32.0,999.5,59.01
2022-08-28T15:00:00+00:00,29.4,1000.7,72.3
2022-08-28T18:00:00+00:00,27.4,1001.8,84.21
2022-08-28T21:00:00+00:00,26.2,1002.0,90.38
2022-08-29T00:00:00+00:00,25.6,1002.6,94.78
2022-08-29T03:00:00+00:00,26.8,1004.8,85.68
2022-08-29T06:00:00+00:00,31.0,1005.7,65.56
2022-08-29T09:00:00+00:00,33.0,1004.2,57.48
2022-08-29T12:00:00+00:00,33.4,1002.8,56.89
2022-08-29T15:00:00+00:00,29.6,1004.5,71.05
2022-08-29T18:00:00+00:00,27.8,1005.4,81.28
2022-08-29T21:00:00+00:00,26.6,1004.9,87.21
2022-08-30T00:00:00+00:00,25.6,1005.0,93.09
2022-08-30T03:00:00+00:00,27.6,1006.4,87.3
2022-08-30T06:00:00+00:00,32.4,1007.0,60.55
2022-08-30T09:00:00+00:00,35.0,1005.0,51.72
2022-08-30T12:00:00+00:00,34.0,1003.6,56.01
2022-08-30T15:00:00+00:00,31.0,1005.3,66.75
2022-08-30T18:00:00+00:00,29.4,1005.4,71.01
2022-08-30T21:00:00+00:00,28.0,1003.6,77.02
2022-08-31T00:00:00+00:00,26.6,1003.5,87.21
2022-08-31T03:00:00+00:00,28.4,1004.9,80.39
2022-08-31T06:00:00+00:00,33.4,1005.0,57.92
2022-08-31T09:00:00+00:00,35.4,1002.6,49.98
2022-08-31T12:00:00+00:00,34.2,1001.1,55.06
2022-08-31T15:00:00+00:00,31.6,1002.0,62.22
2022-08-31T18:00:00+00:00,28.8,1002.8,74.86
2022-08-31T21:00:00+00:00,27.2,1001.8,85.71
2022-09-01T00:00:00+00:00,26.4,1002.2,88.78
2022-09-01T06:00:00+00:00,32.2,1003.7,58.0
2022-09-01T09:00:00+00:00,35.0,1001.9,46.65
2022-09-01T12:00:00+00:00,33.4,1001.3,55.53
2022-09-01T15:00:00+00:00,30.2,1002.4,70.3
2022-09-01T18:00:00+00:00,27.6,1003.4,79.8
2022-09-01T21:00:00+00:00,26.6,1003.1,87.21
2022-09-02T00:00:00+00:00,26.0,1003.8,94.79
2022-09-02T03:00:00+00:00,27.4,1005.3,85.73
2022-09-02T06:00:00+00:00,32.0,1005.5,62.68
2022-09-02T09:00:00+00:00,35.0,1003.5,43.6
2022-09-02T12:00:00+00:00,34.4,1002.8,46.49
2022-09-02T15:00:00+00:00,31.6,1003.4,57.5
2022-09-02T18:00:00+00:00,28.4,1004.4,71.69
2022-09-02T21:00:00+00:00,27.6,1003.9,76.96
2022-09-03T00:00:00+00:00,26.0,1003.1,88.75
2022-09-03T03:00:00+00:00,27.6,1003.8,76.96
2022-09-03T06:00:00+00:00,32.8,1003.1,55.05
2022-09-03T09:00:00+00:00,36.0,1000.3,46.34
2022-09-03T12:00:00+00:00,34.6,998.9,53.52
2022-09-03T15:00:00+00:00,30.4,1000.0,69.09
2022-09-03T18:00:00+00:00,28.0,1000.6,81.79
2022-09-03T21:00:00+00:00,26.2,999.2,88.76
2022-09-04T00:00:00+00:00,25.8,998.6,88.73
2022-09-04T03:00:00+00:00,27.0,1000.0,84.17
2022-09-04T06:00:00+00:00,31.0,999.6,67.97
2022-09-04T09:00:00+00:00,34.0,997.9,59.47
2022-09-04T12:00:00+00:00,33.0,997.3,63.28
2022-09-04T15:00:00+00:00,29.6,998.6,74.1
2022-09-04T18:00:00+00:00,27.0,1000.2,84.17
2022-09-04T21:00:00+00:00,25.6,1000.5,90.33
2022-09-05T00:00:00+00:00,25.0,999.7,91.39
2022-09-05T03:00:00+00:00,26.6,1001.8,81.13
2022-09-05T06:00:00+00:00,31.0,1002.2,64.38
2022-09-05T09:00:00+00:00,33.8,1000.2,55.96
2022-09-05T12:00:00+00:00,33.0,999.2,57.48
2022-09-05T15:00:00+00:00,29.6,1000.8,69.77
2022-09-05T18:00:00+00:00,27.6,1001.5,79.8
2022-09-05T21:00:00+00:00,26.0,1001.6,88.75
2022-09-06T00:00:00+00:00,25.0,1002.3,93.06
2022-09-06T03:00:00+00:00,26.0,1004.4,90.36
2022-09-06T06:00:00+00:00,32.0,1004.3,56.56
2022-09-06T09:00:00+00:00,34.0,1002.6,48.72
2022-09-06T12:00:00+00:00,33.6,1001.8,50.43
2022-09-06T15:00:00+00:00,30.4,1003.2,65.04
2022-09-06T18:00:00+00:00,27.6,1003.8,72.87
2022-09-06T21:00:00+00:00,26.2,1003.6,77.7
2022-09-07T00:00:00+00:00,25.4,1004.1,81.97
2022-09-07T03:00:00+00:00,27.6,1006.6,85.75
2022-09-07T06:00:00+00:00,34.0,1005.5,52.73
2022-09-07T09:00:00+00:00,36.6,1003.6,45.11
2022-09-07T12:00:00+00:00,35.8,1002.7,45.45
2022-09-07T15:00:00+00:00,32.0,1004.1,55.53
2022-09-07T18:00:00+00:00,29.6,1005.7,67.28
2022-09-07T21:00:00+00:00,28.8,1005.0,72.2
2022-09-08T00:00:00+00:00,27.4,1005.0,74.18
2022-09-08T03:00:00+00:00,29.0,1006.2,70.94
2022-09-08T06:00:00+00:00,35.0,1005.9,48.68
2022-09-08T09:00:00+00:00,37.8,1003.7,40.74
2022-09-08T12:00:00+00:00,37.6,1002.1,38.74
2022-09-08T15:00:00+00:00,33.6,1003.1,49.21
2022-09-08T18:00:00+00:00,31.2,1004.5,59.55
2022-09-08T21:00:00+00:00,30.2,1003.1,63.83
2022-09-09T00:00:00+00:00,29.0,1003.2,70.94
2022-09-09T03:00:00+00:00,30.4,1004.8,67.85
2022-09-09T06:00:00+00:00,37.4,1004.4,44.78
2022-09-09T09:00:00+00:00,39.4,1004.8,38.75
2022-09-09T12:00:00+00:00,39.0,999.6,40.08
2022-09-09T15:00:00+00:00,34.6,999.5,51.31
2022-09-09T18:00:00+00:00,33.6,1002.1,53.6
2022-09-10T00:00:00+00:00,29.6,1001.7,75.44
2022-09-10T03:00:00+00:00,31.4,1002.8,68.45
2022-09-10T06:00:00+00:00,38.6,1002.3,40.7
2022-09-10T09:00:00+00:00,40.0,999.7,36.84
2022-09-10T12:00:00+00:00,39.0,996.9,40.08
2022-09-10T15:00:00+00:00,35.4,999.4,51.82
2022-09-10T18:00:00+00:00,33.2,1000.9,58.93
2022-09-10T21:00:00+00:00,30.0,1000.5,70.27
2022-09-11T00:00:00+00:00,28.0,1000.4,81.79
2022-09-11T03:00:00+00:00,29.4,1000.9,74.96
2022-09-11T06:00:00+00:00,35.0,1000.0,56.92
2022-09-11T09:00:00+00:00,38.0,997.5,41.79
2022-09-11T12:00:00+00:00,38.4,994.8,38.72
2022-09-11T15:00:00+00:00,34.2,997.6,50.89
2022-09-11T18:00:00+00:00,30.0,999.8,71.54
2022-09-11T21:00:00+00:00,28.6,998.3,77.58
2022-09-12T00:00:00+00:00,27.4,998.2,81.23
2022-09-12T03:00:00+00:00,28.8,999.8,76.22
2022-09-12T06:00:00+00:00,35.0,999.2,56.92
2022-09-12T09:00:00+00:00,37.0,997.6,52.21
2022-09-12T12:00:00+00:00,36.6,995.9,49.98
2022-09-12T15:00:00+00:00,30.2,998.6,57.53
2022-09-12T18:00:00+00:00,30.0,999.9,64.96
2022-09-12T21:00:00+00:00,29.0,999.4,70.94
2022-09-13T00:00:00+00:00,28.4,999.1,71.69
2022-09-13T03:00:00+00:00,29.6,999.7,74.1
2022-09-13T06:00:00+00:00,34.8,999.0,56.88
2022-09-13T09:00:00+00:00,38.0,997.7,41.79
2022-09-13T12:00:00+00:00,37.0,996.1,34.71
2022-09-13T15:00:00+00:00,32.2,999.0,47.95
2022-09-13T18:00:00+00:00,31.2,1000.1,57.41
2022-09-13T21:00:00+00:00,30.2,999.3,58.96
2022-09-14T00:00:00+00:00,29.6,999.6,64.48
2022-09-14T03:00:00+00:00,30.4,1001.3,68.67
2022-09-14T06:00:00+00:00,35.4,1001.0,48.78
2022-09-14T12:00:00+00:00,33.0,997.6,52.16
2022-09-14T15:00:00+00:00,32.0,999.5,57.95
2022-09-14T18:00:00+00:00,30.0,1000.7,63.79
2022-09-14T21:00:00+00:00,29.2,1000.4,65.59
2022-09-15T00:00:00+00:00,27.8,999.4,72.91
2022-09-15T03:00:00+00:00,29.2,1000.3,72.27
2022-09-15T06:00:00+00:00,35.6,1000.3,46.24
2022-09-15T09:00:00+00:00,37.6,997.9,34.44
2022-09-15T12:00:00+00:00,37.0,996.9,34.71
2022-09-15T15:00:00+00:00,32.6,998.0,49.56
2022-09-15T18:00:00+00:00,29.6,999.3,60.66
2022-09-15T21:00:00+00:00,27.8,998.0,85.77
2022-09-16T00:00:00+00:00,26.2,996.9,88.76
2022-09-16T03:00:00+00:00,26.8,998.9,81.15
2022-09-16T06:00:00+00:00,33.4,998.2,53.55
2022-09-16T09:00:00+00:00,37.0,995.4,39.05
2022-09-16T12:00:00+00:00,35.0,994.6,46.65
2022-09-16T15:00:00+00:00,30.0,996.8,64.96
2022-09-16T18:00:00+00:00,27.6,997.2,76.96
2022-09-17T00:00:00+00:00,24.8,997.2,88.12
2022-09-17T03:00:00+00:00,26.2,999.1,81.08
2022-09-17T06:00:00+00:00,32.0,999.7,54.52
2022-09-17T09:00:00+00:00,35.4,998.3,42.12
2022-09-17T12:00:00+00:00,34.2,998.5,43.66
2022-09-17T15:00:00+00:00,30.4,1000.5,56.52
2022-09-17T18:00:00+00:00,28.2,1002.3,69.09
2022-09-17T21:00:00+00:00,26.2,1002.2,82.57
2022-09-18T00:00:00+00:00,25.0,1003.4,86.54
2022-09-18T03:00:00+00:00,26.0,1005.7,87.16
2022-09-18T06:00:00+00:00,32.4,1005.1,50.44
2022-09-18T09:00:00+00:00,35.2,1003.1,39.05
2022-09-18T12:00:00+00:00,35.4,1002.3,37.43
2022-09-18T15:00:00+00:00,31.6,1003.1,48.39
2022-09-18T18:00:00+00:00,28.2,1004.1,63.79
2022-09-18T21:00:00+00:00,26.4,1004.1,73.56
2022-09-19T00:00:00+00:00,25.2,1004.2,80.46
2022-09-19T03:00:00+00:00,26.4,1004.5,76.32
2022-09-19T06:00:00+00:00,33.0,1004.7,44.71
2022-09-19T09:00:00+00:00,36.6,1002.6,29.16
2022-09-19T12:00:00+00:00,36.4,1001.4,32.23
2022-09-19T15:00:00+00:00,31.6,1002.8,44.06
2022-09-19T18:00:00+00:00,28.2,1003.6,62.24
2022-09-19T21:00:00+00:00,26.6,1003.5,73.6
2022-09-20T00:00:00+00:00,24.6,1003.4,81.87
2022-09-20T03:00:00+00:00,25.8,1004.2,77.64
2022-09-20T06:00:00+00:00,33.6,1003.9,37.18
2022-09-20T09:00:00+00:00,38.2,1001.7,24.74
2022-09-20T12:00:00+00:00,37.0,1000.3,24.12
2022-09-20T15:00:00+00:00,30.6,1002.3,41.88
2022-09-20T18:00:00+00:00,28.2,1003.2,69.09
2022-09-20T21:00:00+00:00,26.4,1003.5,79.64
2022-09-21T00:00:00+00:00,24.4,1002.6,91.35
2022-09-21T03:00:00+00:00,25.4,1004.7,85.02
2022-09-21T06:00:00+00:00,33.4,1003.9,41.07
2022-09-21T09:00:00+00:00,37.2,1001.3,26.64
2022-09-21T12:00:00+00:00,37.0,1000.1,24.12
2022-09-21T15:00:00+00:00,31.4,1001.6,36.57
2022-09-21T21:00:00+00:00,26.6,1001.9,87.21
2022-09-22T00:00:00+00:00,25.0,1001.9,91.39
2022-09-22T03:00:00+00:00,26.0,1003.9,84.06
2022-09-22T06:00:00+00:00,33.6,1003.5,44.04
2022-09-22T09:00:00+00:00,37.0,1000.7,30.41
2022-09-22T12:00:00+00:00,37.0,999.6,30.41
2022-09-22T15:00:00+00:00,33.2,1000.9,34.78
2022-09-22T18:00:00+00:00,30.6,1002.2,46.35
2022-09-22T21:00:00+00:00,27.6,1001.7,85.75
2022-09-23T00:00:00+00:00,25.6,1001.6,91.98
2022-09-23T03:00:00+00:00,26.2,1002.6,82.57
2022-09-23T06:00:00+00:00,33.6,1002.1,43.23
2022-09-23T09:00:00+00:00,37.6,999.3,28.69
2022-09-23T12:00:00+00:00,37.2,997.8,27.51
2022-09-23T15:00:00+00:00,33.6,999.6,39.11
2022-09-23T18:00:00+00:00,28.6,1000.8,77.58
2022-09-23T21:00:00+00:00,27.0,1000.6,84.17
2022-09-24T00:00:00+00:00,24.7,1000.6,88.64
2022-09-24T03:00:00+00:00,25.4,1002.3,83.48
2022-09-24T06:00:00+00:00,33.2,1001.1,51.26
2022-09-24T09:00:00+00:00,36.4,998.8,38.41
2022-09-24T12:00:00+00:00,35.0,997.8,41.76
2022-09-24T15:00:00+00:00,30.4,999.4,59.0
2022-09-24T18:00:00+00:00,27.4,1000.1,72.84
2022-09-24T21:00:00+00:00,26.0,998.4,85.6
2022-09-25T00:00:00+00:00,24.4,999.7,88.08
2022-09-25T03:00:00+00:00,25.6,1001.9,77.61
2022-09-25T06:00:00+00:00,31.0,1002.0,55.97
2022-09-25T09:00:00+00:00,34.4,1000.7,45.08
2022-09-25T12:00:00+00:00,33.8,1000.5,45.48
2022-09-25T15:00:00+00:00,30.0,1002.5,55.04
2022-09-25T18:00:00+00:00,27.6,1004.2,65.66
2022-09-25T21:00:00+00:00,26.2,1004.0,74.9
2022-09-26T00:00:00+00:00,24.0,1005.0,93.01
2022-09-26T03:00:00+00:00,25.4,1008.3,86.58
2022-09-26T06:00:00+00:00,31.6,1007.9,53.1
2022-09-26T09:00:00+00:00,34.0,1005.7,42.54
2022-09-26T12:00:00+00:00,34.0,1004.4,37.76
2022-09-26T15:00:00+00:00,29.4,1005.5,52.22
2022-09-26T18:00:00+00:00,27.2,1006.2,57.53
2022-09-26T21:00:00+00:00,25.0,1005.2,71.08
2022-09-27T00:00:00+00:00,24.6,1005.2,78.42
2022-09-27T03:00:00+00:00,26.0,1006.3,79.1
2022-09-27T06:00:00+00:00,33.0,1005.9,44.71
2022-09-27T09:00:00+00:00,36.0,1003.2,34.44
2022-09-27T12:00:00+00:00,35.0,1002.4,35.05
2022-09-27T15:00:00+00:00,30.6,1004.1,42.96
2022-09-28T03:00:00+00:00,26.0,1005.3,79.1
2022-09-28T06:00:00+00:00,34.0,1004.7,37.76
2022-09-28T09:00:00+00:00,36.8,1002.2,30.36
2022-09-28T12:00:00+00:00,36.0,1001.3,33.58
2022-09-28T15:00:00+00:00,30.6,1002.5,46.35
2022-09-28T18:00:00+00:00,28.6,1003.6,56.09
2022-09-28T21:00:00+00:00,26.4,1003.4,77.72
2022-09-29T00:00:00+00:00,25.0,1003.4,88.13
2022-09-29T03:00:00+00:00,26.6,1005.0,79.67
2022-09-29T06:00:00+00:00,34.4,1004.4,42.91
2022-09-29T09:00:00+00:00,25.0,1003.4,88.13
2022-09-29T12:00:00+00:00,36.2,1001.5,29.62
2022-09-29T15:00:00+00:00,30.6,1002.7,43.79
2022-09-29T18:00:00+00:00,29.2,1003.9,59.09
2022-09-29T21:00:00+00:00,26.6,1004.1,79.67
2022-09-30T00:00:00+00:00,25.4,1004.2,86.58
2022-09-30T03:00:00+00:00,26.4,1005.7,81.1
2022-09-30T06:00:00+00:00,34.6,1004.8,31.95
2022-09-30T09:00:00+00:00,37.0,1002.7,26.41
2022-09-30T12:00:00+00:00,36.6,1001.6,31.68
2022-09-30T15:00:00+00:00,32.0,1003.2,35.35
2022-09-30T18:00:00+00:00,28.4,1004.1,50.99
2022-09-30T21:00:00+00:00,26.2,1004.0,69.13
2022-10-01T00:00:00+00:00,24.2,1004.0,81.32
2022-10-01T03:00:00+00:00,26.0,1005.2,67.4
2022-10-01T06:00:00+00:00,35.0,994.4,23.92
2022-10-01T09:00:00+00:00,37.6,1001.8,24.91
2022-10-01T12:00:00+00:00,35.6,1000.9,27.98
2022-10-01T15:00:00+00:00,30.0,1002.1,43.62
2022-10-01T18:00:00+00:00,28.0,1003.3,66.15
2022-10-01T21:00:00+00:00,26.0,1003.1,76.25
2022-10-02T00:00:00+00:00,24.2,1003.4,89.69
2022-10-02T03:00:00+00:00,25.8,1005.2,85.58
2022-10-02T06:00:00+00:00,33.0,1004.6,49.97
2022-10-02T09:00:00+00:00,35.0,1002.6,38.75
2022-10-02T12:00:00+00:00,33.8,1002.3,41.43
2022-10-02T15:00:00+00:00,29.6,1003.8,52.27
2022-10-02T18:00:00+00:00,27.6,1004.7,63.27
2022-10-02T21:00:00+00:00,26.0,1004.7,76.25
2022-10-03T00:00:00+00:00,24.6,1005.2,88.1
2022-10-03T03:00:00+00:00,26.6,1007.0,79.67
2022-10-03T06:00:00+00:00,33.2,1006.7,43.66
2022-10-03T09:00:00+00:00,35.8,1004.3,32.48
2022-10-03T12:00:00+00:00,34.8,1003.8,28.68
2022-10-03T15:00:00+00:00,29.0,1005.5,45.63
2022-10-03T18:00:00+00:00,26.2,1006.2,50.1
2022-10-03T21:00:00+00:00,25.4,1006.4,68.55
2022-10-04T00:00:00+00:00,24.8,1006.9,86.52
2022-10-04T03:00:00+00:00,26.6,1008.1,79.67
2022-10-04T06:00:00+00:00,33.0,1008.2,46.7
2022-10-04T09:00:00+00:00,36.4,1005.6,32.23
2022-10-04T12:00:00+00:00,36.0,1005.0,30.92
2022-10-04T15:00:00+00:00,31.0,1006.7,44.45
2022-10-04T18:00:00+00:00,29.0,1006.9,43.35
2022-10-04T21:00:00+00:00,27.5,1006.3,48.54
2022-10-05T00:00:00+00:00,24.6,1006.3,60.65
2022-10-05T03:00:00+00:00,27.8,1007.3,67.34
2022-10-05T06:00:00+00:00,33.6,1006.9,44.04
2022-10-05T09:00:00+00:00,37.0,1003.6,25.57
2022-10-05T12:00:00+00:00,36.8,1002.3,27.05
2022-10-05T15:00:00+00:00,30.6,1004.0,33.62
2022-10-05T18:00:00+00:00,28.4,1004.5,41.54
2022-10-05T21:00:00+00:00,26.6,1004.4,47.99
2022-10-06T00:00:00+00:00,24.2,1003.8,54.65
2022-10-06T03:00:00+00:00,26.6,1005.4,54.2
2022-10-06T06:00:00+00:00,34.6,1004.9,33.84
2022-10-06T09:00:00+00:00,37.6,1002.5,25.56
2022-10-06T12:00:00+00:00,37.4,1001.5,26.86
2022-10-06T15:00:00+00:00,30.0,1003.5,40.14
2022-10-06T18:00:00+00:00,27.0,1004.9,40.89
2022-10-06T21:00:00+00:00,26.4,1004.0,43.77
2022-10-07T00:00:00+00:00,23.4,1004.6,50.67
2022-10-07T03:00:00+00:00,28.4,1005.2,45.18
2022-10-07T06:00:00+00:00,36.4,1004.7,34.99
2022-10-07T09:00:00+00:00,37.8,1002.4,25.95
2022-10-07T12:00:00+00:00,36.0,1001.8,25.15
2022-10-07T15:00:00+00:00,32.0,1003.9,30.43
2022-10-07T18:00:00+00:00,29.6,1005.0,39.77
2022-10-07T21:00:00+00:00,27.6,1004.7,52.76
2022-10-08T00:00:00+00:00,26.6,1004.7,65.05
2022-10-08T03:00:00+00:00,26.6,1006.6,72.25
2022-10-08T06:00:00+00:00,31.6,1006.4,56.46
2022-10-08T09:00:00+00:00,34.0,1003.8,45.53
2022-10-08T12:00:00+00:00,33.4,1002.7,40.05
2022-10-08T15:00:00+00:00,31.2,1004.7,45.93
2022-10-08T18:00:00+00:00,29.4,1005.4,53.21
2022-10-08T21:00:00+00:00,26.4,1005.1,66.23
2022-10-09T00:00:00+00:00,24.4,1005.8,76.95
2022-10-09T03:00:00+00:00,25.8,1007.9,74.83
2022-10-09T06:00:00+00:00,30.4,1007.3,59.0
2022-10-09T09:00:00+00:00,34.6,1004.7,40.37
2022-10-09T12:00:00+00:00,34.0,1004.1,37.76
2022-10-09T15:00:00+00:00,29.8,1006.1,47.92
2022-10-09T18:00:00+00:00,28.2,1007.8,55.99
2022-10-09T21:00:00+00:00,26.4,1007.1,62.22
2022-10-10T00:00:00+00:00,23.6,1007.4,73.08
2022-10-10T03:00:00+00:00,26.0,1009.0,66.15
2022-10-10T06:00:00+00:00,33.2,1008.4,43.66
2022-10-10T09:00:00+00:00,35.6,1006.2,31.41
2022-10-10T12:00:00+00:00,34.2,1005.4,30.63
2022-10-10T15:00:00+00:00,29.6,1006.6,39.77
2022-10-10T18:00:00+00:00,27.6,1007.4,46.43
2022-10-10T21:00:00+00:00,25.0,1006.5,55.2
2022-10-11T00:00:00+00:00,22.4,1006.3,62.93
2022-10-11T03:00:00+00:00,25.4,1007.6,61.22
2022-10-11T06:00:00+00:00,33.6,1007.1,28.92
2022-10-11T09:00:00+00:00,37.0,1004.6,24.12
2022-10-11T12:00:00+00:00,36.6,1003.6,25.97
2022-10-11T15:00:00+00:00,28.0,1005.6,33.11
2022-10-11T18:00:00+00:00,26.2,1006.1,36.32
2022-10-11T21:00:00+00:00,24.4,1006.2,42.36
2022-10-12T00:00:00+00:00,26.2,1006.1,47.27
2022-10-12T03:00:00+00:00,26.6,1008.2,51.84
2022-10-12T06:00:00+00:00,35.0,1008.5,28.0
2022-10-12T09:00:00+00:00,38.0,1006.0,21.53
2022-10-12T12:00:00+00:00,36.4,1005.3,27.3
2022-10-12T15:00:00+00:00,29.2,1007.4,33.67
2022-10-12T18:00:00+00:00,26.6,1008.0,37.92
2022-10-12T21:00:00+00:00,23.6,1007.8,45.34
2022-10-13T00:00:00+00:00,22.8,1008.1,45.73
2022-10-13T03:00:00+00:00,25.0,1009.6,43.38
2022-10-13T06:00:00+00:00,36.0,1009.4,22.79
2022-10-13T09:00:00+00:00,36.6,1007.0,24.33
2022-10-13T12:00:00+00:00,36.6,1006.5,25.14
2022-10-13T15:00:00+00:00,30.2,1008.3,30.95
2022-10-13T18:00:00+00:00,28.4,1008.9,33.67
2022-10-13T21:00:00+00:00,26.4,1008.9,37.86
2022-10-14T03:00:00+00:00,27.4,1010.3,31.22
2022-10-14T06:00:00+00:00,34.0,1009.6,26.84
2022-10-14T09:00:00+00:00,36.6,1007.5,23.55
2022-10-14T12:00:00+00:00,34.8,1007.1,25.33
2022-10-14T15:00:00+00:00,27.6,1009.0,33.67
2022-10-14T18:00:00+00:00,26.8,1009.3,36.01
2022-10-14T21:00:00+00:00,22.4,1008.6,48.12
2022-10-15T00:00:00+00:00,20.4,1008.8,51.23
2022-10-15T03:00:00+00:00,23.2,1010.0,50.62
2022-10-15T06:00:00+00:00,33.4,1009.1,25.98
2022-10-15T09:00:00+00:00,35.8,1006.8,22.58
2022-10-15T12:00:00+00:00,35.4,1006.3,27.75
2022-10-15T15:00:00+00:00,26.6,1008.2,35.71
2022-10-15T18:00:00+00:00,24.0,1008.9,36.68
2022-10-15T21:00:00+00:00,22.0,1008.4,41.69
2022-10-16T00:00:00+00:00,20.0,1009.2,47.79
2022-10-16T03:00:00+00:00,25.2,1010.9,33.45
2022-10-16T06:00:00+00:00,35.6,1010.5,23.92
2022-10-16T09:00:00+00:00,37.0,1008.5,18.01
2022-10-16T12:00:00+00:00,36.0,1008.4,27.72
2022-10-16T15:00:00+00:00,27.0,1010.3,36.3
2022-10-16T18:00:00+00:00,24.6,1011.3,38.89
2022-10-16T21:00:00+00:00,23.4,1010.2,39.61
2022-10-17T06:00:00+00:00,36.2,1010.9,24.71
2022-10-17T09:00:00+00:00,37.0,1008.3,24.12
2022-10-17T12:00:00+00:00,36.0,1007.4,26.84
2022-10-17T15:00:00+00:00,27.2,1008.7,36.6
2022-10-17T18:00:00+00:00,25.8,1009.1,34.31
2022-10-17T21:00:00+00:00,24.2,1008.6,35.75
2022-10-18T03:00:00+00:00,23.6,1009.9,38.61
2022-10-18T06:00:00+00:00,34.0,1009.2,25.12
2022-10-18T09:00:00+00:00,36.4,1006.4,17.27
2022-10-18T12:00:00+00:00,35.6,1005.7,16.85
2022-10-18T15:00:00+00:00,26.8,1007.4,30.22
2022-10-18T18:00:00+00:00,24.6,1008.1,32.6
2022-10-18T21:00:00+00:00,22.6,1007.8,41.3
2022-10-19T00:00:00+00:00,20.6,1008.4,51.62
2022-10-19T03:00:00+00:00,24.6,1009.3,41.3
2022-10-19T06:00:00+00:00,34.0,1009.1,22.43
2022-10-19T09:00:00+00:00,36.6,1006.5,17.55
2022-10-19T12:00:00+00:00,35.0,1005.7,21.5
2022-10-19T15:00:00+00:00,26.6,1007.7,35.71
2022-10-19T18:00:00+00:00,25.2,1007.9,33.45
2022-10-19T21:00:00+00:00,22.8,1007.7,38.64
2022-10-20T00:00:00+00:00,22.0,1008.3,58.13
2022-10-20T03:00:00+00:00,23.6,1009.8,66.91
2022-10-20T06:00:00+00:00,34.0,1009.2,22.58
2022-10-20T09:00:00+00:00,36.0,1006.9,17.41
2022-10-20T12:00:00+00:00,35.0,1007.3,19.83
2022-10-20T15:00:00+00:00,26.6,1009.8,36.92
2022-10-20T18:00:00+00:00,25.2,1010.9,43.44
2022-10-20T21:00:00+00:00,24.6,1010.9,44.14
2022-10-21T03:00:00+00:00,22.6,1014.5,69.31
2022-10-21T06:00:00+00:00,28.0,1014.5,46.84
2022-10-21T09:00:00+00:00,33.4,1011.8,33.3
2022-10-21T12:00:00+00:00,32.6,1011.6,30.4
2022-10-21T15:00:00+00:00,28.6,1013.2,37.24
2022-10-21T18:00:00+00:00,25.6,1014.4,44.12
2022-10-21T21:00:00+00:00,23.2,1014.4,50.62
2022-10-22T00:00:00+00:00,20.6,1014.8,54.81
2022-10-22T03:00:00+00:00,24.4,1015.6,44.97
2022-10-22T06:00:00+00:00,33.2,1015.4,24.75
2022-10-22T09:00:00+00:00,35.2,1012.1,16.99
2022-10-22T12:00:00+00:00,34.0,1011.7,13.64
2022-10-22T15:00:00+00:00,27.4,1013.3,29.98
2022-10-22T18:00:00+00:00,24.4,1013.8,36.05
2022-10-22T21:00:00+00:00,22.4,1013.0,42.37
2022-10-23T00:00:00+00:00,20.6,1013.2,43.91
2022-10-23T03:00:00+00:00,23.4,1014.5,42.37
2022-10-23T06:00:00+00:00,33.8,1014.0,18.88
2022-10-23T09:00:00+00:00,35.4,1010.7,15.04
2022-10-23T12:00:00+00:00,34.6,1009.6,16.86
2022-10-23T15:00:00+00:00,26.0,1011.7,30.0
2022-10-23T18:00:00+00:00,24.4,1011.7,31.02
2022-10-23T21:00:00+00:00,21.6,1010.4,35.5
2022-10-24T00:00:00+00:00,20.4,1010.1,37.7
2022-10-24T03:00:00+00:00,23.0,1011.2,41.69
2022-10-24T06:00:00+00:00,33.2,1010.0,19.66
2022-10-24T09:00:00+00:00,34.4,1006.6,15.04
2022-10-24T12:00:00+00:00,34.0,1005.5,15.92
2022-10-24T15:00:00+00:00,26.6,1007.1,26.47
2022-10-24T18:00:00+00:00,24.6,1007.0,26.48
2022-10-24T21:00:00+00:00,24.6,1006.3,36.36
2022-10-25T00:00:00+00:00,21.8,1006.4,51.6
2022-10-25T03:00:00+00:00,22.4,1007.5,62.93
2022-10-25T06:00:00+00:00,33.4,1007.1,24.15
2022-10-25T09:00:00+00:00,35.6,1004.9,18.29
2022-10-25T12:00:00+00:00,33.6,1004.8,21.88
2022-10-25T15:00:00+00:00,27.4,1007.1,37.89
2022-10-25T18:00:00+00:00,25.4,1007.9,47.67
2022-10-25T21:00:00+00:00,24.0,1007.9,67.42
2022-10-26T00:00:00+00:00,22.4,1008.6,82.62
2022-10-26T03:00:00+00:00,22.8,1010.8,92.95
2022-10-26T06:00:00+00:00,33.2,1010.2,33.89
2022-10-26T09:00:00+00:00,37.0,1008.3,18.75
2022-10-26T12:00:00+00:00,35.0,1008.1,21.5
2022-10-26T15:00:00+00:00,28.8,1010.1,29.96
2022-10-26T18:00:00+00:00,25.0,1010.6,40.6
2022-10-26T21:00:00+00:00,25.4,1009.8,68.55
2022-10-27T00:00:00+00:00,23.6,1010.3,86.41
2022-10-27T03:00:00+00:00,24.0,1011.5,88.05
2022-10-27T06:00:00+00:00,32.2,1010.8,39.72
2022-10-27T09:00:00+00:00,35.6,1008.5,19.84
2022-10-27T12:00:00+00:00,34.0,1008.1,22.58
2022-10-27T15:00:00+00:00,27.0,1010.3,37.28
2022-10-27T18:00:00+00:00,25.4,1010.6,38.86
2022-10-27T21:00:00+00:00,23.0,1010.8,47.33
2022-10-28T00:00:00+00:00,23.0,1010.9,66.79
2022-10-28T03:00:00+00:00,23.4,1012.4,63.96
2022-10-28T06:00:00+00:00,31.6,1012.0,37.82
2022-10-28T09:00:00+00:00,34.4,1009.5,22.99
2022-10-28T12:00:00+00:00,33.8,1008.8,23.14
2022-10-28T15:00:00+00:00,26.8,1010.6,38.22
2022-10-28T18:00:00+00:00,25.8,1011.0,33.17
2022-10-28T21:00:00+00:00,25.0,1010.6,43.38
2022-10-29T00:00:00+00:00,22.0,1011.1,53.38
2022-10-29T03:00:00+00:00,24.0,1012.6,50.17
2022-10-29T06:00:00+00:00,32.5,1012.1,29.2
2022-10-29T09:00:00+00:00,34.6,1009.3,22.58
2022-10-29T12:00:00+00:00,33.6,1009.0,25.35
2022-10-29T15:00:00+00:00,27.6,1011.2,39.47
2022-10-29T18:00:00+00:00,25.2,1011.8,40.92
2022-10-29T21:00:00+00:00,23.6,1011.6,46.87
2022-10-30T00:00:00+00:00,21.8,1011.8,51.6
2022-10-30T03:00:00+00:00,24.4,1012.9,43.79
2022-10-30T06:00:00+00:00,32.4,1012.4,24.54
2022-10-30T09:00:00+00:00,34.5,1010.4,20.25
2022-10-30T12:00:00+00:00,33.8,1009.3,30.13
2022-10-30T15:00:00+00:00,26.8,1011.5,37.72
2022-10-30T18:00:00+00:00,25.6,1011.5,34.02
2022-10-30T21:00:00+00:00,22.5,1010.9,43.26
2022-10-31T00:00:00+00:00,22.5,1010.9,44.44
2022-10-31T03:00:00+00:00,23.6,1012.6,45.34
2022-10-31T06:00:00+00:00,33.0,1012.0,28.2
2022-10-31T09:00:00+00:00,36.0,1009.0,22.79
2022-10-31T12:00:00+00:00,34.6,1008.4,24.95
2022-10-31T15:00:00+00:00,27.4,1010.4,32.29
2022-10-31T18:00:00+00:00,24.2,1010.7,38.26
2022-10-31T21:00:00+00:00,22.4,1011.0,43.82
2022-11-01T00:00:00+00:00,21.2,1011.1,50.76
2022-11-01T03:00:00+00:00,23.6,1012.7,51.06
2022-11-01T06:00:00+00:00,33.4,1012.0,30.42
2022-11-01T09:00:00+00:00,36.8,1009.5,22.24
2022-11-01T12:00:00+00:00,35.0,1009.3,23.92
2022-11-01T15:00:00+00:00,27.4,1011.4,32.29
2022-11-01T18:00:00+00:00,25.4,1012.3,41.25
2022-11-01T21:00:00+00:00,23.4,1011.8,52.02
2022-11-02T00:00:00+00:00,21.2,1011.8,58.7
2022-11-02T03:00:00+00:00,22.6,1012.9,53.19
2022-11-02T06:00:00+00:00,33.2,1012.2,24.75
2022-11-02T09:00:00+00:00,37.0,1008.8,23.34
2022-11-02T12:00:00+00:00,35.0,1007.9,22.23
2022-11-02T15:00:00+00:00,27.4,1009.4,32.29
2022-11-02T18:00:00+00:00,25.0,1009.6,49.78
2022-11-02T21:00:00+00:00,25.0,1008.9,56.63
2022-11-03T00:00:00+00:00,23.0,1008.9,61.86
2022-11-03T03:00:00+00:00,22.8,1010.8,63.42
2022-11-03T06:00:00+00:00,35.0,1009.4,32.47
2022-11-03T09:00:00+00:00,38.0,1006.8,23.75
2022-11-03T12:00:00+00:00,36.0,1006.3,23.55
2022-11-03T15:00:00+00:00,28.6,1008.3,33.95
2022-11-03T18:00:00+00:00,25.2,1009.5,46.08
2022-11-03T21:00:00+00:00,22.5,1008.7,69.29
2022-11-04T00:00:00+00:00,21.5,1008.9,77.97
2022-11-04T03:00:00+00:00,23.0,1010.7,71.16
2022-11-04T06:00:00+00:00,34.0,1010.3,34.99
2022-11-04T09:00:00+00:00,38.2,1007.6,22.59
2022-11-04T12:00:00+00:00,35.6,1007.3,23.14
2022-11-04T15:00:00+00:00,27.8,1009.7,30.7
2022-11-04T18:00:00+00:00,24.8,1010.6,34.03
2022-11-04T21:00:00+00:00,22.5,1009.9,65.42
2022-11-05T00:00:00+00:00,21.0,1010.2,76.43
2022-11-05T03:00:00+00:00,22.0,1011.8,70.53
2022-11-05T06:00:00+00:00,34.6,1011.5,26.65
2022-11-05T09:00:00+00:00,37.0,1008.9,24.12
2022-11-05T12:00:00+00:00,34.5,1008.7,25.25
2022-11-05T15:00:00+00:00,28.2,1010.9,31.23
2022-11-05T18:00:00+00:00,23.8,1011.6,40.26
2022-11-05T21:00:00+00:00,22.4,1011.3,46.54
2022-11-06T00:00:00+00:00,21.0,1012.0,49.04
2022-11-06T03:00:00+00:00,23.0,1013.3,47.33
2022-11-06T06:00:00+00:00,33.2,1012.4,31.16
2022-11-06T09:00:00+00:00,34.0,1010.1,33.04
2022-11-06T12:00:00+00:00,32.0,1009.8,35.35
2022-11-06T15:00:00+00:00,28.0,1011.3,44.49
2022-11-06T18:00:00+00:00,25.6,1012.1,48.03
2022-11-06T21:00:00+00:00,23.6,1012.0,55.21
2022-11-07T00:00:00+00:00,19.6,1012.4,84.94
2022-11-07T03:00:00+00:00,20.0,1013.9,81.29
2022-11-07T06:00:00+00:00,28.0,1013.0,57.0
2022-11-07T09:00:00+00:00,33.4,1009.6,30.42
2022-11-07T12:00:00+00:00,31.0,1009.0,35.07
2022-11-07T15:00:00+00:00,26.5,1010.9,42.11
2022-11-07T18:00:00+00:00,23.8,1011.8,61.25
2022-11-07T21:00:00+00:00,21.5,1011.3,69.54
2022-11-08T00:00:00+00:00,19.8,1011.7,77.72
2022-11-08T03:00:00+00:00,20.4,1013.4,76.33
2022-11-08T06:00:00+00:00,25.4,1013.2,61.22
2022-11-08T09:00:00+00:00,31.4,1010.1,41.83
2022-11-08T12:00:00+00:00,29.8,1009.1,41.13
2022-11-08T15:00:00+00:00,26.0,1011.3,51.02
2022-11-08T18:00:00+00:00,23.0,1011.7,60.67
2022-11-08T21:00:00+00:00,20.2,1011.2,69.28
2022-11-09T00:00:00+00:00,18.4,1011.3,76.51
2022-11-09T03:00:00+00:00,18.8,1013.1,73.18
2022-11-09T06:00:00+00:00,26.4,1013.2,50.15
2022-11-09T09:00:00+00:00,29.6,1010.6,46.38
2022-11-09T12:00:00+00:00,28.4,1010.2,46.35
2022-11-09T15:00:00+00:00,23.4,1012.4,59.22
2022-11-09T18:00:00+00:00,23.0,1013.0,59.13
2022-11-09T21:00:00+00:00,20.8,1012.9,69.85
2022-11-10T00:00:00+00:00,20.0,1013.7,75.78
2022-11-10T03:00:00+00:00,20.8,1015.3,73.06
2022-11-10T06:00:00+00:00,28.0,1015.3,49.3
2022-11-10T09:00:00+00:00,31.0,1013.1,42.52
2022-11-10T12:00:00+00:00,29.6,1012.6,40.81
2022-11-10T15:00:00+00:00,24.0,1014.9,54.24
2022-11-10T18:00:00+00:00,23.0,1015.5,56.14
2022-11-10T21:00:00+00:00,22.0,1015.3,66.16
2022-11-11T00:00:00+00:00,18.6,1015.6,69.42
2022-11-11T03:00:00+00:00,18.6,1017.1,75.07
2022-11-11T06:00:00+00:00,28.0,1016.5,47.14
2022-11-11T09:00:00+00:00,30.8,1013.9,37.85
2022-11-11T12:00:00+00:00,28.4,1013.4,42.63
2022-11-11T15:00:00+00:00,23.0,1015.2,54.7
2022-11-11T18:00:00+00:00,21.0,1015.6,60.21
2022-11-11T21:00:00+00:00,18.5,1014.9,66.72
2022-11-12T00:00:00+00:00,17.6,1014.9,68.77
2022-11-12T03:00:00+00:00,20.0,1016.2,62.39
2022-11-12T06:00:00+00:00,29.8,1015.7,38.81
2022-11-12T09:00:00+00:00,31.6,1012.7,33.89
2022-11-12T12:00:00+00:00,30.0,1011.8,35.95
2022-11-12T15:00:00+00:00,23.0,1013.9,51.57
2022-11-12T18:00:00+00:00,20.0,1014.5,55.76
2022-11-12T21:00:00+00:00,19.6,1013.0,58.31
2022-11-13T00:00:00+00:00,19.0,1012.5,57.78
2022-11-13T03:00:00+00:00,20.4,1013.4,52.27
2022-11-13T06:00:00+00:00,31.8,1012.5,33.51
2022-11-13T09:00:00+00:00,33.0,1010.4,34.06
2022-11-13T12:00:00+00:00,30.5,1008.4,37.52
2022-11-13T15:00:00+00:00,23.4,1010.7,46.51
2022-11-13T18:00:00+00:00,22.0,1011.1,48.98
2022-11-13T21:00:00+00:00,19.6,1010.7,53.47
2022-11-14T00:00:00+00:00,19.4,1010.6,63.49
2022-11-14T03:00:00+00:00,21.0,1012.2,73.09
2022-11-14T06:00:00+00:00,29.8,1011.5,47.92
2022-11-14T09:00:00+00:00,32.4,1008.5,47.12
2022-11-14T12:00:00+00:00,30.0,1008.5,55.04
2022-11-14T15:00:00+00:00,24.8,1011.8,66.73
2022-11-14T18:00:00+00:00,20.6,1013.2,85.05
2022-11-14T21:00:00+00:00,18.2,1013.1,88.11
2022-11-15T00:00:00+00:00,16.6,1013.8,91.44
2022-11-15T03:00:00+00:00,16.0,1015.9,93.79
2022-11-15T06:00:00+00:00,21.0,1016.1,64.68
2022-11-15T09:00:00+00:00,25.4,1013.5,43.78
2022-11-15T12:00:00+00:00,24.8,1012.9,41.64
2022-11-15T15:00:00+00:00,21.0,1013.7,56.01
2022-11-15T18:00:00+00:00,19.0,1013.7,57.78
2022-11-15T21:00:00+00:00,16.8,1012.8,65.92
2022-11-16T00:00:00+00:00,15.4,1013.1,73.54
2022-11-16T03:00:00+00:00,16.8,1015.0,69.99
2022-11-16T06:00:00+00:00,25.6,1014.3,37.89
2022-11-16T09:00:00+00:00,29.0,1011.5,24.15
2022-11-16T12:00:00+00:00,28.0,1010.7,29.74
2022-11-16T15:00:00+00:00,23.0,1012.6,44.58
2022-11-16T18:00:00+00:00,19.6,1012.9,53.47
2022-11-16T21:00:00+00:00,18.2,1012.6,54.93
2022-11-17T00:00:00+00:00,16.2,1013.0,67.58
2022-11-17T03:00:00+00:00,18.2,1014.4,58.36
2022-11-17T06:00:00+00:00,28.2,1014.2,32.3
2022-11-17T09:00:00+00:00,29.6,1011.2,28.03
2022-11-17T12:00:00+00:00,28.5,1010.6,24.86
2022-11-17T15:00:00+00:00,22.6,1012.6,42.71
2022-11-17T18:00:00+00:00,18.6,1012.9,52.14
2022-11-17T21:00:00+00:00,17.4,1012.1,53.99
2022-11-18T00:00:00+00:00,16.8,1012.2,56.85
2022-11-18T03:00:00+00:00,18.0,1014.0,61.93
2022-11-18T06:00:00+00:00,29.2,1013.0,26.99
2022-11-18T09:00:00+00:00,31.4,1009.8,21.33
2022-11-18T12:00:00+00:00,29.2,1009.9,24.37
2022-11-18T15:00:00+00:00,21.8,1012.4,39.97
2022-11-18T18:00:00+00:00,22.6,1012.5,34.34
2022-11-18T21:00:00+00:00,19.4,1012.6,40.39
2022-11-19T00:00:00+00:00,17.2,1012.4,52.13
2022-11-19T03:00:00+00:00,18.4,1014.1,42.1
2022-11-19T06:00:00+00:00,29.0,1013.9,31.24
2022-11-19T09:00:00+00:00,31.2,1010.8,21.87
2022-11-19T12:00:00+00:00,29.0,1010.2,26.04
2022-11-19T15:00:00+00:00,22.5,1011.9,44.44
2022-11-19T18:00:00+00:00,21.0,1012.4,47.42
2022-11-19T21:00:00+00:00,19.2,1012.3,53.73
2022-11-20T00:00:00+00:00,16.6,1013.1,62.02
2022-11-20T03:00:00+00:00,17.0,1014.6,46.31
2022-11-20T06:00:00+00:00,26.6,1013.9,24.18
2022-11-20T09:00:00+00:00,29.6,1011.4,19.19
2022-11-20T12:00:00+00:00,27.6,1010.4,22.8
2022-11-20T15:00:00+00:00,22.4,1012.2,34.05
2022-11-20T18:00:00+00:00,21.0,1012.7,37.35
2022-11-20T21:00:00+00:00,17.6,1012.2,50.83
2022-11-21T00:00:00+00:00,16.8,1012.2,53.1
2022-11-21T03:00:00+00:00,15.2,1014.3,60.45
2022-11-21T06:00:00+00:00,26.2,1014.1,31.52
2022-11-21T09:00:00+00:00,28.6,1011.1,17.39
2022-11-21T12:00:00+00:00,26.8,1010.7,23.57
2022-11-21T15:00:00+00:00,20.0,1012.3,44.65
2022-11-21T18:00:00+00:00,18.2,1012.5,43.23
2022-11-21T21:00:00+00:00,16.0,1012.3,53.99
2022-11-22T00:00:00+00:00,14.6,1012.3,59.48
2022-11-22T03:00:00+00:00,16.0,1014.0,55.88
2022-11-22T06:00:00+00:00,26.6,1013.2,33.39
2022-11-22T09:00:00+00:00,29.0,1010.6,19.18
2022-11-22T12:00:00+00:00,27.6,1010.0,26.02
2022-11-22T15:00:00+00:00,20.4,1012.3,40.67
2022-11-22T18:00:00+00:00,17.8,1013.4,45.9
2022-11-22T21:00:00+00:00,16.0,1012.7,50.05
2022-11-23T00:00:00+00:00,14.4,1012.3,57.42
2022-11-23T03:00:00+00:00,14.8,1013.8,59.94
2022-11-23T06:00:00+00:00,28.4,1013.8,23.17
2022-11-23T09:00:00+00:00,29.2,1011.2,15.63
2022-11-23T12:00:00+00:00,28.0,1010.8,15.38
2022-11-23T15:00:00+00:00,20.0,1012.8,29.56
2022-11-23T18:00:00+00:00,19.4,1012.8,25.41
2022-11-23T21:00:00+00:00,15.4,1012.3,38.12
2022-11-24T00:00:00+00:00,15.0,1011.9,41.13
2022-11-24T03:00:00+00:00,16.0,1013.5,44.76
2022-11-24T06:00:00+00:00,28.2,1012.8,19.67
2022-11-24T09:00:00+00:00,30.0,1010.0,13.36
2022-11-24T12:00:00+00:00,28.6,1009.2,20.48
2022-11-24T15:00:00+00:00,19.8,1011.4,30.58
2022-11-24T18:00:00+00:00,18.2,1012.1,30.56
2022-11-24T21:00:00+00:00,16.0,1011.9,41.12
2022-11-25T00:00:00+00:00,15.0,1012.0,48.4
2022-11-25T03:00:00+00:00,15.6,1014.0,44.02
2022-11-25T06:00:00+00:00,29.0,1013.9,16.28
2022-11-25T09:00:00+00:00,30.6,1012.0,15.39
2022-11-25T12:00:00+00:00,28.0,1011.7,19.34
2022-11-25T15:00:00+00:00,19.4,1013.6,34.38
2022-11-25T18:00:00+00:00,17.4,1013.9,36.83
2022-11-25T21:00:00+00:00,15.0,1013.2,44.79
2022-11-26T00:00:00+00:00,13.0,1013.3,47.16
2022-11-26T03:00:00+00:00,16.0,1013.8,37.48
2022-11-26T06:00:00+00:00,28.0,1012.9,18.4
2022-11-26T09:00:00+00:00,29.8,1009.5,12.13
2022-11-26T12:00:00+00:00,27.6,1008.5,18.7
2022-11-26T15:00:00+00:00,20.0,1009.7,35.54
2022-11-26T18:00:00+00:00,16.8,1009.8,39.08
2022-11-26T21:00:00+00:00,16.4,1009.4,47.12
2022-11-27T00:00:00+00:00,13.6,1009.1,54.11
2022-11-27T03:00:00+00:00,14.0,1010.3,56.92
2022-11-27T06:00:00+00:00,27.6,1009.3,20.66
2022-11-27T09:00:00+00:00,29.4,1007.0,13.27
2022-11-27T12:00:00+00:00,27.0,1006.7,19.65
2022-11-27T15:00:00+00:00,19.2,1007.9,34.08
2022-11-27T18:00:00+00:00,17.6,1008.9,35.6
2022-11-27T21:00:00+00:00,13.6,1008.5,54.11
2022-11-28T00:00:00+00:00,12.6,1008.7,54.61
2022-11-28T03:00:00+00:00,15.0,1010.6,41.13
2022-11-28T06:00:00+00:00,27.0,1010.5,19.65
2022-11-28T09:00:00+00:00,29.6,1008.9,15.5
2022-11-28T12:00:00+00:00,27.0,1009.7,15.26
2022-11-28T15:00:00+00:00,19.2,1011.1,30.85
2022-11-28T18:00:00+00:00,17.6,1011.7,34.1
2022-11-28T21:00:00+00:00,14.4,1011.5,41.84
2022-11-29T00:00:00+00:00,12.4,1011.6,48.01
2022-11-29T03:00:00+00:00,12.8,1013.6,57.02
2022-11-29T06:00:00+00:00,25.8,1013.1,21.71
2022-11-29T09:00:00+00:00,28.2,1011.3,15.72
2022-11-29T12:00:00+00:00,26.4,1010.8,19.5
2022-11-29T15:00:00+00:00,19.4,1012.8,34.38
2022-11-29T18:00:00+00:00,17.6,1013.6,39.04
2022-11-29T21:00:00+00:00,14.2,1013.3,49.2
2022-11-30T00:00:00+00:00,12.6,1013.8,52.72
2022-11-30T03:00:00+00:00,14.6,1015.0,45.96
2022-11-30T06:00:00+00:00,26.6,1014.5,22.07
2022-11-30T09:00:00+00:00,28.6,1012.3,13.33
2022-11-30T12:00:00+00:00,26.8,1011.7,18.11
2022-11-30T15:00:00+00:00,19.2,1014.1,35.56
2022-11-30T18:00:00+00:00,16.4,1014.4,43.63
2022-11-30T21:00:00+00:00,14.0,1014.1,46.77
2022-12-01T00:00:00+00:00,14.8,1013.5,38.78
2022-12-01T03:00:00+00:00,15.4,1014.5,45.54
2022-12-01T06:00:00+00:00,27.4,1013.6,21.35
2022-12-01T09:00:00+00:00,30.0,1010.6,16.16
2022-12-01T12:00:00+00:00,26.8,1009.8,21.35
2022-12-01T15:00:00+00:00,18.4,1011.7,37.12
2022-12-01T18:00:00+00:00,16.4,1012.0,38.41
2022-12-01T21:00:00+00:00,14.8,1011.0,42.56
2022-12-02T00:00:00+00:00,12.4,1010.9,50.11
2022-12-02T03:00:00+00:00,13.4,1012.3,49.68
2022-12-02T06:00:00+00:00,26.4,1011.9,19.5
2022-12-02T09:00:00+00:00,29.0,1008.7,16.28
2022-12-02T12:00:00+00:00,26.6,1008.4,21.0
2022-12-02T15:00:00+00:00,18.6,1010.7,35.89
2022-12-02T18:00:00+00:00,17.4,1011.1,36.83
2022-12-02T21:00:00+00:00,15.4,1010.8,40.08
2022-12-03T00:00:00+00:00,15.2,1010.2,47.11
2022-12-03T03:00:00+00:00,14.4,1012.5,49.61
2022-12-03T06:00:00+00:00,26.2,1012.6,24.59
2022-12-03T09:00:00+00:00,28.0,1010.2,15.38
2022-12-03T12:00:00+00:00,26.2,1009.9,28.06
2022-12-03T15:00:00+00:00,18.8,1012.5,36.46
2022-12-03T18:00:00+00:00,18.8,1013.2,42.81
2022-12-03T21:00:00+00:00,15.8,1013.3,62.26
2022-12-04T00:00:00+00:00,13.0,1013.4,70.19
2022-12-04T03:00:00+00:00,13.0,1014.7,66.0
2022-12-04T06:00:00+00:00,24.6,1014.3,27.62
2022-12-04T09:00:00+00:00,27.6,1011.9,15.49
2022-12-04T12:00:00+00:00,25.4,1011.2,20.99
2022-12-04T15:00:00+00:00,18.6,1012.8,35.89
2022-12-04T18:00:00+00:00,15.6,1013.6,47.56
2022-12-04T21:00:00+00:00,13.0,1013.6,55.49
2022-12-05T00:00:00+00:00,12.4,1014.3,56.52
2022-12-05T03:00:00+00:00,12.4,1016.0,61.03
2022-12-05T06:00:00+00:00,25.0,1016.0,28.31
2022-12-05T09:00:00+00:00,27.0,1013.5,17.52
2022-12-05T12:00:00+00:00,25.0,1013.3,24.79
2022-12-05T15:00:00+00:00,18.6,1014.8,40.72
2022-12-05T18:00:00+00:00,15.7,1015.3,46.92
2022-12-05T21:00:00+00:00,14.0,1015.0,48.8
2022-12-06T00:00:00+00:00,12.0,1014.9,58.02
2022-12-06T03:00:00+00:00,12.4,1016.3,61.03
2022-12-06T06:00:00+00:00,24.6,1015.9,26.48
2022-12-06T09:00:00+00:00,27.0,1013.3,21.71
2022-12-06T12:00:00+00:00,25.2,1012.8,22.82
2022-12-06T15:00:00+00:00,18.4,1014.4,38.72
2022-12-06T18:00:00+00:00,16.0,1015.0,41.12
2022-12-06T21:00:00+00:00,13.0,1014.6,55.49
2022-12-07T00:00:00+00:00,12.8,1014.5,50.94
2022-12-07T03:00:00+00:00,13.6,1016.0,44.07
2022-12-07T06:00:00+00:00,24.0,1016.1,21.71
2022-12-07T09:00:00+00:00,27.3,1012.6,14.03
2022-12-07T12:00:00+00:00,26.4,1011.6,20.65
2022-12-07T15:00:00+00:00,18.5,1013.4,40.69
2022-12-07T18:00:00+00:00,17.8,1013.7,33.68
2022-12-07T21:00:00+00:00,16.2,1013.2,39.75
2022-12-08T00:00:00+00:00,16.5,1013.4,32.58
2022-12-08T03:00:00+00:00,16.0,1015.1,39.41
2022-12-08T06:00:00+00:00,27.2,1014.5,23.18
2022-12-08T09:00:00+00:00,29.0,1011.8,16.28
2022-12-08T12:00:00+00:00,27.4,1011.0,26.69
2022-12-08T15:00:00+00:00,20.0,1012.6,35.54
2022-12-08T18:00:00+00:00,20.0,1012.3,31.75
2022-12-08T21:00:00+00:00,16.6,1012.1,40.43
2022-12-09T00:00:00+00:00,15.8,1011.6,39.07
2022-12-09T03:00:00+00:00,14.0,1013.3,50.91
2022-12-09T06:00:00+00:00,26.0,1012.6,26.49
2022-12-09T09:00:00+00:00,29.2,1009.6,16.56
2022-12-09T12:00:00+00:00,27.0,1009.2,28.28
2022-12-09T15:00:00+00:00,19.8,1010.9,36.49
2022-12-09T18:00:00+00:00,18.4,1011.6,35.58
2022-12-09T21:00:00+00:00,16.5,1011.0,62.0
2022-12-10T00:00:00+00:00,15.4,1011.2,58.87
2022-12-10T03:00:00+00:00,14.0,1013.0,63.12
2022-12-10T06:00:00+00:00,22.4,1012.8,43.82
2022-12-10T09:00:00+00:00,27.0,1010.3,26.04
2022-12-10T12:00:00+00:00,25.6,1009.9,28.28
2022-12-10T15:00:00+00:00,21.6,1011.7,35.5
2022-12-10T18:00:00+00:00,19.0,1012.4,49.49
2022-12-10T21:00:00+00:00,17.4,1012.4,57.39
2022-12-11T00:00:00+00:00,14.0,1012.9,77.86
2022-12-11T03:00:00+00:00,14.2,1014.9,74.82
2022-12-11T06:00:00+00:00,21.0,1015.5,48.39
2022-12-11T09:00:00+00:00,26.0,1011.9,33.45
2022-12-11T12:00:00+00:00,25.0,1011.3,34.31
2022-12-11T15:00:00+00:00,20.2,1012.7,45.01
2022-12-11T18:00:00+00:00,18.2,1013.3,49.95
2022-12-11T21:00:00+00:00,14.6,1013.3,65.9
2022-12-12T00:00:00+00:00,14.8,1012.8,63.74
2022-12-12T03:00:00+00:00,13.8,1014.3,71.31
2022-12-12T06:00:00+00:00,22.4,1014.4,43.82
2022-12-12T09:00:00+00:00,27.0,1010.7,28.28
2022-12-12T12:00:00+00:00,25.0,1010.2,30.76
2022-12-12T15:00:00+00:00,20.2,1012.2,38.7
2022-12-12T18:00:00+00:00,18.6,1013.1,40.72
2022-12-12T21:00:00+00:00,16.4,1013.6,45.5
2022-12-13T00:00:00+00:00,15.6,1013.7,45.92
2022-12-13T03:00:00+00:00,15.0,1014.9,48.4
2022-12-13T06:00:00+00:00,22.2,1015.2,31.04
2022-12-13T09:00:00+00:00,26.6,1013.8,21.0
2022-12-13T12:00:00+00:00,25.0,1013.2,20.15
2022-12-13T15:00:00+00:00,20.4,1015.0,30.32
2022-12-13T18:00:00+00:00,17.8,1015.7,45.9
2022-12-13T21:00:00+00:00,15.4,1015.2,56.88
2022-12-14T00:00:00+00:00,13.2,1015.5,68.34
2022-12-14T03:00:00+00:00,13.4,1016.7,68.38
2022-12-14T06:00:00+00:00,22.8,1016.1,37.35
2022-12-14T09:00:00+00:00,26.0,1013.6,21.0
2022-12-14T12:00:00+00:00,24.6,1012.8,26.48
2022-12-14T15:00:00+00:00,16.8,1014.6,47.89
2022-12-14T18:00:00+00:00,15.0,1014.9,52.26
2022-12-14T21:00:00+00:00,13.8,1014.4,59.7
2022-12-15T00:00:00+00:00,11.4,1013.7,63.85
2022-12-15T03:00:00+00:00,11.4,1014.9,68.44
2022-12-15T06:00:00+00:00,22.4,1014.7,31.32
2022-12-15T09:00:00+00:00,25.4,1011.3,20.99
2022-12-15T12:00:00+00:00,24.6,1010.2,28.8
2022-12-15T15:00:00+00:00,16.0,1012.6,44.76
2022-12-15T18:00:00+00:00,14.4,1012.4,45.58
2022-12-15T21:00:00+00:00,11.2,1011.7,54.63
2022-12-16T03:00:00+00:00,12.0,1012.5,51.45
2022-12-16T06:00:00+00:00,25.0,1012.1,24.79
2022-12-16T09:00:00+00:00,27.0,1009.8,17.52
2022-12-16T12:00:00+00:00,25.6,1009.2,26.94
2022-12-16T15:00:00+00:00,17.0,1011.5,42.89
2022-12-16T18:00:00+00:00,15.8,1012.3,39.07
2022-12-16T21:00:00+00:00,14.4,1011.6,43.67
2022-12-17T00:00:00+00:00,13.6,1011.7,40.13
2022-12-17T03:00:00+00:00,14.0,1014.0,41.13
2022-12-17T06:00:00+00:00,26.6,1013.5,18.86
2022-12-17T09:00:00+00:00,27.6,1011.4,15.62
2022-12-17T12:00:00+00:00,26.0,1011.1,23.19
2022-12-17T15:00:00+00:00,18.8,1013.3,33.25
2022-12-17T18:00:00+00:00,15.0,1013.7,42.92
2022-12-17T21:00:00+00:00,15.0,1013.2,37.46
2022-12-18T00:00:00+00:00,13.0,1013.0,42.96
2022-12-18T03:00:00+00:00,14.0,1014.6,42.94
2022-12-18T06:00:00+00:00,26.6,1014.0,18.86
2022-12-18T09:00:00+00:00,29.0,1011.1,16.28
2022-12-18T12:00:00+00:00,26.6,1010.3,18.86
2022-12-18T15:00:00+00:00,19.0,1011.9,33.54
2022-12-18T18:00:00+00:00,15.0,1012.6,42.92
2022-12-18T21:00:00+00:00,14.4,1011.7,38.1
2022-12-19T00:00:00+00:00,14.0,1011.4,37.33
2022-12-19T03:00:00+00:00,11.6,1013.1,50.97
2022-12-19T06:00:00+00:00,25.0,1012.4,18.98
2022-12-19T09:00:00+00:00,26.6,1010.0,14.62
2022-12-19T12:00:00+00:00,25.4,1009.2,22.07
2022-12-19T15:00:00+00:00,16.8,1011.1,35.88
2022-12-19T18:00:00+00:00,14.4,1011.5,43.67
2022-12-19T21:00:00+00:00,13.0,1011.1,47.16
2022-12-20T00:00:00+00:00,11.6,1011.0,50.97
2022-12-20T03:00:00+00:00,15.6,1012.0,42.19
2022-12-20T06:00:00+00:00,20.5,1012.5,34.94
2022-12-20T09:00:00+00:00,25.6,1009.4,22.44
2022-12-20T12:00:00+00:00,24.0,1008.8,24.17
2022-12-20T15:00:00+00:00,16.2,1010.6,45.13
2022-12-20T18:00:00+00:00,15.0,1011.5,48.4
2022-12-20T21:00:00+00:00,11.6,1011.7,62.13
2022-12-21T00:00:00+00:00,9.4,1011.9,73.99
2022-12-21T03:00:00+00:00,9.8,1013.5,76.67
2022-12-21T06:00:00+00:00,20.4,1013.9,33.24
2022-12-21T09:00:00+00:00,24.4,1011.5,22.45
2022-12-21T12:00:00+00:00,22.8,1011.0,24.37
2022-12-21T15:00:00+00:00,16.2,1013.1,47.72
2022-12-21T18:00:00+00:00,13.5,1013.8,55.23
2022-12-21T21:00:00+00:00,12.2,1013.2,54.13
2022-12-22T00:00:00+00:00,9.8,1013.0,66.69
2022-12-22T03:00:00+00:00,8.2,1014.3,83.08
2022-12-22T06:00:00+00:00,19.6,1014.6,30.31
2022-12-22T09:00:00+00:00,23.4,1011.3,20.38
2022-12-22T12:00:00+00:00,22.0,1010.1,15.59
2022-12-22T15:00:00+00:00,14.6,1011.7,40.43
2022-12-22T18:00:00+00:00,13.0,1012.2,45.18
2022-12-22T21:00:00+00:00,10.6,1011.7,56.05
2022-12-23T00:00:00+00:00,8.6,1012.4,78.09
2022-12-23T03:00:00+00:00,8.0,1013.1,72.2
2022-12-23T06:00:00+00:00,19.8,1012.6,29.29
2022-12-23T09:00:00+00:00,22.5,1010.2,16.75
2022-12-23T12:00:00+00:00,21.4,1009.9,18.22
2022-12-23T15:00:00+00:00,13.2,1012.1,39.32
2022-12-23T18:00:00+00:00,11.4,1013.0,43.9
2022-12-23T21:00:00+00:00,10.8,1013.5,42.75
2022-12-24T00:00:00+00:00,8.6,1013.8,55.13
2022-12-24T03:00:00+00:00,8.0,1015.7,59.1
2022-12-24T06:00:00+00:00,19.2,1016.0,37.09
2022-12-24T09:00:00+00:00,21.5,1013.6,31.73
2022-12-24T12:00:00+00:00,18.7,1013.4,43.37
2022-12-24T15:00:00+00:00,14.0,1015.2,63.12
2022-12-24T18:00:00+00:00,11.6,1015.3,73.36
2022-12-24T21:00:00+00:00,9.0,1015.4,86.68
2022-12-25T00:00:00+00:00,9.0,1014.9,89.09
2022-12-25T03:00:00+00:00,10.0,1015.9,78.31
2022-12-25T06:00:00+00:00,18.8,1015.5,36.46
2022-12-25T09:00:00+00:00,22.6,1012.6,27.84
2022-12-25T12:00:00+00:00,20.6,1012.6,29.31
2022-12-25T15:00:00+00:00,14.0,1014.7,55.75
2022-12-25T18:00:00+00:00,12.5,1015.4,57.74
2022-12-25T21:00:00+00:00,10.4,1014.8,64.97
2022-12-26T00:00:00+00:00,8.5,1014.8,71.78
2022-12-26T03:00:00+00:00,7.8,1017.2,80.18
2022-12-26T06:00:00+00:00,18.2,1017.2,38.39
2022-12-26T09:00:00+00:00,22.0,1015.0,29.29
2022-12-26T12:00:00+00:00,20.4,1015.3,36.15
2022-12-26T15:00:00+00:00,13.6,1017.5,60.48
2022-12-26T18:00:00+00:00,12.0,1018.1,58.02
2022-12-26T21:00:00+00:00,10.0,1017.6,62.19
2022-12-27T00:00:00+00:00,9.2,1017.3,76.04
2022-12-27T03:00:00+00:00,8.0,1019.2,78.0
2022-12-27T06:00:00+00:00,18.6,1018.7,34.39
2022-12-27T09:00:00+00:00,22.0,1015.8,34.65
2022-12-27T12:00:00+00:00,21.4,1014.7,33.76
2022-12-27T15:00:00+00:00,15.0,1016.6,44.79
2022-12-27T18:00:00+00:00,11.8,1017.1,55.57
2022-12-27T21:00:00+00:00,10.6,1016.4,60.6
2022-12-28T00:00:00+00:00,9.8,1016.9,59.55
2022-12-28T03:00:00+00:00,11.2,1017.8,57.01
2022-12-28T06:00:00+00:00,22.8,1017.4,36.09
2022-12-28T09:00:00+00:00,16.2,1014.3,55.93
2022-12-28T12:00:00+00:00,25.2,1013.1,29.98
2022-12-28T15:00:00+00:00,17.8,1015.2,41.06
2022-12-28T18:00:00+00:00,16.6,1015.2,40.43
2022-12-28T21:00:00+00:00,17.4,1014.6,40.38
2022-12-29T00:00:00+00:00,16.4,1014.4,38.41
2022-12-29T03:00:00+00:00,16.0,1015.1,70.3
2022-12-29T06:00:00+00:00,26.0,1014.5,38.25
2022-12-29T09:00:00+00:00,27.4,1011.4,51.38
2022-12-29T12:00:00+00:00,27.0,1011.3,50.95
2022-12-29T15:00:00+00:00,21.4,1014.5,58.75
2022-12-29T18:00:00+00:00,17.2,1015.8,62.58
2022-12-29T21:00:00+00:00,13.8,1016.4,84.31
2022-12-30T00:00:00+00:00,11.5,1016.4,94.83
2022-12-30T03:00:00+00:00,10.4,1019.0,97.36
2022-12-30T06:00:00+00:00,15.0,1020.6,70.11
2022-12-30T09:00:00+00:00,19.0,1018.4,57.78
2022-12-30T12:00:00+00:00,18.4,1018.2,58.8
2022-12-30T15:00:00+00:00,15.0,1020.5,68.25
2022-12-30T18:00:00+00:00,13.2,1020.9,75.16
2022-12-30T21:00:00+00:00,10.8,1020.2,89.84
2022-12-31T03:00:00+00:00,9.4,1021.6,97.34
2022-12-31T06:00:00+00:00,17.0,1021.6,60.87
2022-12-31T09:00:00+00:00,21.2,1018.0,37.66
2022-12-31T12:00:00+00:00,20.6,1016.7,39.35
2022-12-31T15:00:00+00:00,13.4,1018.6,60.01
2022-12-31T18:00:00+00:00,12.6,1018.9,58.99
2022-12-31T21:00:00+00:00,11.4,1017.8,61.65
2023-01-01T00:00:00+00:00,10.6,1017.3,63.22
2023-01-01T03:00:00+00:00,10.7,1019.2,65.5
2023-01-01T06:00:00+00:00,21.6,1018.7,38.3
2023-01-01T09:00:00+00:00,25.0,1015.7,32.05
2023-01-01T12:00:00+00:00,23.4,1014.7,34.33
2023-01-01T15:00:00+00:00,15.6,1017.3,47.56
2023-01-01T18:00:00+00:00,13.0,1017.8,49.22
2023-01-01T21:00:00+00:00,12.4,1016.8,50.11
2023-01-02T00:00:00+00:00,10.6,1016.7,53.7
2023-01-02T03:00:00+00:00,8.2,1019.1,67.29
2023-01-02T06:00:00+00:00,21.6,1018.6,24.4
2023-01-02T09:00:00+00:00,24.6,1016.0,22.82
2023-01-02T12:00:00+00:00,23.0,1015.8,20.88
2023-01-02T15:00:00+00:00,16.5,1018.2,36.05
2023-01-02T18:00:00+00:00,14.5,1018.7,46.92
2023-01-02T21:00:00+00:00,11.5,1018.2,62.98
2023-01-03T00:00:00+00:00,9.6,1018.5,71.49
2023-01-03T03:00:00+00:00,8.8,1020.3,70.84
2023-01-03T06:00:00+00:00,21.0,1020.1,35.83
2023-01-03T09:00:00+00:00,22.8,1018.3,29.52
2023-01-03T12:00:00+00:00,20.8,1018.1,25.62
2023-01-03T15:00:00+00:00,16.0,1020.1,41.12
2023-01-03T18:00:00+00:00,12.6,1021.1,44.42
2023-01-03T21:00:00+00:00,9.6,1021.1,61.66
2023-01-04T00:00:00+00:00,7.0,1020.5,62.83
2023-01-04T03:00:00+00:00,7.0,1022.2,70.99
2023-01-04T06:00:00+00:00,18.0,1021.8,39.7
2023-01-04T09:00:00+00:00,20.6,1019.0,26.51
2023-01-04T12:00:00+00:00,19.6,1018.3,25.94
2023-01-04T15:00:00+00:00,13.8,1019.9,34.81
2023-01-04T18:00:00+00:00,13.0,1020.5,38.86
2023-01-04T21:00:00+00:00,10.1,1020.5,49.07
2023-01-05T00:00:00+00:00,8.8,1020.0,60.16
2023-01-05T03:00:00+00:00,8.0,1021.9,72.2
2023-01-05T06:00:00+00:00,17.2,1021.9,36.51
2023-01-05T09:00:00+00:00,21.0,1019.0,34.36
2023-01-05T12:00:00+00:00,20.6,1018.6,26.51
2023-01-05T15:00:00+00:00,15.6,1020.4,35.02
2023-01-05T18:00:00+00:00,13.2,1021.1,43.33
2023-01-06T00:00:00+00:00,7.8,1020.1,61.67
2023-01-06T03:00:00+00:00,7.4,1021.1,66.17
2023-01-06T06:00:00+00:00,19.0,1021.3,30.57
2023-01-06T09:00:00+00:00,22.5,1018.6,24.64
2023-01-06T12:00:00+00:00,21.2,1017.7,33.23
2023-01-06T15:00:00+00:00,16.2,1019.6,32.94
2023-01-06T18:00:00+00:00,13.4,1020.0,41.85
2023-01-06T21:00:00+00:00,11.0,1019.9,47.62
2023-01-07T00:00:00+00:00,8.6,1019.4,57.57
2023-01-07T03:00:00+00:00,7.5,1020.9,65.72
2023-01-07T06:00:00+00:00,18.4,1020.5,34.09
2023-01-07T09:00:00+00:00,21.2,1017.4,29.07
2023-01-07T12:00:00+00:00,20.8,1016.6,31.08
2023-01-07T15:00:00+00:00,15.4,1018.5,43.65
2023-01-07T18:00:00+00:00,14.2,1018.6,45.2
2023-01-08T00:00:00+00:00,10.0,1017.5,67.2
2023-01-08T03:00:00+00:00,8.6,1018.6,72.82
2023-01-08T06:00:00+00:00,21.0,1017.8,32.95
2023-01-08T09:00:00+00:00,24.4,1014.7,31.02
2023-01-08T12:00:00+00:00,24.6,1013.5,36.36
2023-01-08T15:00:00+00:00,17.4,1016.7,48.72
2023-01-08T18:00:00+00:00,14.0,1017.2,54.98
2023-01-08T21:00:00+00:00,11.6,1017.1,60.0
2023-01-09T00:00:00+00:00,10.8,1017.0,58.54
2023-01-09T03:00:00+00:00,11.0,1019.3,54.19
2023-01-09T06:00:00+00:00,20.4,1019.1,36.15
2023-01-09T09:00:00+00:00,23.0,1016.1,31.05
2023-01-09T12:00:00+00:00,22.2,1015.2,34.94
2023-01-09T15:00:00+00:00,16.2,1017.8,43.27
2023-01-09T18:00:00+00:00,12.6,1018.1,50.53
2023-01-09T21:00:00+00:00,11.6,1017.9,48.83
2023-01-10T00:00:00+00:00,10.2,1017.6,50.59
2023-01-10T03:00:00+00:00,8.8,1019.6,55.58
2023-01-10T06:00:00+00:00,21.2,1018.6,25.0
2023-01-10T09:00:00+00:00,24.0,1015.8,19.18
2023-01-10T12:00:00+00:00,23.2,1014.2,23.79
2023-01-10T15:00:00+00:00,16.0,1015.8,35.9
2023-01-10T18:00:00+00:00,13.5,1015.4,45.0
2023-01-10T21:00:00+00:00,13.0,1013.7,40.84
2023-01-11T00:00:00+00:00,11.5,1012.3,41.15
2023-01-11T03:00:00+00:00,12.0,1012.9,42.9
2023-01-11T06:00:00+00:00,24.0,1012.0,26.5
2023-01-11T09:00:00+00:00,26.6,1008.0,39.19
2023-01-11T12:00:00+00:00,25.2,1007.5,48.87
2023-01-11T15:00:00+00:00,20.8,1009.2,53.43
2023-01-11T18:00:00+00:00,16.6,1010.4,64.14
2023-01-11T21:00:00+00:00,14.2,1009.5,71.38
2023-01-12T00:00:00+00:00,12.6,1009.3,74.55
2023-01-12T03:00:00+00:00,12.0,1010.3,78.61
2023-01-12T06:00:00+00:00,15.6,1011.3,66.56
2023-01-12T09:00:00+00:00,17.0,1009.1,64.23
2023-01-12T12:00:00+00:00,15.4,1009.1,70.66
2023-01-12T15:00:00+00:00,11.5,1010.8,86.34
2023-01-12T18:00:00+00:00,10.1,1011.2,89.79
2023-01-12T21:00:00+00:00,8.5,1010.9,91.53
2023-01-13T00:00:00+00:00,8.0,1011.1,97.31
2023-01-13T03:00:00+00:00,7.6,1013.1,97.3
2023-01-13T06:00:00+00:00,16.6,1014.0,45.88
2023-01-13T09:00:00+00:00,21.2,1011.7,10.89
2023-01-13T12:00:00+00:00,20.0,1011.9,10.35
2023-01-13T15:00:00+00:00,13.4,1014.9,66.54
2023-01-13T18:00:00+00:00,10.2,1016.2,84.47
2023-01-13T21:00:00+00:00,9.0,1016.1,70.88
2023-01-14T00:00:00+00:00,7.0,1016.4,74.08
2023-01-14T03:00:00+00:00,5.0,1018.1,80.93
2023-01-14T06:00:00+00:00,15.4,1018.8,40.08
2023-01-14T09:00:00+00:00,17.8,1016.4,27.86
2023-01-14T12:00:00+00:00,17.5,1015.8,20.8
2023-01-14T15:00:00+00:00,10.8,1017.7,39.66
2023-01-14T18:00:00+00:00,7.2,1017.6,46.88
2023-01-14T21:00:00+00:00,5.2,1017.2,49.46
2023-01-15T00:00:00+00:00,3.5,1015.9,56.67
2023-01-15T03:00:00+00:00,4.8,1017.0,46.7
2023-01-15T06:00:00+00:00,16.4,1016.8,27.31
2023-01-15T09:00:00+00:00,19.0,1013.6,17.83
2023-01-15T12:00:00+00:00,18.6,1012.3,13.73
2023-01-15T15:00:00+00:00,10.4,1013.6,36.2
2023-01-15T18:00:00+00:00,10.0,1013.9,35.04
2023-01-15T21:00:00+00:00,8.4,1013.8,38.05
2023-01-16T00:00:00+00:00,7.0,1013.6,42.22
2023-01-16T03:00:00+00:00,5.4,1016.1,37.38
2023-01-16T06:00:00+00:00,18.6,1016.2,16.77
2023-01-16T09:00:00+00:00,20.8,1013.9,13.53
2023-01-16T12:00:00+00:00,20.0,1013.3,14.22
2023-01-16T15:00:00+00:00,13.0,1015.1,30.23
2023-01-16T18:00:00+00:00,10.8,1016.0,29.73
2023-01-16T21:00:00+00:00,9.4,1015.3,37.42
2023-01-17T00:00:00+00:00,7.4,1015.2,45.09
2023-01-17T03:00:00+00:00,8.4,1016.5,37.4
2023-01-17T06:00:00+00:00,18.6,1017.0,25.2
2023-01-17T09:00:00+00:00,22.0,1013.7,18.32
2023-01-17T12:00:00+00:00,21.2,1012.6,17.68
2023-01-17T15:00:00+00:00,14.2,1015.3,31.2
2023-01-17T18:00:00+00:00,14.0,1016.2,28.81
2023-01-17T21:00:00+00:00,10.4,1015.7,38.73
2023-01-18T00:00:00+00:00,11.4,1015.1,27.37
2023-01-18T03:00:00+00:00,9.2,1017.3,40.25
2023-01-18T06:00:00+00:00,20.0,1017.5,17.48
2023-01-18T09:00:00+00:00,23.4,1014.3,18.14
2023-01-18T12:00:00+00:00,22.4,1013.3,18.49
2023-01-18T15:00:00+00:00,16.8,1015.6,25.11
2023-01-18T18:00:00+00:00,14.8,1016.3,26.0
2023-01-18T21:00:00+00:00,12.2,1015.5,34.38
2023-01-19T00:00:00+00:00,11.4,1015.3,35.34
2023-01-19T03:00:00+00:00,10.4,1016.5,41.76
2023-01-19T06:00:00+00:00,20.2,1016.4,31.36
2023-01-19T09:00:00+00:00,22.4,1013.6,24.79
2023-01-19T12:00:00+00:00,17.6,1014.5,35.6
2023-01-19T15:00:00+00:00,13.4,1016.2,55.98
2023-01-19T18:00:00+00:00,13.0,1015.8,59.5
2023-01-19T21:00:00+00:00,13.0,1014.4,59.5
2023-01-20T00:00:00+00:00,11.0,1014.1,68.36
2023-01-20T03:00:00+00:00,11.2,1015.5,70.81
2023-01-20T06:00:00+00:00,16.6,1016.1,50.91
2023-01-20T09:00:00+00:00,19.8,1013.3,38.85
2023-01-20T12:00:00+00:00,19.7,1012.8,41.04
2023-01-20T15:00:00+00:00,15.8,1014.9,47.95
2023-01-20T18:00:00+00:00,13.4,1015.8,66.54
2023-01-20T21:00:00+00:00,11.8,1015.8,80.74
2023-01-21T00:00:00+00:00,9.4,1015.3,89.12
2023-01-21T03:00:00+00:00,8.9,1016.9,97.33
2023-01-21T06:00:00+00:00,15.0,1017.1,67.33
2023-01-21T09:00:00+00:00,19.4,1014.1,46.66
2023-01-21T12:00:00+00:00,18.4,1013.3,48.66
2023-01-21T15:00:00+00:00,14.8,1014.7,59.94
2023-01-21T18:00:00+00:00,12.2,1015.3,67.2
2023-01-21T21:00:00+00:00,10.6,1015.1,72.68
2023-01-22T00:00:00+00:00,8.0,1015.9,85.99
2023-01-22T03:00:00+00:00,7.8,1016.4,88.38
2023-01-22T06:00:00+00:00,16.0,1016.6,55.88
2023-01-22T09:00:00+00:00,19.0,1014.2,42.86
2023-01-22T12:00:00+00:00,18.4,1013.1,43.59
2023-01-22T15:00:00+00:00,15.2,1014.6,50.88
2023-01-22T18:00:00+00:00,13.0,1015.8,59.5
2023-01-22T21:00:00+00:00,10.8,1015.4,70.24
2023-01-23T00:00:00+00:00,10.0,1015.2,76.71
2023-01-23T03:00:00+00:00,9.2,1016.2,81.5
2023-01-23T06:00:00+00:00,15.0,1016.8,58.37
2023-01-23T09:00:00+00:00,19.2,1013.3,40.05
2023-01-23T12:00:00+00:00,18.4,1012.4,34.09
2023-01-23T15:00:00+00:00,15.0,1013.7,39.11
2023-01-23T18:00:00+00:00,13.0,1014.3,49.22
2023-01-23T21:00:00+00:00,11.4,1013.9,59.53
2023-01-24T00:00:00+00:00,18.8,1013.8,32.78
2023-01-24T03:00:00+00:00,8.0,1015.2,64.43
2023-01-24T06:00:00+00:00,15.6,1015.6,38.45
2023-01-24T09:00:00+00:00,20.0,1012.3,19.69
2023-01-24T12:00:00+00:00,19.2,1011.4,22.14
2023-01-24T15:00:00+00:00,13.4,1013.6,41.85
2023-01-24T18:00:00+00:00,11.0,1014.3,45.45
2023-01-24T21:00:00+00:00,8.0,1014.5,48.69
2023-01-25T00:00:00+00:00,6.6,1015.0,51.38
2023-01-25T03:00:00+00:00,6.8,1016.3,47.78
2023-01-25T06:00:00+00:00,15.8,1016.9,24.38
2023-01-25T09:00:00+00:00,19.4,1014.6,20.44
2023-01-25T12:00:00+00:00,18.6,1014.3,19.91
2023-01-25T15:00:00+00:00,11.5,1016.4,30.39
2023-01-25T18:00:00+00:00,10.2,1017.4,35.77
2023-01-25T21:00:00+00:00,8.4,1017.3,46.99
2023-01-26T00:00:00+00:00,7.0,1017.3,53.45
2023-01-26T03:00:00+00:00,5.4,1018.9,65.94
2023-01-26T06:00:00+00:00,17.0,1019.9,31.05
2023-01-26T09:00:00+00:00,19.4,1017.5,25.41
2023-01-26T12:00:00+00:00,18.4,1017.2,24.68
2023-01-26T15:00:00+00:00,13.1,1018.3,38.29
2023-01-26T18:00:00+00:00,10.5,1019.2,43.25
2023-01-26T21:00:00+00:00,8.8,1018.5,41.7
2023-01-27T00:00:00+00:00,7.4,1018.2,49.05
2023-01-27T03:00:00+00:00,7.4,1020.0,52.88
2023-01-27T06:00:00+00:00,16.4,1020.0,33.27
2023-01-27T09:00:00+00:00,19.8,1016.9,26.26
2023-01-27T12:00:00+00:00,19.8,1016.5,23.0
2023-01-27T15:00:00+00:00,15.2,1016.7,37.79
2023-01-27T18:00:00+00:00,11.8,1016.9,37.74
2023-01-27T21:00:00+00:00,11.4,1015.2,41.42
2023-01-28T00:00:00+00:00,9.0,1014.8,47.83
2023-01-28T03:00:00+00:00,9.4,1015.4,48.94
2023-01-28T06:00:00+00:00,18.0,1015.5,31.63
2023-01-28T09:00:00+00:00,22.0,1011.5,21.47
2023-01-28T12:00:00+00:00,22.0,1009.9,20.09
2023-01-28T15:00:00+00:00,15.8,1011.1,33.79
2023-01-28T18:00:00+00:00,13.2,1010.5,39.32
2023-01-28T21:00:00+00:00,10.6,1009.9,44.79
2023-01-29T00:00:00+00:00,10.0,1009.0,45.47
2023-01-29T03:00:00+00:00,9.0,1009.9,45.88
2023-01-29T06:00:00+00:00,19.6,1009.7,27.4
2023-01-29T09:00:00+00:00,23.4,1006.4,23.0
2023-01-29T12:00:00+00:00,24.0,1006.3,22.99
2023-01-29T15:00:00+00:00,18.0,1008.9,28.43
2023-01-29T18:00:00+00:00,14.0,1010.8,39.1
2023-01-29T21:00:00+00:00,9.6,1011.2,54.21
2023-01-30T00:00:00+00:00,9.8,1011.8,52.34
2023-01-30T03:00:00+00:00,9.2,1015.2,70.91
2023-01-30T06:00:00+00:00,15.6,1016.6,68.83
2023-01-30T09:00:00+00:00,22.4,1014.4,38.01
2023-01-30T12:00:00+00:00,21.4,1014.7,37.98
2023-01-30T15:00:00+00:00,16.2,1017.1,50.45
2023-01-30T18:00:00+00:00,13.0,1018.5,70.19
2023-01-30T21:00:00+00:00,11.4,1018.2,82.9
2023-01-31T00:00:00+00:00,10.0,1018.6,92.24
2023-01-31T03:00:00+00:00,10.0,1020.4,98.67
2023-01-31T06:00:00+00:00,16.2,1021.2,63.62
2023-01-31T09:00:00+00:00,21.6,1018.4,38.3
2023-01-31T12:00:00+00:00,21.6,1016.9,36.75
2023-01-31T15:00:00+00:00,16.2,1018.3,57.87
2023-01-31T18:00:00+00:00,14.2,1018.4,58.98
2023-01-31T21:00:00+00:00,12.0,1018.5,75.98
2023-02-01T00:00:00+00:00,10.8,1017.5,82.27
2023-02-01T03:00:00+00:00,10.6,1019.2,80.03
2023-02-01T06:00:00+00:00,20.0,1019.5,37.06
2023-02-01T09:00:00+00:00,24.2,1016.1,28.09
2023-02-01T12:00:00+00:00,23.8,1014.8,27.4
2023-02-01T15:00:00+00:00,17.6,1016.5,42.17
2023-02-01T18:00:00+00:00,14.4,1016.8,57.42
2023-02-01T21:00:00+00:00,11.8,1016.1,62.18
2023-02-02T00:00:00+00:00,9.6,1015.3,66.65
2023-02-02T03:00:00+00:00,9.6,1017.3,63.88
2023-02-02T06:00:00+00:00,23.0,1017.3,33.75
2023-02-02T09:00:00+00:00,26.4,1014.1,24.99
2023-02-02T12:00:00+00:00,26.0,1012.4,26.49
2023-02-02T15:00:00+00:00,18.4,1014.7,38.72
2023-02-02T18:00:00+00:00,16.6,1015.2,45.88
2023-02-02T21:00:00+00:00,14.0,1014.9,46.77
2023-02-03T00:00:00+00:00,15.0,1014.2,48.4
2023-02-03T03:00:00+00:00,13.0,1015.6,55.49
2023-02-03T06:00:00+00:00,25.6,1014.8,28.28
2023-02-03T09:00:00+00:00,30.0,1012.3,18.89
2023-02-03T12:00:00+00:00,29.0,1011.0,20.15
2023-02-03T15:00:00+00:00,20.2,1012.9,32.95
2023-02-03T18:00:00+00:00,16.4,1013.8,40.09
2023-02-03T21:00:00+00:00,14.6,1012.9,45.96
2023-02-04T00:00:00+00:00,13.0,1012.3,51.36
2023-02-04T03:00:00+00:00,14.6,1013.4,45.96
2023-02-04T06:00:00+00:00,27.4,1013.3,21.35
2023-02-04T09:00:00+00:00,29.8,1010.6,17.68
2023-02-04T12:00:00+00:00,29.4,1009.4,20.83
2023-02-04T15:00:00+00:00,22.2,1010.9,34.94
2023-02-04T18:00:00+00:00,19.2,1011.5,37.09
2023-02-04T21:00:00+00:00,17.2,1011.4,45.1
2023-02-05T00:00:00+00:00,16.0,1009.7,44.76
2023-02-05T03:00:00+00:00,15.0,1010.8,48.4
2023-02-05T06:00:00+00:00,28.6,1009.4,22.43
2023-02-05T09:00:00+00:00,31.2,1007.1,19.99
2023-02-05T12:00:00+00:00,30.0,1005.6,22.79
2023-02-05T15:00:00+00:00,22.4,1007.2,34.05
2023-02-05T18:00:00+00:00,21.2,1007.8,44.98
2023-02-05T21:00:00+00:00,18.0,1007.7,67.06
2023-02-06T00:00:00+00:00,15.6,1008.1,87.31
2023-02-06T03:00:00+00:00,16.0,1010.5,91.4
2023-02-06T06:00:00+00:00,22.2,1011.8,55.22
2023-02-06T09:00:00+00:00,27.4,1010.0,29.98
2023-02-06T12:00:00+00:00,27.4,1008.5,26.69
2023-02-06T15:00:00+00:00,20.6,1010.9,43.91
2023-02-06T18:00:00+00:00,17.4,1012.0,48.72
2023-02-06T21:00:00+00:00,15.0,1012.0,56.39
2023-02-07T00:00:00+00:00,15.0,1011.2,68.25
2023-02-07T03:00:00+00:00,13.2,1013.1,79.32
2023-02-07T06:00:00+00:00,23.2,1013.2,43.46
2023-02-07T09:00:00+00:00,27.4,1010.3,20.32
2023-02-07T12:00:00+00:00,27.4,1009.3,21.35
2023-02-07T15:00:00+00:00,20.0,1010.9,34.07
2023-02-07T18:00:00+00:00,17.2,1011.3,41.47
2023-02-07T21:00:00+00:00,15.6,1010.8,44.02
2023-02-08T00:00:00+00:00,14.6,1010.7,47.95
2023-02-08T03:00:00+00:00,14.6,1012.3,45.96
2023-02-08T06:00:00+00:00,28.0,1012.4,27.6
2023-02-08T09:00:00+00:00,31.6,1009.0,20.66
2023-02-08T12:00:00+00:00,30.6,1007.3,19.99
2023-02-08T15:00:00+00:00,22.8,1009.3,28.1
2023-02-08T18:00:00+00:00,20.4,1009.7,37.7
2023-02-08T21:00:00+00:00,16.6,1008.7,49.18
2023-02-09T00:00:00+00:00,17.6,1007.1,42.17
2023-02-09T03:00:00+00:00,17.0,1008.2,62.53
2023-02-09T06:00:00+00:00,26.4,1008.5,38.88
2023-02-09T09:00:00+00:00,30.4,1005.9,28.25
2023-02-09T12:00:00+00:00,31.4,1005.1,25.8
2023-02-09T15:00:00+00:00,26.7,1006.4,33.42
2023-02-09T18:00:00+00:00,23.5,1006.5,53.07
2023-02-09T21:00:00+00:00,21.0,1006.4,55.28
2023-02-10T00:00:00+00:00,18.4,1006.4,75.04
2023-02-10T03:00:00+00:00,17.4,1008.5,93.85
2023-02-10T06:00:00+00:00,25.2,1009.6,57.05
2023-02-10T09:00:00+00:00,29.4,1007.5,38.45
2023-02-10T12:00:00+00:00,29.4,1006.5,35.09
2023-02-10T15:00:00+00:00,24.2,1008.5,54.65
2023-02-10T18:00:00+00:00,20.8,1009.8,61.35
2023-02-10T21:00:00+00:00,19.0,1010.4,52.6
2023-02-11T00:00:00+00:00,16.8,1010.8,56.85
2023-02-11T03:00:00+00:00,15.8,1013.7,70.73
2023-02-11T06:00:00+00:00,24.0,1015.5,41.97
2023-02-11T09:00:00+00:00,27.4,1012.5,19.33
2023-02-11T12:00:00+00:00,27.6,1011.6,20.66
2023-02-11T15:00:00+00:00,20.5,1014.2,35.68
2023-02-11T18:00:00+00:00,19.4,1015.3,31.35
2023-02-11T21:00:00+00:00,18.6,1015.1,28.95
2023-02-12T00:00:00+00:00,16.5,1015.6,29.26
2023-02-12T03:00:00+00:00,15.8,1018.4,33.51
2023-02-12T06:00:00+00:00,21.4,1019.8,21.01
2023-02-12T09:00:00+00:00,25.0,1017.6,16.21
2023-02-12T12:00:00+00:00,24.5,1017.1,15.23
2023-02-12T15:00:00+00:00,19.4,1018.9,20.44
2023-02-12T18:00:00+00:00,16.0,1019.8,26.42
2023-02-12T21:00:00+00:00,14.6,1018.3,32.5
2023-02-13T00:00:00+00:00,12.2,1017.7,34.38
2023-02-13T03:00:00+00:00,12.4,1019.0,32.53
2023-02-13T06:00:00+00:00,23.8,1018.2,17.42
2023-02-13T09:00:00+00:00,28.2,1014.3,13.76
2023-02-13T12:00:00+00:00,28.0,1012.4,16.4
2023-02-13T15:00:00+00:00,21.6,1014.1,20.58
2023-02-13T18:00:00+00:00,18.8,1014.9,25.73
2023-02-13T21:00:00+00:00,16.6,1014.3,26.3
2023-02-14T00:00:00+00:00,14.5,1013.9,29.84
2023-02-14T03:00:00+00:00,13.5,1015.7,40.98
2023-02-14T06:00:00+00:00,27.2,1015.2,23.18
2023-02-14T09:00:00+00:00,32.0,1011.7,19.51
2023-02-14T12:00:00+00:00,32.4,1009.8,20.15
2023-02-14T15:00:00+00:00,24.4,1012.0,29.76
2023-02-14T18:00:00+00:00,22.0,1012.7,32.09
2023-02-14T21:00:00+00:00,18.0,1012.2,36.48
2023-02-15T00:00:00+00:00,15.6,1011.6,38.45
2023-02-15T03:00:00+00:00,16.6,1013.0,49.18
2023-02-15T06:00:00+00:00,31.0,1013.0,24.34
2023-02-15T09:00:00+00:00,34.0,1009.9,22.58
2023-02-15T12:00:00+00:00,34.4,1008.7,22.99
2023-02-15T15:00:00+00:00,27.4,1010.3,29.98
2023-02-15T18:00:00+00:00,22.8,1011.1,37.35
2023-02-15T21:00:00+00:00,18.5,1011.2,44.53
2023-02-16T00:00:00+00:00,18.0,1010.8,47.89
2023-02-16T03:00:00+00:00,17.6,1013.4,61.43
2023-02-16T06:00:00+00:00,30.0,1013.0,38.12
2023-02-16T09:00:00+00:00,36.0,1009.8,25.15
2023-02-16T12:00:00+00:00,35.0,1008.7,25.55
2023-02-16T15:00:00+00:00,26.0,1011.3,38.25
2023-02-16T18:00:00+00:00,23.4,1011.8,38.29
2023-02-16T21:00:00+00:00,19.4,1011.9,51.65
2023-02-17T00:00:00+00:00,16.6,1011.3,58.36
2023-02-17T03:00:00+00:00,17.4,1013.4,57.39
2023-02-17T06:00:00+00:00,32.2,1013.1,32.76
2023-02-17T09:00:00+00:00,34.0,1011.1,31.18
2023-02-17T12:00:00+00:00,34.0,1010.0,28.47
2023-02-17T15:00:00+00:00,26.4,1012.4,37.61
2023-02-17T18:00:00+00:00,21.8,1012.9,47.32
2023-02-17T21:00:00+00:00,19.2,1012.5,59.78
2023-02-18T00:00:00+00:00,16.4,1012.0,74.21
2023-02-18T03:00:00+00:00,15.0,1013.7,76.47
2023-02-18T06:00:00+00:00,30.6,1013.2,33.62
2023-02-18T09:00:00+00:00,34.0,1010.1,27.73
2023-02-18T12:00:00+00:00,35.0,1008.7,28.0
2023-02-18T15:00:00+00:00,25.6,1011.0,36.64
2023-02-18T18:00:00+00:00,22.4,1011.6,39.59
2023-02-18T21:00:00+00:00,20.6,1009.9,41.01
2023-02-19T00:00:00+00:00,19.0,1009.9,54.4
2023-02-19T03:00:00+00:00,18.2,1011.8,54.93
2023-02-19T06:00:00+00:00,32.2,1011.1,34.5
2023-02-19T09:00:00+00:00,36.0,1007.9,30.14
2023-02-19T12:00:00+00:00,36.2,1006.4,28.69
2023-02-19T15:00:00+00:00,27.0,1008.1,36.79
2023-02-19T18:00:00+00:00,22.5,1008.4,43.26
2023-02-19T21:00:00+00:00,22.0,1007.5,58.13
2023-02-20T00:00:00+00:00,19.0,1006.9,63.82
2023-02-20T03:00:00+00:00,19.4,1008.2,70.03
2023-02-20T06:00:00+00:00,30.4,1007.9,45.14
2023-02-20T09:00:00+00:00,34.6,1005.8,18.43
2023-02-20T12:00:00+00:00,33.0,1005.3,22.78
2023-02-20T15:00:00+00:00,27.0,1007.2,42.25
2023-02-20T18:00:00+00:00,24.0,1007.8,41.97
2023-02-20T21:00:00+00:00,21.6,1007.8,59.18
2023-02-21T00:00:00+00:00,20.0,1008.4,77.75
2023-02-21T03:00:00+00:00,19.0,1010.4,84.34
2023-02-21T06:00:00+00:00,27.4,1010.8,43.76
2023-02-21T09:00:00+00:00,31.4,1008.7,21.18
2023-02-21T12:00:00+00:00,31.5,1007.6,20.92
2023-02-21T15:00:00+00:00,25.4,1009.4,36.34
2023-02-21T18:00:00+00:00,22.4,1009.9,38.01
2023-02-21T21:00:00+00:00,19.8,1009.7,52.11
2023-02-22T00:00:00+00:00,17.6,1009.0,50.83
2023-02-22T03:00:00+00:00,20.0,1010.3,43.15
2023-02-22T06:00:00+00:00,31.0,1009.8,19.67
2023-02-22T09:00:00+00:00,33.0,1007.4,16.04
2023-02-22T12:00:00+00:00,32.8,1006.5,18.13
2023-02-22T15:00:00+00:00,26.4,1008.1,28.31
2023-02-22T18:00:00+00:00,23.4,1009.4,38.29
2023-02-22T21:00:00+00:00,20.0,1009.3,50.78
2023-02-23T00:00:00+00:00,17.8,1009.4,70.65
2023-02-23T03:00:00+00:00,18.0,1011.2,80.51
2023-02-23T06:00:00+00:00,25.2,1011.5,46.08
2023-02-23T09:00:00+00:00,32.0,1008.6,25.79
2023-02-23T12:00:00+00:00,31.6,1007.8,25.17
2023-02-23T15:00:00+00:00,26.0,1009.7,41.97
2023-02-23T18:00:00+00:00,24.0,1010.5,41.97
2023-02-23T21:00:00+00:00,22.4,1009.8,43.82
2023-02-24T00:00:00+00:00,20.4,1010.0,48.22
2023-02-24T03:00:00+00:00,20.4,1011.7,52.97
2023-02-24T06:00:00+00:00,30.4,1012.3,34.23
2023-02-24T09:00:00+00:00,33.4,1009.8,25.98
2023-02-24T12:00:00+00:00,32.8,1009.0,23.36
2023-02-24T15:00:00+00:00,26.4,1011.0,34.25
2023-02-24T18:00:00+00:00,24.4,1012.2,37.3
2023-02-24T21:00:00+00:00,23.4,1011.6,49.36
2023-02-25T00:00:00+00:00,19.0,1012.3,57.78
2023-02-25T03:00:00+00:00,20.4,1014.0,62.48
2023-02-25T06:00:00+00:00,30.8,1013.9,28.74
2023-02-25T09:00:00+00:00,33.2,1011.1,22.99
2023-02-25T12:00:00+00:00,31.8,1010.2,25.56
2023-02-25T15:00:00+00:00,26.8,1012.4,36.98
2023-02-25T18:00:00+00:00,24.2,1013.4,38.26
2023-02-25T21:00:00+00:00,22.0,1013.4,43.12
2023-02-26T00:00:00+00:00,21.4,1013.7,52.53
2023-02-26T03:00:00+00:00,20.8,1015.3,58.22
2023-02-26T06:00:00+00:00,30.0,1015.9,38.12
2023-02-26T09:00:00+00:00,33.2,1013.5,26.63
2023-02-26T12:00:00+00:00,33.0,1012.2,27.29
2023-02-26T15:00:00+00:00,26.4,1014.5,37.61
2023-02-26T18:00:00+00:00,24.2,1014.9,38.26
2023-02-26T21:00:00+00:00,22.6,1013.7,42.71
2023-02-27T00:00:00+00:00,19.2,1014.0,53.01
2023-02-27T03:00:00+00:00,19.0,1015.8,49.49
2023-02-27T06:00:00+00:00,31.0,1015.4,29.18
2023-02-27T09:00:00+00:00,34.4,1012.5,22.99
2023-02-27T12:00:00+00:00,34.0,1011.0,24.14
2023-02-27T15:00:00+00:00,29.4,1011.9,27.79
2023-02-27T18:00:00+00:00,25.0,1012.9,32.05
2023-02-27T21:00:00+00:00,24.0,1011.8,32.88
2023-02-28T00:00:00+00:00,22.4,1012.0,36.73
2023-02-28T03:00:00+00:00,22.2,1013.7,42.03
2023-02-28T06:00:00+00:00,32.8,1013.7,27.78
2023-02-28T09:00:00+00:00,35.4,1011.1,23.55
2023-02-28T12:00:00+00:00,34.0,1009.7,24.14
2023-02-28T15:00:00+00:00,28.0,1011.3,33.11
2023-02-28T18:00:00+00:00,23.8,1013.9,61.25
2023-02-28T21:00:00+00:00,21.2,1013.3,63.48
2023-03-01T00:00:00+00:00,18.8,1013.9,73.18
2023-03-01T03:00:00+00:00,19.0,1015.9,69.96
2023-03-01T06:00:00+00:00,26.0,1016.6,48.45
2023-03-01T09:00:00+00:00,29.6,1013.8,41.87
2023-03-01T12:00:00+00:00,30.2,1012.4,38.17
2023-03-01T15:00:00+00:00,26.8,1014.7,44.45
2023-03-01T18:00:00+00:00,22.4,1016.7,62.93
2023-03-01T21:00:00+00:00,20.6,1016.0,68.03
2023-03-02T00:00:00+00:00,18.2,1016.7,82.11
2023-03-02T03:00:00+00:00,17.4,1018.5,85.8
2023-03-02T06:00:00+00:00,24.0,1018.5,60.13
2023-03-02T09:00:00+00:00,30.0,1014.7,35.95
2023-03-02T12:00:00+00:00,31.0,1013.3,37.18
2023-03-02T15:00:00+00:00,27.0,1014.9,43.36
2023-03-02T18:00:00+00:00,24.0,1017.5,62.88
2023-03-02T21:00:00+00:00,22.0,1017.1,67.44
2023-03-03T09:00:00+00:00,31.8,1015.4,39.11
2023-03-03T12:00:00+00:00,30.6,1014.1,38.78
2023-03-03T15:00:00+00:00,27.4,1015.7,41.54
2023-03-03T18:00:00+00:00,24.6,1016.6,51.99
2023-03-03T21:00:00+00:00,21.4,1016.9,69.96
2023-03-04T00:00:00+00:00,20.2,1016.0,71.1
2023-03-04T03:00:00+00:00,20.0,1018.0,75.78
2023-03-04T06:00:00+00:00,27.8,1017.9,48.0
2023-03-04T09:00:00+00:00,31.4,1014.4,37.77
2023-03-04T12:00:00+00:00,30.6,1012.9,38.78
2023-03-04T15:00:00+00:00,26.6,1014.7,45.27
2023-03-04T18:00:00+00:00,23.4,1016.1,56.61
2023-03-04T21:00:00+00:00,22.2,1015.4,61.28
2023-03-05T00:00:00+00:00,20.6,1015.6,64.59
2023-03-05T03:00:00+00:00,21.4,1017.3,57.23
2023-03-05T06:00:00+00:00,30.0,1017.3,30.69
2023-03-05T09:00:00+00:00,33.0,1014.0,21.0
2023-03-05T12:00:00+00:00,32.4,1012.3,22.79
2023-03-05T15:00:00+00:00,27.6,1014.1,29.23
2023-03-05T18:00:00+00:00,24.6,1014.6,37.6
2023-03-05T21:00:00+00:00,22.8,1014.0,44.23
2023-03-06T00:00:00+00:00,21.8,1013.4,44.25
2023-03-06T03:00:00+00:00,22.4,1014.7,43.82
2023-03-06T06:00:00+00:00,32.8,1014.2,27.78
2023-03-06T09:00:00+00:00,35.0,1011.2,23.92
2023-03-06T12:00:00+00:00,33.8,1009.0,24.74
2023-03-06T15:00:00+00:00,27.6,1010.3,33.67
2023-03-06T18:00:00+00:00,26.2,1011.8,39.87
2023-03-06T21:00:00+00:00,22.0,1011.7,50.3
2023-03-07T00:00:00+00:00,21.2,1011.7,50.76
2023-03-07T03:00:00+00:00,22.4,1013.1,51.08
2023-03-07T06:00:00+00:00,31.6,1012.9,31.96
2023-03-07T09:00:00+00:00,34.0,1010.5,26.84
2023-03-07T12:00:00+00:00,33.0,1008.4,25.37
2023-03-07T15:00:00+00:00,24.6,1012.3,51.99
2023-03-07T18:00:00+00:00,23.0,1013.8,59.13
2023-03-07T21:00:00+00:00,21.6,1012.8,60.74
2023-03-08T00:00:00+00:00,18.0,1012.6,70.69
2023-03-08T03:00:00+00:00,18.8,1014.9,69.92
2023-03-08T06:00:00+00:00,28.0,1015.5,38.81
2023-03-08T09:00:00+00:00,31.2,1013.0,31.43
2023-03-08T12:00:00+00:00,31.4,1011.4,30.67
2023-03-08T15:00:00+00:00,27.0,1012.7,37.28
2023-03-08T18:00:00+00:00,22.8,1013.5,45.73
2023-03-08T21:00:00+00:00,21.6,1013.0,45.4
2023-03-09T00:00:00+00:00,19.6,1013.0,63.54
2023-03-09T03:00:00+00:00,22.2,1014.5,59.71
2023-03-09T06:00:00+00:00,31.6,1014.5,28.95
2023-03-09T09:00:00+00:00,33.5,1012.3,27.42
2023-03-09T12:00:00+00:00,32.8,1011.4,26.0
2023-03-09T15:00:00+00:00,27.4,1012.8,34.53
2023-03-09T18:00:00+00:00,25.2,1013.7,33.45
2023-03-09T21:00:00+00:00,23.2,1013.0,36.7
2023-03-10T00:00:00+00:00,21.2,1012.5,40.34
2023-03-10T03:00:00+00:00,22.0,1014.2,38.94
2023-03-10T06:00:00+00:00,33.0,1014.0,25.03
2023-03-10T09:00:00+00:00,34.4,1011.0,24.73
2023-03-10T12:00:00+00:00,34.2,1009.5,23.56
2023-03-10T15:00:00+00:00,27.4,1011.3,34.53
2023-03-10T18:00:00+00:00,25.0,1012.0,36.96
2023-03-10T21:00:00+00:00,22.6,1011.3,39.92
2023-03-11T00:00:00+00:00,19.4,1011.3,43.57
2023-03-11T03:00:00+00:00,23.4,1012.6,35.77
2023-03-11T06:00:00+00:00,33.6,1012.4,25.35
2023-03-11T09:00:00+00:00,35.4,1009.8,23.55
2023-03-11T12:00:00+00:00,35.2,1008.6,23.35
2023-03-11T15:00:00+00:00,29.0,1010.4,31.24
2023-03-11T18:00:00+00:00,26.0,1011.0,30.0
2023-03-11T21:00:00+00:00,25.0,1010.5,33.17
2023-03-12T00:00:00+00:00,22.5,1010.7,36.25
2023-03-12T03:00:00+00:00,24.4,1012.1,37.3
2023-03-12T06:00:00+00:00,34.0,1012.0,22.58
2023-03-12T09:00:00+00:00,35.0,1009.9,21.36
2023-03-12T12:00:00+00:00,34.2,1008.6,22.78
2023-03-12T15:00:00+00:00,28.6,1010.0,27.57
2023-03-12T18:00:00+00:00,28.0,1010.7,27.6
2023-03-12T21:00:00+00:00,24.6,1010.0,35.15
2023-03-13T00:00:00+00:00,22.0,1010.5,46.12
2023-03-13T03:00:00+00:00,23.6,1011.5,49.41
2023-03-13T06:00:00+00:00,31.0,1011.3,32.0
2023-03-13T09:00:00+00:00,35.5,1008.8,20.92
2023-03-13T12:00:00+00:00,35.4,1007.0,21.17
2023-03-13T15:00:00+00:00,28.2,1008.4,30.2
2023-03-13T18:00:00+00:00,26.2,1009.2,30.26
2023-03-13T21:00:00+00:00,25.4,1008.6,38.86
2023-03-14T00:00:00+00:00,23.6,1007.9,42.71
2023-03-14T03:00:00+00:00,22.8,1009.8,42.77
2023-03-14T06:00:00+00:00,31.6,1009.1,26.2
2023-03-14T09:00:00+00:00,36.4,1005.8,20.17
2023-03-14T12:00:00+00:00,35.4,1004.4,11.33
2023-03-14T15:00:00+00:00,30.4,1005.2,24.35
2023-03-14T18:00:00+00:00,26.6,1005.5,24.35
2023-03-14T21:00:00+00:00,25.0,1005.6,24.79
2023-03-15T00:00:00+00:00,21.8,1005.4,30.28
2023-03-15T03:00:00+00:00,22.8,1006.7,41.63
2023-03-15T06:00:00+00:00,30.4,1006.9,29.21
2023-03-15T09:00:00+00:00,33.5,1005.0,18.81
2023-03-15T12:00:00+00:00,32.4,1004.1,17.92
2023-03-15T15:00:00+00:00,28.0,1006.1,29.74
2023-03-15T18:00:00+00:00,27.4,1005.8,32.29
2023-03-15T21:00:00+00:00,26.0,1005.2,36.02
2023-03-16T00:00:00+00:00,22.0,1005.7,43.12
2023-03-16T03:00:00+00:00,23.8,1008.0,39.72
2023-03-16T06:00:00+00:00,31.5,1008.0,28.36
2023-03-16T09:00:00+00:00,34.0,1005.3,26.31
2023-03-16T12:00:00+00:00,33.5,1003.4,33.76
2023-03-16T15:00:00+00:00,27.9,1005.1,40.34
2023-03-16T18:00:00+00:00,27.5,1006.9,48.23
2023-03-16T21:00:00+00:00,19.0,1008.9,87.62
2023-03-17T00:00:00+00:00,19.6,1007.7,79.19
2023-03-17T03:00:00+00:00,19.6,1010.4,79.19
2023-03-17T06:00:00+00:00,24.6,1010.6,57.63
2023-03-17T09:00:00+00:00,29.0,1008.2,40.12
2023-03-17T12:00:00+00:00,28.0,1005.8,47.14
2023-03-17T15:00:00+00:00,24.6,1008.2,56.17
2023-03-17T18:00:00+00:00,21.4,1009.6,68.63
2023-03-17T21:00:00+00:00,18.8,1009.3,79.08
2023-03-18T00:00:00+00:00,17.2,1008.5,87.46
2023-03-18T03:00:00+00:00,18.2,1010.4,86.44
2023-03-18T06:00:00+00:00,25.0,1010.8,53.8
2023-03-18T09:00:00+00:00,28.4,1007.7,46.35
2023-03-18T12:00:00+00:00,29.0,1005.2,31.24
2023-03-18T15:00:00+00:00,25.6,1006.2,41.58
2023-03-18T18:00:00+00:00,23.8,1007.5,46.93
2023-03-18T21:00:00+00:00,21.2,1006.9,55.33
2023-03-19T00:00:00+00:00,19.4,1006.6,63.49
2023-03-19T03:00:00+00:00,19.2,1009.0,75.65
2023-03-19T06:00:00+00:00,21.2,1009.0,69.93
2023-03-19T09:00:00+00:00,19.8,1008.3,82.83
2023-03-19T12:00:00+00:00,21.6,1005.9,66.93
2023-03-19T15:00:00+00:00,19.2,1006.3,79.14
2023-03-19T18:00:00+00:00,17.4,1006.8,85.8
2023-03-19T21:00:00+00:00,17.0,1006.4,89.72
2023-03-20T00:00:00+00:00,16.0,1006.1,91.4
2023-03-20T03:00:00+00:00,18.6,1006.7,77.04
2023-03-20T06:00:00+00:00,24.8,1007.0,44.19
2023-03-20T09:00:00+00:00,28.4,1004.5,33.67
2023-03-20T12:00:00+00:00,28.4,1002.5,35.98
2023-03-20T15:00:00+00:00,25.0,1003.7,47.25
2023-03-20T18:00:00+00:00,21.6,1005.3,60.74
2023-03-20T21:00:00+00:00,20.2,1004.8,64.09
2023-03-21T00:00:00+00:00,20.0,1004.3,64.04
2023-03-21T03:00:00+00:00,22.0,1006.0,58.13
2023-03-21T06:00:00+00:00,29.8,1006.3,38.81
2023-03-21T09:00:00+00:00,31.4,1003.8,42.9
2023-03-21T12:00:00+00:00,28.8,1002.8,53.39
2023-03-21T15:00:00+00:00,26.6,1004.5,34.53
2023-03-21T18:00:00+00:00,25.0,1005.9,48.5
2023-03-21T21:00:00+00:00,23.0,1005.3,54.7
2023-03-22T00:00:00+00:00,20.0,1006.6,77.75
2023-03-22T03:00:00+00:00,21.0,1008.4,69.89
2023-03-22T06:00:00+00:00,29.0,1008.1,33.39
2023-03-22T09:00:00+00:00,31.8,1005.2,24.55
2023-03-22T12:00:00+00:00,30.6,1003.3,41.88
2023-03-22T15:00:00+00:00,25.6,1004.8,42.7
2023-03-22T18:00:00+00:00,23.6,1006.3,51.06
2023-03-22T21:00:00+00:00,22.2,1006.2,59.71
2023-03-23T00:00:00+00:00,20.0,1005.7,65.74
2023-03-23T03:00:00+00:00,23.0,1006.6,54.7
2023-03-23T06:00:00+00:00,29.8,1006.7,35.66
2023-03-23T09:00:00+00:00,32.0,1004.3,30.43
2023-03-23T12:00:00+00:00,32.0,1002.5,23.95
2023-03-23T15:00:00+00:00,28.2,1003.6,34.52
2023-03-23T18:00:00+00:00,23.6,1004.1,48.13
2023-03-23T21:00:00+00:00,22.4,1003.4,59.76
2023-03-24T00:00:00+00:00,20.8,1003.7,78.36
2023-03-24T03:00:00+00:00,21.4,1005.5,75.05
2023-03-24T06:00:00+00:00,27.2,1005.2,33.11
2023-03-24T09:00:00+00:00,30.2,1003.2,28.96
2023-03-24T12:00:00+00:00,29.4,1002.4,24.75
2023-03-24T15:00:00+00:00,27.0,1004.4,27.14
2023-03-24T18:00:00+00:00,23.4,1006.2,42.37
2023-03-24T21:00:00+00:00,21.8,1006.3,51.6
2023-03-25T00:00:00+00:00,19.4,1006.7,59.83
2023-03-25T03:00:00+00:00,21.4,1008.8,48.17
2023-03-25T06:00:00+00:00,27.4,1009.7,34.53
2023-03-25T09:00:00+00:00,31.4,1007.1,20.32
2023-03-25T12:00:00+00:00,30.4,1006.6,18.72
2023-03-25T15:00:00+00:00,27.5,1007.8,25.28
2023-03-25T18:00:00+00:00,23.6,1010.2,37.32
2023-03-25T21:00:00+00:00,21.5,1010.2,45.99
2023-03-26T00:00:00+00:00,19.2,1010.4,61.39
2023-03-26T03:00:00+00:00,20.2,1011.8,64.09
2023-03-26T06:00:00+00:00,26.6,1011.9,32.07
2023-03-26T09:00:00+00:00,30.0,1009.2,20.83
2023-03-26T12:00:00+00:00,29.6,1007.7,22.07
2023-03-26T15:00:00+00:00,26.5,1008.9,26.81
2023-03-26T18:00:00+00:00,23.5,1009.4,39.11
2023-03-26T21:00:00+00:00,20.5,1009.1,50.57
2023-03-27T00:00:00+00:00,19.2,1009.0,56.31
2023-03-27T03:00:00+00:00,22.0,1009.6,46.12
2023-03-27T06:00:00+00:00,29.6,1009.3,27.1
2023-03-27T09:00:00+00:00,32.2,1007.3,18.89
2023-03-27T12:00:00+00:00,32.4,1005.4,18.42
2023-03-27T15:00:00+00:00,27.6,1006.5,32.56
2023-03-27T18:00:00+00:00,24.0,1007.9,35.46
2023-03-27T21:00:00+00:00,22.0,1006.9,36.11
2023-03-28T00:00:00+00:00,21.6,1006.5,34.05
2023-03-28T03:00:00+00:00,23.4,1008.1,31.82
2023-03-28T06:00:00+00:00,32.4,1007.8,15.02
2023-03-28T09:00:00+00:00,34.8,1005.3,12.58
2023-03-28T12:00:00+00:00,34.4,1003.5,11.22
2023-03-28T15:00:00+00:00,28.8,1004.8,19.82
2023-03-28T18:00:00+00:00,26.4,1005.9,24.99
2023-03-28T21:00:00+00:00,25.4,1005.5,38.86
2023-03-29T00:00:00+00:00,24.0,1005.4,44.56
2023-03-29T03:00:00+00:00,23.0,1007.1,57.62
2023-03-29T06:00:00+00:00,31.0,1006.5,32.0
2023-03-29T09:00:00+00:00,34.5,1004.2,18.66
2023-03-29T12:00:00+00:00,34.0,1002.9,18.42
2023-03-29T15:00:00+00:00,29.4,1004.5,19.83
2023-03-29T18:00:00+00:00,28.0,1005.5,37.56
2023-03-29T21:00:00+00:00,22.6,1005.9,61.77
2023-03-30T00:00:00+00:00,20.4,1005.5,69.32
2023-03-30T03:00:00+00:00,21.2,1007.3,70.83
2023-03-30T06:00:00+00:00,27.0,1006.7,48.41
2023-03-30T09:00:00+00:00,31.4,1003.2,25.8
2023-03-30T12:00:00+00:00,26.2,1002.6,60.64
2023-03-30T15:00:00+00:00,22.6,1004.1,64.61
2023-03-30T18:00:00+00:00,21.5,1005.5,67.78
2023-03-30T21:00:00+00:00,20.8,1004.9,68.07
2023-03-31T00:00:00+00:00,19.5,1004.6,80.2
2023-03-31T03:00:00+00:00,20.6,1005.9,76.36
2023-03-31T06:00:00+00:00,27.4,1006.0,41.54
2023-03-31T09:00:00+00:00,30.0,1003.7,32.79
2023-03-31T12:00:00+00:00,30.2,1002.1,28.96
2023-03-31T15:00:00+00:00,27.0,1004.0,36.3
2023-03-31T18:00:00+00:00,24.5,1005.9,44.7
2023-03-31T21:00:00+00:00,22.0,1005.9,56.63
2023-04-01T00:00:00+00:00,20.5,1005.7,64.99
2023-04-01T03:00:00+00:00,24.0,1006.7,51.5
2023-04-01T06:00:00+00:00,31.8,1006.5,32.22
2023-04-01T09:00:00+00:00,35.0,1003.9,19.83
2023-04-01T12:00:00+00:00,33.2,1002.0,22.23
2023-04-01T15:00:00+00:00,28.6,1003.5,36.27
2023-04-01T18:00:00+00:00,27.0,1005.3,39.83
2023-04-01T21:00:00+00:00,24.0,1005.4,46.06
2023-04-02T00:00:00+00:00,21.0,1004.7,52.08
2023-04-02T03:00:00+00:00,23.2,1005.9,57.67
2023-04-02T06:00:00+00:00,31.6,1005.7,25.17
2023-04-02T09:00:00+00:00,34.8,1003.6,17.14
2023-04-02T12:00:00+00:00,34.8,1001.4,14.1
2023-04-02T15:00:00+00:00,29.6,1002.5,27.1
2023-04-02T18:00:00+00:00,27.6,1003.8,42.97
2023-04-02T21:00:00+00:00,24.2,1002.8,66.19
2023-04-03T00:00:00+00:00,21.2,1002.3,83.52
2023-04-03T03:00:00+00:00,23.0,1003.5,77.7
2023-04-03T06:00:00+00:00,30.4,1004.0,45.14
2023-04-03T09:00:00+00:00,33.0,1002.4,34.72
2023-04-03T12:00:00+00:00,34.0,1000.3,26.84
2023-04-03T15:00:00+00:00,31.0,1002.0,29.18
2023-04-03T18:00:00+00:00,28.8,1004.2,46.75
2023-04-03T21:00:00+00:00,22.4,1004.8,71.05
2023-04-04T00:00:00+00:00,20.4,1005.5,81.35
2023-04-04T03:00:00+00:00,22.2,1007.7,67.48
2023-04-04T06:00:00+00:00,29.0,1008.0,42.25
2023-04-04T09:00:00+00:00,33.8,1005.8,27.32
2023-04-04T12:00:00+00:00,33.0,1004.6,27.11
2023-04-04T15:00:00+00:00,30.4,1006.0,36.3
2023-04-04T18:00:00+00:00,28.0,1006.5,38.81
2023-04-04T21:00:00+00:00,25.0,1006.1,52.43
2023-04-05T00:00:00+00:00,23.2,1005.8,60.72
2023-04-05T03:00:00+00:00,25.0,1007.6,49.78
2023-04-05T06:00:00+00:00,33.0,1007.1,28.02
2023-04-05T09:00:00+00:00,36.0,1004.4,16.71
2023-04-05T12:00:00+00:00,35.4,1002.6,15.04
2023-04-05T15:00:00+00:00,32.0,1004.7,19.92
2023-04-05T18:00:00+00:00,24.8,1007.9,46.89
2023-04-05T21:00:00+00:00,23.5,1008.0,51.37
2023-04-06T00:00:00+00:00,21.6,1008.4,56.16
2023-04-06T03:00:00+00:00,23.8,1010.1,46.93
2023-04-06T06:00:00+00:00,31.4,1010.0,29.68
2023-04-06T09:00:00+00:00,35.5,1008.0,21.77
2023-04-06T12:00:00+00:00,34.5,1006.6,22.71
2023-04-06T15:00:00+00:00,30.6,1008.2,29.46
2023-04-06T18:00:00+00:00,27.6,1009.9,38.2
2023-04-06T21:00:00+00:00,25.0,1010.1,45.73
2023-04-07T00:00:00+00:00,23.4,1010.4,53.39
2023-04-07T03:00:00+00:00,25.0,1012.5,48.5
2023-04-07T06:00:00+00:00,33.0,1012.5,27.11
2023-04-07T09:00:00+00:00,36.0,1010.1,22.79
2023-04-07T12:00:00+00:00,35.2,1008.4,22.89
2023-04-07T15:00:00+00:00,31.2,1009.7,28.47
2023-04-07T18:00:00+00:00,28.4,1010.9,32.57
2023-04-07T21:00:00+00:00,25.4,1011.1,38.86
2023-04-08T00:00:00+00:00,24.0,1011.1,41.97
2023-04-08T03:00:00+00:00,26.4,1012.6,37.86
2023-04-08T06:00:00+00:00,34.6,1013.1,24.95
2023-04-08T09:00:00+00:00,36.4,1010.4,24.12
2023-04-08T12:00:00+00:00,35.8,1008.9,27.32
2023-04-08T15:00:00+00:00,31.0,1010.3,30.16
2023-04-08T18:00:00+00:00,29.4,1011.3,35.09
2023-04-08T21:00:00+00:00,27.6,1011.0,38.2
2023-04-09T00:00:00+00:00,25.6,1011.2,40.23
2023-04-09T03:00:00+00:00,28.6,1012.5,35.09
2023-04-09T06:00:00+00:00,36.4,1012.3,25.75
2023-04-09T09:00:00+00:00,38.4,1009.6,25.12
2023-04-09T12:00:00+00:00,37.4,1007.5,29.38
2023-04-09T15:00:00+00:00,32.4,1008.7,31.97
2023-04-09T18:00:00+00:00,29.5,1009.5,37.98
2023-04-09T21:00:00+00:00,28.2,1009.1,41.22
2023-04-10T00:00:00+00:00,26.0,1008.6,44.52
2023-04-10T03:00:00+00:00,27.6,1010.1,42.97
2023-04-10T06:00:00+00:00,37.4,1009.6,27.04
2023-04-10T09:00:00+00:00,39.5,1007.4,38.31
2023-04-10T12:00:00+00:00,33.8,1008.0,50.48
2023-04-10T15:00:00+00:00,31.6,1008.4,53.1
2023-04-10T18:00:00+00:00,29.4,1010.0,58.05
2023-04-10T21:00:00+00:00,28.8,1008.2,52.73
2023-04-11T00:00:00+00:00,25.0,1008.0,58.1
2023-04-11T03:00:00+00:00,27.6,1009.7,58.35
2023-04-11T06:00:00+00:00,36.0,1010.2,42.55
2023-04-11T09:00:00+00:00,36.2,1008.5,34.71
2023-04-11T12:00:00+00:00,34.2,1007.2,29.66
2023-04-11T15:00:00+00:00,31.2,1008.1,20.84
2023-04-11T18:00:00+00:00,28.0,1008.9,29.34
2023-04-11T21:00:00+00:00,25.4,1008.2,34.43
2023-04-12T00:00:00+00:00,24.0,1008.0,36.68
2023-04-12T03:00:00+00:00,28.0,1009.3,30.97
2023-04-12T06:00:00+00:00,35.6,1008.7,22.24
2023-04-12T09:00:00+00:00,37.8,1006.0,17.01
2023-04-12T12:00:00+00:00,38.0,1004.4,17.28
2023-04-12T15:00:00+00:00,32.5,1005.8,26.09
2023-04-12T18:00:00+00:00,30.6,1007.2,27.55
2023-04-12T21:00:00+00:00,28.0,1006.4,33.11
2023-04-13T00:00:00+00:00,25.4,1006.5,38.08
2023-04-13T03:00:00+00:00,28.6,1008.1,32.84
2023-04-13T06:00:00+00:00,35.8,1007.9,23.34
2023-04-13T09:00:00+00:00,38.8,1005.6,19.05
2023-04-13T12:00:00+00:00,39.0,1004.1,19.35
2023-04-13T15:00:00+00:00,33.6,1005.0,25.35
2023-04-13T18:00:00+00:00,30.6,1006.4,25.59
2023-04-13T21:00:00+00:00,29.0,1005.7,29.22
2023-04-14T00:00:00+00:00,26.4,1005.9,34.25
2023-04-14T03:00:00+00:00,30.0,1007.4,35.95
2023-04-14T06:00:00+00:00,37.0,1007.0,21.0
2023-04-14T09:00:00+00:00,40.6,1004.3,17.29
2023-04-14T12:00:00+00:00,40.0,1002.1,18.46
2023-04-14T15:00:00+00:00,33.4,1003.9,28.68
2023-04-14T18:00:00+00:00,33.2,1004.5,28.44
2023-04-14T21:00:00+00:00,29.4,1004.4,35.09
2023-04-15T00:00:00+00:00,26.4,1004.5,66.23
2023-04-15T03:00:00+00:00,28.6,1006.1,62.71
2023-04-15T06:00:00+00:00,38.0,1006.2,24.53
2023-04-15T09:00:00+00:00,39.2,1003.7,22.4
2023-04-15T12:00:00+00:00,39.0,1001.5,22.79
2023-04-15T15:00:00+00:00,36.6,1002.8,25.14
2023-04-15T18:00:00+00:00,32.0,1004.2,28.68
2023-04-15T21:00:00+00:00,29.6,1003.8,53.59
2023-04-16T00:00:00+00:00,26.6,1003.8,67.94
2023-04-16T03:00:00+00:00,28.4,1005.7,57.45
2023-04-16T06:00:00+00:00,37.0,1005.1,19.52
2023-04-16T09:00:00+00:00,39.2,1002.8,17.44
2023-04-16T12:00:00+00:00,38.0,1000.9,21.53
2023-04-16T15:00:00+00:00,33.2,1002.8,30.17
2023-04-16T18:00:00+00:00,30.6,1003.8,34.51
2023-04-16T21:00:00+00:00,28.8,1003.6,45.58
2023-04-17T00:00:00+00:00,26.6,1003.3,59.6
2023-04-17T03:00:00+00:00,27.4,1004.8,65.62
2023-04-17T06:00:00+00:00,35.0,1005.2,29.87
2023-04-17T09:00:00+00:00,39.0,1002.9,22.79
2023-04-17T12:00:00+00:00,39.0,1001.5,30.37
2023-04-17T15:00:00+00:00,35.5,1003.5,29.06
2023-04-17T18:00:00+00:00,31.6,1005.6,33.89
2023-04-17T21:00:00+00:00,28.2,1005.4,42.58
2023-04-18T00:00:00+00:00,25.5,1005.5,50.56
2023-04-18T03:00:00+00:00,28.0,1007.8,49.3
2023-04-18T06:00:00+00:00,35.0,1007.4,38.75
2023-04-18T09:00:00+00:00,39.0,1005.1,30.37
2023-04-18T12:00:00+00:00,38.4,1003.3,32.17
2023-04-18T15:00:00+00:00,28.4,1006.8,57.45
2023-04-18T18:00:00+00:00,27.0,1007.2,61.2
2023-04-19T00:00:00+00:00,24.0,1005.2,69.14
2023-04-19T03:00:00+00:00,27.5,1005.4,55.82
2023-04-19T06:00:00+00:00,32.4,1005.1,33.03
2023-04-19T09:00:00+00:00,33.4,1003.2,29.63
2023-04-19T12:00:00+00:00,34.0,1001.5,26.84
2023-04-19T15:00:00+00:00,32.4,1001.9,27.31
2023-04-19T18:00:00+00:00,28.6,1002.7,38.47
2023-04-19T21:00:00+00:00,25.6,1001.5,37.89
2023-04-20T00:00:00+00:00,23.8,1001.6,57.07
2023-04-20T03:00:00+00:00,26.2,1002.1,52.4
2023-04-20T06:00:00+00:00,33.0,1001.9,25.37
2023-04-20T09:00:00+00:00,35.5,999.7,14.75
2023-04-20T12:00:00+00:00,35.5,998.0,14.05
2023-04-20T15:00:00+00:00,32.0,999.4,14.31
2023-04-20T18:00:00+00:00,27.0,1001.0,24.97
2023-04-20T21:00:00+00:00,22.8,1000.7,24.37
2023-04-21T00:00:00+00:00,22.2,1000.6,24.38
2023-04-21T03:00:00+00:00,26.6,1002.2,34.53
2023-04-21T06:00:00+00:00,34.6,1002.2,24.14
2023-04-21T09:00:00+00:00,37.8,1000.1,13.56
2023-04-21T12:00:00+00:00,37.0,999.0,14.77
2023-04-21T15:00:00+00:00,31.4,1000.6,18.57
2023-04-21T18:00:00+00:00,28.4,1002.0,21.01
2023-04-21T21:00:00+00:00,27.0,1001.2,24.97
2023-04-22T00:00:00+00:00,24.6,1001.2,30.02
2023-04-22T03:00:00+00:00,28.2,1003.4,22.8
2023-04-22T06:00:00+00:00,35.0,1003.6,12.18
2023-04-22T09:00:00+00:00,37.0,1001.9,12.4
2023-04-22T12:00:00+00:00,36.8,1000.1,13.45
2023-04-22T15:00:00+00:00,31.5,1001.4,16.97
2023-04-22T18:00:00+00:00,29.0,1004.0,25.16
2023-04-22T21:00:00+00:00,25.5,1003.2,28.65
2023-04-23T00:00:00+00:00,24.5,1003.3,28.17
2023-04-23T03:00:00+00:00,27.8,1004.9,30.5
2023-04-23T06:00:00+00:00,33.6,1005.1,16.98
2023-04-23T09:00:00+00:00,37.0,1003.6,13.03
2023-04-23T12:00:00+00:00,35.6,1002.3,14.57
2023-04-23T15:00:00+00:00,31.8,1003.7,17.4
2023-04-23T18:00:00+00:00,29.0,1005.1,21.16
2023-04-23T21:00:00+00:00,25.4,1004.8,30.24
2023-04-24T00:00:00+00:00,24.4,1005.4,28.54
2023-04-24T03:00:00+00:00,28.0,1007.0,24.55
2023-04-24T06:00:00+00:00,34.0,1007.0,19.99
2023-04-24T09:00:00+00:00,37.0,1005.6,16.6
2023-04-24T12:00:00+00:00,36.2,1004.5,15.43
2023-04-24T15:00:00+00:00,31.6,1005.6,21.53
2023-04-24T18:00:00+00:00,28.5,1006.2,25.38
2023-04-24T21:00:00+00:00,28.2,1005.7,21.26
2023-04-25T00:00:00+00:00,26.6,1006.0,24.35
2023-04-25T03:00:00+00:00,30.0,1007.5,21.72
2023-04-25T06:00:00+00:00,36.4,1007.7,14.34
2023-04-25T09:00:00+00:00,38.6,1005.4,12.02
2023-04-25T12:00:00+00:00,38.0,1003.4,13.14
2023-04-25T15:00:00+00:00,33.0,1004.4,21.0
2023-04-25T18:00:00+00:00,31.0,1004.6,24.34
2023-04-25T21:00:00+00:00,29.6,1003.7,22.07
2023-04-26T00:00:00+00:00,27.6,1003.9,20.66
2023-04-26T03:00:00+00:00,30.4,1005.0,22.43
2023-04-26T06:00:00+00:00,38.4,1004.4,12.41
2023-04-26T09:00:00+00:00,38.4,1002.4,11.74
2023-04-26T12:00:00+00:00,34.8,1001.4,14.81
2023-04-26T15:00:00+00:00,31.8,1002.2,22.79
2023-04-26T18:00:00+00:00,30.0,1002.7,23.75
2023-04-26T21:00:00+00:00,27.6,1002.2,26.02
2023-04-27T00:00:00+00:00,25.6,1003.1,30.51
2023-04-27T03:00:00+00:00,30.0,1004.0,25.6
2023-04-27T06:00:00+00:00,36.0,1004.5,17.41
2023-04-27T09:00:00+00:00,36.0,1002.8,19.67
2023-04-27T12:00:00+00:00,30.0,1003.6,35.95
2023-04-27T15:00:00+00:00,27.4,1004.1,43.76
2023-04-27T18:00:00+00:00,25.0,1005.5,59.6
2023-04-27T21:00:00+00:00,26.2,1004.8,43.43
2023-04-28T00:00:00+00:00,23.0,1005.3,60.67
2023-04-28T03:00:00+00:00,26.4,1006.6,62.22
2023-04-28T06:00:00+00:00,32.4,1006.6,33.89
2023-04-28T09:00:00+00:00,34.4,1004.5,27.3
2023-04-28T12:00:00+00:00,32.6,1002.3,30.4
2023-04-28T15:00:00+00:00,27.0,1006.3,44.51
2023-04-28T18:00:00+00:00,21.0,1008.7,90.57
2023-04-28T21:00:00+00:00,20.8,1005.6,87.23
2023-04-29T00:00:00+00:00,20.8,1005.7,83.48
2023-04-29T03:00:00+00:00,22.6,1007.1,69.31
2023-04-29T06:00:00+00:00,28.2,1007.0,43.69
2023-04-29T09:00:00+00:00,30.4,1004.7,39.48
2023-04-29T12:00:00+00:00,31.0,1001.8,36.23
2023-04-29T15:00:00+00:00,20.0,1006.1,93.97
2023-04-29T18:00:00+00:00,20.6,1005.7,94.58
2023-04-29T21:00:00+00:00,20.4,1004.2,96.35
2023-04-30T00:00:00+00:00,20.2,1003.3,92.23
2023-04-30T03:00:00+00:00,22.8,1005.0,79.14
2023-04-30T06:00:00+00:00,27.2,1005.0,58.62
2023-04-30T09:00:00+00:00,30.0,1002.2,44.46
2023-04-30T12:00:00+00:00,27.0,1001.4,57.12
2023-04-30T15:00:00+00:00,24.4,1002.8,60.22
2023-04-30T18:00:00+00:00,24.0,1003.3,65.73
2023-04-30T21:00:00+00:00,23.0,1002.3,69.82
2023-05-01T00:00:00+00:00,21.8,1002.3,84.11
2023-05-01T03:00:00+00:00,25.2,1003.7,66.82
2023-05-01T06:00:00+00:00,29.5,1003.9,43.49
2023-05-01T09:00:00+00:00,31.6,1001.8,35.93
2023-05-01T12:00:00+00:00,31.4,1000.1,37.53
2023-05-01T15:00:00+00:00,29.2,1002.0,44.82
2023-05-01T18:00:00+00:00,26.6,1003.9,57.02
2023-05-01T21:00:00+00:00,25.0,1003.0,68.04
2023-05-02T00:00:00+00:00,24.0,1003.1,73.61
2023-05-02T03:00:00+00:00,27.4,1005.0,57.58
2023-05-02T06:00:00+00:00,31.0,1005.1,46.75
2023-05-02T09:00:00+00:00,33.2,1002.9,33.89
2023-05-02T12:00:00+00:00,30.2,1001.3,56.47
2023-05-02T15:00:00+00:00,29.0,1004.2,45.63
2023-05-02T18:00:00+00:00,26.5,1006.4,58.83
2023-05-02T21:00:00+00:00,25.0,1006.2,62.31
2023-05-03T00:00:00+00:00,23.5,1006.2,81.74
2023-05-03T03:00:00+00:00,26.0,1008.1,64.52
2023-05-03T06:00:00+00:00,32.0,1007.3,37.45
2023-05-03T09:00:00+00:00,34.6,1005.0,27.53
2023-05-03T12:00:00+00:00,35.6,1002.4,23.92
2023-05-03T15:00:00+00:00,31.8,1003.8,37.16
2023-05-03T18:00:00+00:00,29.6,1005.5,41.87
2023-05-03T21:00:00+00:00,28.0,1005.1,50.57
2023-05-04T00:00:00+00:00,26.8,1004.7,58.53
2023-05-04T03:00:00+00:00,29.2,1006.1,49.61
2023-05-04T06:00:00+00:00,35.6,1005.7,30.62
2023-05-04T09:00:00+00:00,38.6,1003.3,21.54
2023-05-04T12:00:00+00:00,29.6,1002.8,45.79
2023-05-04T15:00:00+00:00,29.3,1003.8,37.68
2023-05-04T18:00:00+00:00,28.0,1006.2,47.14
2023-05-04T21:00:00+00:00,25.6,1005.3,53.26
2023-05-05T00:00:00+00:00,25.4,1004.5,54.25
2023-05-05T03:00:00+00:00,28.0,1006.2,44.49
2023-05-05T06:00:00+00:00,33.5,1005.6,31.86
2023-05-05T09:00:00+00:00,37.6,1003.0,22.59
2023-05-05T12:00:00+00:00,36.8,1001.2,23.14
2023-05-05T15:00:00+00:00,33.6,1002.5,32.51
2023-05-05T18:00:00+00:00,31.2,1003.4,38.45
2023-05-05T21:00:00+00:00,28.8,1003.5,49.19
2023-05-06T00:00:00+00:00,26.4,1003.6,59.55
2023-05-06T03:00:00+00:00,29.2,1004.5,47.16
2023-05-06T06:00:00+00:00,37.0,1004.4,26.41
2023-05-06T09:00:00+00:00,39.6,1002.1,16.62
2023-05-06T12:00:00+00:00,38.0,1000.6,18.0
2023-05-06T15:00:00+00:00,33.8,1001.8,32.77
2023-05-06T18:00:00+00:00,30.6,1002.7,34.51
2023-05-06T21:00:00+00:00,30.4,1002.1,35.36
2023-05-07T00:00:00+00:00,27.2,1002.1,51.01
2023-05-07T03:00:00+00:00,30.6,1003.6,49.66
2023-05-07T06:00:00+00:00,38.4,1003.1,22.79
2023-05-07T09:00:00+00:00,40.0,1000.6,15.83
2023-05-07T12:00:00+00:00,39.4,999.2,6.76
2023-05-07T15:00:00+00:00,34.2,1000.4,12.38
2023-05-07T18:00:00+00:00,28.6,1001.7,15.48
2023-05-07T21:00:00+00:00,27.0,1001.0,18.56
2023-05-08T00:00:00+00:00,26.0,1001.3,32.33
2023-05-08T06:00:00+00:00,36.0,1002.9,21.18
2023-05-08T09:00:00+00:00,40.2,1000.9,7.4
2023-05-08T12:00:00+00:00,39.6,999.6,5.46
2023-05-08T15:00:00+00:00,33.0,1001.4,18.44
2023-05-08T18:00:00+00:00,30.4,1003.1,15.02
2023-05-08T21:00:00+00:00,26.6,1003.0,24.35
2023-05-09T00:00:00+00:00,24.4,1003.7,27.37
2023-05-09T03:00:00+00:00,31.0,1005.2,16.98
2023-05-09T06:00:00+00:00,38.2,1004.6,13.45
2023-05-09T09:00:00+00:00,42.0,1003.1,7.76
2023-05-09T12:00:00+00:00,41.5,1001.3,8.44
2023-05-09T15:00:00+00:00,36.0,1002.3,17.41
2023-05-09T18:00:00+00:00,31.6,1003.9,18.88
2023-05-09T21:00:00+00:00,30.2,1003.7,19.34
2023-05-10T00:00:00+00:00,27.2,1004.5,24.17
2023-05-10T03:00:00+00:00,30.8,1005.2,18.42
2023-05-10T06:00:00+00:00,39.8,1004.7,9.93
2023-05-10T09:00:00+00:00,42.4,1002.3,8.28
2023-05-10T12:00:00+00:00,41.6,1000.6,5.91
2023-05-10T15:00:00+00:00,34.2,1001.8,21.16
2023-05-10T18:00:00+00:00,29.8,1003.0,23.37
2023-05-10T21:00:00+00:00,28.5,1003.0,27.92
2023-05-11T00:00:00+00:00,27.0,1003.6,22.81
2023-05-11T03:00:00+00:00,32.4,1004.5,27.31
2023-05-11T06:00:00+00:00,42.0,1004.0,10.53
2023-05-11T09:00:00+00:00,43.0,1001.9,7.47
2023-05-11T12:00:00+00:00,43.2,1000.1,8.23
2023-05-11T15:00:00+00:00,34.4,1001.5,21.35
2023-05-11T18:00:00+00:00,31.4,1001.5,23.15
2023-05-11T21:00:00+00:00,29.2,1002.0,28.49
2023-05-12T00:00:00+00:00,27.2,1002.8,28.53
2023-05-12T03:00:00+00:00,31.6,1003.7,31.96
2023-05-12T06:00:00+00:00,43.0,1002.7,8.03
2023-05-12T09:00:00+00:00,44.6,1000.5,5.92
2023-05-12T12:00:00+00:00,44.4,999.1,8.72
2023-05-12T15:00:00+00:00,36.8,1000.3,19.34
2023-05-12T18:00:00+00:00,34.4,1001.3,21.35
2023-05-12T21:00:00+00:00,32.0,1000.5,28.68
2023-05-13T00:00:00+00:00,28.6,1000.7,44.08
2023-05-13T03:00:00+00:00,32.4,1002.5,33.03
2023-05-13T06:00:00+00:00,42.8,1002.1,9.35
2023-05-13T09:00:00+00:00,44.6,999.7,6.97
2023-05-13T12:00:00+00:00,44.2,997.8,10.06
2023-05-13T15:00:00+00:00,39.2,999.3,20.18
2023-05-13T18:00:00+00:00,33.2,1001.6,31.16
2023-05-13T21:00:00+00:00,32.0,999.6,36.27
2023-05-14T00:00:00+00:00,29.2,999.1,45.98
2023-05-14T03:00:00+00:00,31.2,1000.9,47.1
2023-05-14T06:00:00+00:00,38.4,1000.2,30.4
2023-05-14T09:00:00+00:00,43.2,997.7,19.08
2023-05-14T12:00:00+00:00,42.4,996.9,13.39
2023-05-14T15:00:00+00:00,37.2,996.3,18.3
2023-05-14T18:00:00+00:00,34.4,998.3,36.23
2023-05-14T21:00:00+00:00,30.6,997.8,46.35
2023-05-15T00:00:00+00:00,26.6,999.2,74.96
2023-05-15T03:00:00+00:00,28.4,1000.3,69.12
2023-05-15T06:00:00+00:00,35.0,1000.5,41.76
2023-05-15T09:00:00+00:00,40.0,998.5,26.18
2023-05-15T12:00:00+00:00,40.6,996.3,20.52
2023-05-15T15:00:00+00:00,36.4,997.4,35.87
2023-05-15T18:00:00+00:00,34.0,1001.9,45.53
2023-05-15T21:00:00+00:00,29.4,1002.2,40.49
2023-05-16T00:00:00+00:00,28.0,1001.7,44.49
2023-05-16T03:00:00+00:00,29.4,1003.2,67.25
2023-05-16T06:00:00+00:00,35.2,1002.3,40.04
2023-05-16T09:00:00+00:00,39.6,1000.4,25.75
2023-05-16T12:00:00+00:00,39.2,999.3,27.51
2023-05-16T15:00:00+00:00,36.6,1001.1,33.32
2023-05-16T21:00:00+00:00,30.0,1001.5,64.96
2023-05-17T00:00:00+00:00,27.6,1001.9,72.87
2023-05-17T03:00:00+00:00,29.4,1003.9,72.3
2023-05-17T06:00:00+00:00,35.4,1003.8,45.07
2023-05-17T09:00:00+00:00,40.2,1001.5,27.08
2023-05-17T12:00:00+00:00,40.2,999.9,20.15
2023-05-17T18:00:00+00:00,32.0,1003.8,47.9
2023-05-17T21:00:00+00:00,29.4,1004.7,64.44
2023-05-18T00:00:00+00:00,27.2,1005.4,78.31
2023-05-18T03:00:00+00:00,29.2,1007.4,69.7
2023-05-18T06:00:00+00:00,34.4,1007.5,43.98
2023-05-18T09:00:00+00:00,37.2,1006.1,31.44
2023-05-18T12:00:00+00:00,38.4,1004.1,29.64
2023-05-18T15:00:00+00:00,35.6,1005.2,34.99
2023-05-18T18:00:00+00:00,34.4,1005.8,34.88
2023-05-18T21:00:00+00:00,31.0,1004.8,46.75
2023-05-19T00:00:00+00:00,28.6,1005.5,55.04
2023-05-19T03:00:00+00:00,32.0,1006.1,50.02
2023-05-19T06:00:00+00:00,39.2,1005.3,27.51
2023-05-19T09:00:00+00:00,41.8,1003.3,20.01
2023-05-19T12:00:00+00:00,41.4,1001.2,22.23
2023-05-19T15:00:00+00:00,38.0,1002.0,27.72
2023-05-19T18:00:00+00:00,35.4,1003.1,35.6
2023-05-19T21:00:00+00:00,33.0,1002.4,55.43
2023-05-20T00:00:00+00:00,31.0,1001.7,53.61
2023-05-20T03:00:00+00:00,31.6,1002.9,61.1
2023-05-20T06:00:00+00:00,40.0,1002.4,27.72
2023-05-20T09:00:00+00:00,44.0,1000.5,17.04
2023-05-20T12:00:00+00:00,43.6,999.0,17.74
2023-05-20T15:00:00+00:00,38.6,1000.5,27.53
2023-05-20T18:00:00+00:00,34.2,1001.8,44.75
2023-05-20T21:00:00+00:00,30.2,1001.4,54.08
2023-05-21T00:00:00+00:00,27.6,1001.8,65.66
2023-05-21T03:00:00+00:00,30.8,1003.0,59.82
2023-05-21T06:00:00+00:00,39.5,1002.7,34.74
2023-05-21T09:00:00+00:00,43.5,1001.2,30.81
2023-05-21T12:00:00+00:00,42.6,1000.5,34.72
2023-05-21T15:00:00+00:00,37.6,1001.8,43.23
2023-05-21T18:00:00+00:00,33.6,1003.2,54.58
2023-05-21T21:00:00+00:00,30.2,1002.7,63.83
2023-05-22T00:00:00+00:00,26.6,1003.5,90.4
2023-05-22T03:00:00+00:00,28.4,1004.6,78.96
2023-05-22T06:00:00+00:00,36.4,1003.6,47.87
2023-05-22T09:00:00+00:00,41.2,1002.2,39.7
2023-05-22T12:00:00+00:00,41.0,1000.7,42.59
2023-05-22T15:00:00+00:00,36.8,1001.9,50.94
2023-05-22T18:00:00+00:00,33.8,1003.9,66.13
2023-05-22T21:00:00+00:00,30.6,1003.6,76.95
2023-05-23T00:00:00+00:00,28.0,1004.1,87.34
2023-05-23T03:00:00+00:00,29.2,1005.2,81.94
2023-05-23T06:00:00+00:00,34.0,1004.9,63.86
2023-05-23T09:00:00+00:00,39.0,992.4,44.39
2023-05-23T12:00:00+00:00,39.0,1000.0,47.12
2023-05-23T15:00:00+00:00,36.6,1001.3,52.74
2023-05-23T18:00:00+00:00,32.6,1001.8,55.0
2023-05-23T21:00:00+00:00,32.2,1001.5,74.08
2023-05-24T00:00:00+00:00,29.4,1001.5,81.96
2023-05-24T03:00:00+00:00,30.6,1002.5,76.95
2023-05-24T06:00:00+00:00,36.8,1001.7,53.1
2023-05-24T09:00:00+00:00,41.4,999.4,32.77
2023-05-24T12:00:00+00:00,41.2,997.4,36.5
2023-05-24T15:00:00+00:00,37.0,998.3,52.84
2023-05-24T18:00:00+00:00,34.0,998.8,67.34
2023-05-24T21:00:00+00:00,30.8,1000.0,71.69
2023-05-25T00:00:00+00:00,27.5,1000.1,70.23
2023-05-25T03:00:00+00:00,30.2,1000.2,72.88
2023-05-25T06:00:00+00:00,36.0,1000.1,55.49
2023-05-25T09:00:00+00:00,40.6,997.9,37.46
2023-05-25T12:00:00+00:00,39.8,996.4,36.79
2023-05-25T18:00:00+00:00,30.0,998.5,79.65
2023-05-25T21:00:00+00:00,27.6,999.2,92.09
2023-05-26T00:00:00+00:00,27.0,999.4,90.43
2023-05-26T03:00:00+00:00,29.0,1000.5,80.47
2023-05-26T06:00:00+00:00,34.4,1000.1,56.44
2023-05-26T09:00:00+00:00,40.2,998.0,38.73
2023-05-26T12:00:00+00:00,41.4,996.4,27.73
2023-05-26T15:00:00+00:00,37.5,997.5,40.41
2023-05-26T18:00:00+00:00,33.0,999.7,60.32
2023-05-26T21:00:00+00:00,29.5,999.1,75.87
2023-05-27T00:00:00+00:00,27.0,998.8,90.43
2023-05-27T03:00:00+00:00,28.6,1001.4,80.41
2023-05-27T06:00:00+00:00,33.0,1001.9,61.05
2023-05-27T09:00:00+00:00,37.6,999.9,50.83
2023-05-27T12:00:00+00:00,39.8,997.9,38.39
2023-05-27T15:00:00+00:00,36.5,998.5,45.36
2023-05-27T18:00:00+00:00,34.6,1000.0,48.28
2023-05-27T21:00:00+00:00,32.0,1000.0,72.32
2023-05-28T00:00:00+00:00,29.5,1000.6,81.49
2023-05-28T03:00:00+00:00,31.0,1001.1,74.77
2023-05-28T06:00:00+00:00,34.6,1002.3,62.13
2023-05-28T09:00:00+00:00,40.5,998.7,33.75
2023-05-28T12:00:00+00:00,24.5,1002.4,93.6
2023-05-28T15:00:00+00:00,24.2,1002.5,81.32
2023-05-28T18:00:00+00:00,22.4,1007.0,91.23
2023-05-28T21:00:00+00:00,22.0,1004.2,88.98
2023-05-29T00:00:00+00:00,22.6,1004.0,82.65
2023-05-29T03:00:00+00:00,23.5,1007.3,88.55
2023-05-29T06:00:00+00:00,29.8,1006.6,62.21
2023-05-29T09:00:00+00:00,32.6,1005.1,51.74
2023-05-29T12:00:00+00:00,33.4,1002.4,45.94
2023-05-29T15:00:00+00:00,31.0,1004.1,61.71
2023-05-29T18:00:00+00:00,29.4,1005.3,69.73
2023-05-29T21:00:00+00:00,19.0,1010.2,98.76
2023-05-30T00:00:00+00:00,19.2,1008.7,98.14
2023-05-30T03:00:00+00:00,20.0,1008.2,92.22
2023-05-30T06:00:00+00:00,22.4,1008.3,79.09
2023-05-30T09:00:00+00:00,25.6,1007.2,66.48
2023-05-30T12:00:00+00:00,27.4,1005.4,66.43
2023-05-30T15:00:00+00:00,25.5,1006.7,78.07
2023-05-30T18:00:00+00:00,24.4,1008.4,83.37
2023-05-30T21:00:00+00:00,23.6,1005.8,82.77
2023-05-31T00:00:00+00:00,22.5,1004.7,86.84
2023-05-31T03:00:00+00:00,25.0,1006.5,72.87
2023-05-31T06:00:00+00:00,30.0,1005.8,50.45
2023-05-31T09:00:00+00:00,32.6,1003.7,47.47
2023-05-31T12:00:00+00:00,33.0,1001.3,50.9
2023-05-31T15:00:00+00:00,30.6,1001.3,61.63
2023-05-31T18:00:00+00:00,29.0,1002.0,72.23
2023-05-31T21:00:00+00:00,28.0,1001.8,81.79
2023-06-01T00:00:00+00:00,24.2,1002.2,69.18
2023-06-01T03:00:00+00:00,27.2,1003.2,74.15
2023-06-01T06:00:00+00:00,30.4,1003.0,65.04
2023-06-01T09:00:00+00:00,33.8,1001.4,55.96
2023-06-01T12:00:00+00:00,35.0,999.9,50.48
2023-06-01T15:00:00+00:00,32.4,1000.6,62.77
2023-06-01T18:00:00+00:00,30.0,1002.3,67.36
2023-06-01T21:00:00+00:00,27.2,1001.8,81.2
2023-06-02T00:00:00+00:00,27.0,1002.3,82.66
2023-06-02T03:00:00+00:00,27.0,1004.4,75.48
2023-06-02T06:00:00+00:00,31.8,1004.2,64.94
2023-06-02T09:00:00+00:00,35.6,1002.0,52.18
2023-06-02T12:00:00+00:00,36.0,1000.5,46.34
2023-06-02T15:00:00+00:00,33.8,1000.8,53.65
2023-06-02T18:00:00+00:00,32.0,1001.6,61.56
2023-06-02T21:00:00+00:00,30.6,1000.7,63.91
2023-06-03T00:00:00+00:00,28.8,1001.3,72.2
2023-06-03T03:00:00+00:00,31.0,1002.8,72.15
2023-06-03T06:00:00+00:00,35.0,1002.6,53.62
2023-06-03T09:00:00+00:00,39.0,1001.1,35.04
2023-06-03T12:00:00+00:00,39.2,998.4,32.18
2023-06-03T15:00:00+00:00,35.8,998.7,45.45
2023-06-03T18:00:00+00:00,30.2,1000.1,56.47
2023-06-03T21:00:00+00:00,22.4,1005.5,85.76
2023-06-04T00:00:00+00:00,24.0,1002.3,70.45
2023-06-04T03:00:00+00:00,25.4,1003.8,65.61
2023-06-04T06:00:00+00:00,30.2,1005.3,56.47
2023-06-04T09:00:00+00:00,34.2,1003.7,37.11
2023-06-04T12:00:00+00:00,35.6,1001.3,35.88
2023-06-04T15:00:00+00:00,31.4,1001.6,55.05
2023-06-04T18:00:00+00:00,29.8,1002.8,61.07
2023-06-04T21:00:00+00:00,28.2,1001.5,69.09
2023-06-05T00:00:00+00:00,26.8,1001.9,79.69
2023-06-05T03:00:00+00:00,29.0,1003.3,66.76
2023-06-05T06:00:00+00:00,35.0,1003.3,44.69
2023-06-05T09:00:00+00:00,37.4,1000.4,42.14
2023-06-05T12:00:00+00:00,36.0,998.9,52.28
2023-06-05T15:00:00+00:00,28.0,999.6,53.19
2023-06-05T18:00:00+00:00,29.2,1000.8,55.54
2023-06-05T21:00:00+00:00,28.2,1000.5,61.09
2023-06-06T00:00:00+00:00,27.0,1000.7,73.66
2023-06-06T03:00:00+00:00,29.6,1001.8,66.07
2023-06-06T06:00:00+00:00,34.4,1001.1,57.47
2023-06-06T09:00:00+00:00,38.0,998.9,41.79
2023-06-06T12:00:00+00:00,38.4,999.0,36.19
2023-06-06T15:00:00+00:00,28.6,1000.8,47.6
2023-06-06T18:00:00+00:00,29.0,1000.4,45.34
2023-06-06T21:00:00+00:00,27.6,1000.9,57.99
2023-06-07T00:00:00+00:00,27.0,1004.9,62.75
2023-06-07T03:00:00+00:00,30.8,1000.4,76.98
2023-06-07T06:00:00+00:00,36.4,1000.6,36.78
2023-06-07T09:00:00+00:00,39.0,999.4,33.55
2023-06-07T12:00:00+00:00,39.2,997.9,36.18
2023-06-07T15:00:00+00:00,36.0,999.1,42.55
2023-06-07T18:00:00+00:00,32.5,1000.1,59.84
2023-06-07T21:00:00+00:00,31.4,1000.4,63.31
2023-06-08T00:00:00+00:00,29.5,1001.4,77.25
2023-06-08T03:00:00+00:00,30.6,1002.3,74.26
2023-06-08T06:00:00+00:00,34.4,1001.8,50.02
2023-06-08T09:00:00+00:00,37.6,1000.3,41.43
2023-06-08T15:00:00+00:00,35.4,998.6,42.91
2023-06-08T18:00:00+00:00,33.0,999.1,56.45
2023-06-09T00:00:00+00:00,27.6,999.2,84.23
2023-06-09T03:00:00+00:00,29.0,999.8,73.55
2023-06-09T06:00:00+00:00,34.2,999.3,54.07
2023-06-09T09:00:00+00:00,38.0,997.2,39.08
2023-06-09T12:00:00+00:00,38.0,995.2,39.08
2023-06-09T15:00:00+00:00,35.0,995.8,46.65
2023-06-09T18:00:00+00:00,32.2,996.7,55.92
2023-06-09T21:00:00+00:00,29.4,996.2,63.27
2023-06-10T00:00:00+00:00,27.2,996.7,75.51
2023-06-10T03:00:00+00:00,29.0,998.0,73.55
2023-06-10T06:00:00+00:00,35.0,997.4,40.74
2023-06-10T09:00:00+00:00,38.8,995.5,30.89
2023-06-10T12:00:00+00:00,39.5,993.7,28.29
2023-06-10T15:00:00+00:00,35.6,994.4,38.44
2023-06-10T18:00:00+00:00,33.2,996.4,47.92
2023-06-10T21:00:00+00:00,30.6,996.7,56.92
2023-06-11T00:00:00+00:00,29.8,997.8,58.5
2023-06-11T03:00:00+00:00,31.8,998.8,52.18
2023-06-11T06:00:00+00:00,36.4,997.6,40.86
2023-06-11T09:00:00+00:00,39.8,995.7,30.39
2023-06-11T12:00:00+00:00,40.0,994.3,27.54
2023-06-11T15:00:00+00:00,37.0,995.4,30.03
2023-06-11T18:00:00+00:00,33.7,996.2,43.8
2023-06-11T21:00:00+00:00,33.5,995.6,40.58
2023-06-12T00:00:00+00:00,31.2,995.8,49.2
2023-06-12T03:00:00+00:00,32.0,997.9,45.57
2023-06-12T06:00:00+00:00,36.6,997.4,33.32
2023-06-12T09:00:00+00:00,40.4,995.0,27.3
2023-06-12T12:00:00+00:00,40.8,994.1,25.57
2023-06-12T15:00:00+00:00,37.4,995.4,28.46
2023-06-12T18:00:00+00:00,35.4,996.8,36.51
2023-06-12T21:00:00+00:00,33.8,996.7,43.28
2023-06-13T00:00:00+00:00,30.0,997.4,56.08
2023-06-13T03:00:00+00:00,31.6,998.7,56.46
2023-06-13T06:00:00+00:00,36.0,998.6,41.77
2023-06-13T09:00:00+00:00,39.0,996.1,34.39
2023-06-13T12:00:00+00:00,39.5,994.3,32.06
2023-06-13T15:00:00+00:00,37.0,994.9,36.49
2023-06-13T18:00:00+00:00,32.0,997.5,54.52
2023-06-13T21:00:00+00:00,30.2,997.2,62.67
2023-06-14T00:00:00+00:00,28.6,997.7,70.44
2023-06-14T03:00:00+00:00,30.4,999.5,63.87
2023-06-14T06:00:00+00:00,35.4,998.8,43.98
2023-06-14T09:00:00+00:00,38.2,997.1,33.55
2023-06-14T12:00:00+00:00,38.0,995.2,29.17
2023-06-14T15:00:00+00:00,34.2,996.5,44.75
2023-06-14T18:00:00+00:00,31.6,997.9,53.1
2023-06-14T21:00:00+00:00,30.0,997.5,58.55
2023-06-15T00:00:00+00:00,28.0,997.9,63.36
2023-06-15T06:00:00+00:00,33.8,998.6,46.33
2023-06-15T09:00:00+00:00,36.6,996.3,35.93
2023-06-15T12:00:00+00:00,35.8,995.1,38.73
2023-06-15T15:00:00+00:00,28.5,997.3,73.91
2023-06-15T18:00:00+00:00,27.8,998.4,68.59
2023-06-15T21:00:00+00:00,27.0,996.4,76.87
2023-06-16T00:00:00+00:00,27.2,996.3,82.68
2023-06-16T03:00:00+00:00,29.0,997.3,74.89
2023-06-16T06:00:00+00:00,31.8,997.1,60.05
2023-06-16T09:00:00+00:00,33.6,995.2,49.21
2023-06-16T12:00:00+00:00,31.6,994.2,63.74
2023-06-16T15:00:00+00:00,27.0,995.3,87.25
2023-06-16T18:00:00+00:00,26.4,995.9,88.78
2023-06-16T21:00:00+00:00,26.4,995.2,87.2
2023-06-17T00:00:00+00:00,27.0,993.5,82.66
2023-06-17T03:00:00+00:00,27.6,995.1,85.24
2023-06-17T06:00:00+00:00,28.2,995.7,83.3
2023-06-17T09:00:00+00:00,31.8,994.1,61.15
2023-06-17T12:00:00+00:00,30.0,993.7,72.84
2023-06-17T15:00:00+00:00,29.6,994.9,69.77
2023-06-17T18:00:00+00:00,28.0,997.1,80.34
2023-06-17T21:00:00+00:00,27.2,996.3,84.19
2023-06-18T00:00:00+00:00,26.9,996.8,84.16
2023-06-18T03:00:00+00:00,30.0,997.8,74.16
2023-06-18T06:00:00+00:00,36.0,997.6,44.41
2023-06-18T09:00:00+00:00,39.6,995.6,32.29
2023-06-18T12:00:00+00:00,40.4,993.9,29.62
2023-06-18T15:00:00+00:00,35.6,995.4,46.24
2023-06-18T18:00:00+00:00,32.6,997.5,69.09
2023-06-18T21:00:00+00:00,29.8,997.5,75.47
2023-06-19T00:00:00+00:00,28.0,997.4,83.27
2023-06-19T03:00:00+00:00,29.6,998.8,75.44
2023-06-19T06:00:00+00:00,35.0,998.3,53.62
2023-06-19T09:00:00+00:00,39.0,996.5,41.06
2023-06-19T12:00:00+00:00,39.0,995.0,41.06
2023-06-19T15:00:00+00:00,35.0,995.6,51.72
2023-06-19T18:00:00+00:00,32.4,997.0,60.55
2023-06-19T21:00:00+00:00,29.0,996.2,79.04
2023-06-20T00:00:00+00:00,27.5,996.6,80.27
2023-06-20T03:00:00+00:00,29.4,997.8,71.01
2023-06-20T06:00:00+00:00,34.4,997.4,50.94
2023-06-20T09:00:00+00:00,38.6,995.9,27.53
2023-06-20T12:00:00+00:00,38.8,994.4,35.63
2023-06-20T15:00:00+00:00,34.8,995.8,49.22
2023-06-20T18:00:00+00:00,31.0,997.7,64.38
2023-06-20T21:00:00+00:00,29.2,997.1,72.27
2023-06-21T00:00:00+00:00,27.4,997.8,76.93
2023-06-21T03:00:00+00:00,29.4,998.6,71.01
2023-06-21T06:00:00+00:00,34.2,998.4,55.06
2023-06-21T09:00:00+00:00,39.0,996.4,39.35
2023-06-21T12:00:00+00:00,38.4,994.9,38.25
2023-06-21T15:00:00+00:00,34.2,996.7,54.07
2023-06-21T18:00:00+00:00,31.4,998.3,66.04
2023-06-21T21:00:00+00:00,29.0,998.3,79.04
2023-06-22T00:00:00+00:00,28.2,998.8,78.93
2023-06-22T03:00:00+00:00,29.8,999.4,71.51
2023-06-22T06:00:00+00:00,34.8,999.0,53.57
2023-06-22T09:00:00+00:00,38.6,996.8,40.7
2023-06-22T12:00:00+00:00,38.6,995.4,38.07
2023-06-22T15:00:00+00:00,34.6,996.4,50.38
2023-06-22T18:00:00+00:00,31.8,998.0,63.78
2023-06-22T21:00:00+00:00,32.8,998.1,61.74
2023-06-23T00:00:00+00:00,27.6,998.2,82.73
2023-06-23T03:00:00+00:00,29.6,999.0,69.77
2023-06-23T06:00:00+00:00,34.6,998.6,49.17
2023-06-23T09:00:00+00:00,39.0,996.4,36.8
2023-06-23T12:00:00+00:00,39.4,994.8,33.04
2023-06-23T15:00:00+00:00,35.4,995.7,43.98
2023-06-23T18:00:00+00:00,32.5,997.8,57.02
2023-06-23T21:00:00+00:00,30.0,997.2,67.36
2023-06-24T00:00:00+00:00,28.0,996.8,78.9
2023-06-24T03:00:00+00:00,29.4,998.0,72.3
2023-06-24T06:00:00+00:00,34.4,997.3,53.15
2023-06-24T09:00:00+00:00,38.4,995.3,37.78
2023-06-24T12:00:00+00:00,39.0,993.5,35.91
2023-06-24T15:00:00+00:00,36.0,994.5,43.6
2023-06-24T18:00:00+00:00,33.6,996.4,54.58
2023-06-24T21:00:00+00:00,31.8,995.3,64.94
2023-06-25T00:00:00+00:00,28.8,996.5,77.61
2023-06-25T03:00:00+00:00,30.4,997.1,69.09
2023-06-25T06:00:00+00:00,35.6,996.5,47.09
2023-06-25T09:00:00+00:00,38.8,995.0,36.52
2023-06-25T12:00:00+00:00,39.2,993.2,36.18
2023-06-25T15:00:00+00:00,35.4,994.7,42.91
2023-06-25T18:00:00+00:00,34.0,997.5,49.62
2023-06-26T00:00:00+00:00,29.4,996.2,74.96
2023-06-26T03:00:00+00:00,31.0,997.8,65.56
2023-06-26T06:00:00+00:00,36.0,998.3,47.48
2023-06-26T09:00:00+00:00,38.6,996.1,39.73
2023-06-26T12:00:00+00:00,38.8,994.3,39.06
2023-06-26T15:00:00+00:00,36.0,995.8,44.41
2023-06-26T18:00:00+00:00,32.6,997.7,61.69
2023-06-26T21:00:00+00:00,32.0,997.9,63.82
2023-06-27T00:00:00+00:00,27.6,997.0,82.73
2023-06-27T03:00:00+00:00,31.0,998.3,72.15
2023-06-27T06:00:00+00:00,36.0,995.2,49.53
2023-06-27T09:00:00+00:00,39.0,995.7,41.06
2023-06-27T12:00:00+00:00,28.0,995.5,85.79
2023-06-27T15:00:00+00:00,28.5,997.2,76.64
2023-06-27T18:00:00+00:00,27.9,998.8,77.94
2023-06-27T21:00:00+00:00,27.8,998.4,82.75
2023-06-28T00:00:00+00:00,27.0,998.0,79.72
2023-06-28T03:00:00+00:00,28.4,999.2,77.55
2023-06-28T06:00:00+00:00,33.8,999.0,58.02
2023-06-28T09:00:00+00:00,38.4,996.8,40.4
2023-06-28T12:00:00+00:00,38.6,994.8,39.73
2023-06-28T15:00:00+00:00,35.4,997.5,50.89
2023-06-28T18:00:00+00:00,26.6,999.1,79.67
2023-06-28T21:00:00+00:00,27.8,998.4,82.75
2023-06-29T00:00:00+00:00,28.4,997.6,84.82
2023-06-29T03:00:00+00:00,30.6,998.6,76.95
2023-06-29T06:00:00+00:00,34.6,998.1,62.13
2023-06-29T09:00:00+00:00,38.8,995.3,45.14
2023-06-29T12:00:00+00:00,26.4,996.0,88.78
2023-06-29T15:00:00+00:00,27.0,996.0,88.83
2023-06-29T21:00:00+00:00,26.8,996.3,85.68
2023-06-30T03:00:00+00:00,28.4,997.0,84.82
2023-06-30T06:00:00+00:00,34.5,996.3,61.38
2023-06-30T12:00:00+00:00,37.2,991.8,49.54
2023-06-30T15:00:00+00:00,34.2,994.9,60.59
2023-06-30T18:00:00+00:00,28.2,996.6,64.98
2023-06-30T21:00:00+00:00,28.2,995.5,71.66
2023-07-01T00:00:00+00:00,28.0,995.5,83.27
2023-07-01T03:00:00+00:00,29.6,997.2,78.19
2023-07-01T06:00:00+00:00,35.0,996.9,55.91
2023-07-01T09:00:00+00:00,38.4,995.9,40.4
2023-07-01T12:00:00+00:00,38.2,994.5,38.43
2023-07-01T15:00:00+00:00,35.0,996.1,52.66
2023-07-01T18:00:00+00:00,33.0,997.7,59.96
2023-07-01T21:00:00+00:00,30.6,998.0,72.94
2023-07-02T00:00:00+00:00,29.0,998.3,78.57
2023-07-02T03:00:00+00:00,30.4,999.7,72.91
2023-07-02T06:00:00+00:00,34.4,999.2,55.44
2023-07-02T09:00:00+00:00,38.0,996.9,41.04
2023-07-02T12:00:00+00:00,38.2,995.5,41.09
2023-07-02T15:00:00+00:00,35.0,996.7,50.48
2023-07-02T18:00:00+00:00,33.4,997.6,54.53
2023-07-02T21:00:00+00:00,32.0,997.0,60.09
2023-07-03T00:00:00+00:00,29.4,998.2,74.96
2023-07-03T03:00:00+00:00,31.4,998.8,66.04
2023-07-03T06:00:00+00:00,35.6,998.2,49.13
2023-07-03T09:00:00+00:00,39.6,996.2,35.63
2023-07-03T12:00:00+00:00,39.6,994.3,33.3
2023-07-03T15:00:00+00:00,36.2,995.1,43.65
2023-07-03T18:00:00+00:00,34.0,995.9,50.84
2023-07-03T21:00:00+00:00,31.4,996.3,67.23
2023-07-04T00:00:00+00:00,29.6,995.7,72.34
2023-07-04T03:00:00+00:00,31.0,995.9,65.56
2023-07-04T06:00:00+00:00,37.0,995.4,45.49
2023-07-04T09:00:00+00:00,39.6,993.4,37.41
2023-07-04T12:00:00+00:00,39.4,990.5,36.24
2023-07-04T15:00:00+00:00,37.0,991.8,39.05
2023-07-04T18:00:00+00:00,33.0,993.6,57.48
2023-07-04T21:00:00+00:00,30.6,993.8,59.05
2023-07-05T00:00:00+00:00,28.6,993.5,74.83
2023-07-05T03:00:00+00:00,29.6,994.5,69.77
2023-07-05T06:00:00+00:00,35.6,993.4,47.09
2023-07-05T09:00:00+00:00,38.4,992.4,38.72
2023-07-05T12:00:00+00:00,38.4,990.8,38.72
2023-07-05T15:00:00+00:00,36.0,992.6,44.41
2023-07-05T18:00:00+00:00,33.0,995.2,58.53
2023-07-05T21:00:00+00:00,31.0,995.5,63.23
2023-07-06T00:00:00+00:00,29.5,995.3,75.87
2023-07-06T03:00:00+00:00,30.2,997.7,70.3
2023-07-06T06:00:00+00:00,34.2,997.2,51.83
2023-07-06T09:00:00+00:00,38.2,998.4,43.65
2023-07-06T12:00:00+00:00,36.6,994.0,45.11
2023-07-06T15:00:00+00:00,29.4,996.0,79.09
2023-07-06T18:00:00+00:00,29.0,997.6,73.55
2023-07-06T21:00:00+00:00,27.0,997.3,79.72
2023-07-07T00:00:00+00:00,28.0,997.2,81.79
2023-07-07T03:00:00+00:00,29.6,998.6,75.44
2023-07-07T06:00:00+00:00,31.2,998.8,70.91
2023-07-07T09:00:00+00:00,34.8,996.2,55.53
2023-07-07T12:00:00+00:00,31.5,994.2,71.38
2023-07-07T15:00:00+00:00,25.6,998.3,94.78
2023-07-07T18:00:00+00:00,26.4,998.9,94.81
2023-07-07T21:00:00+00:00,27.2,998.7,93.72
2023-07-08T00:00:00+00:00,25.6,998.0,94.78
2023-07-08T03:00:00+00:00,27.0,999.0,90.43
2023-07-08T06:00:00+00:00,28.0,998.8,87.34
2023-07-08T09:00:00+00:00,31.6,996.8,69.72
2023-07-08T12:00:00+00:00,30.4,995.6,71.62
2023-07-08T15:00:00+00:00,30.2,996.7,79.67
2023-07-08T18:00:00+00:00,30.0,998.2,86.49
2023-07-08T21:00:00+00:00,29.0,997.4,87.94
2023-07-09T00:00:00+00:00,28.2,997.3,87.35
2023-07-09T03:00:00+00:00,28.6,997.9,83.34
2023-07-09T06:00:00+00:00,31.4,998.3,70.94
2023-07-09T09:00:00+00:00,34.6,996.8,54.49
2023-07-09T12:00:00+00:00,35.4,995.2,47.9
2023-07-09T15:00:00+00:00,33.2,996.9,60.0
2023-07-09T18:00:00+00:00,31.0,997.9,72.15
2023-07-09T21:00:00+00:00,29.8,997.6,78.68
2023-07-10T00:00:00+00:00,28.0,997.9,83.77
2023-07-10T03:00:00+00:00,30.0,998.9,78.24
2023-07-10T06:00:00+00:00,34.2,999.1,57.42
2023-07-10T09:00:00+00:00,36.2,997.4,48.69
2023-07-10T12:00:00+00:00,37.0,995.7,46.32
2023-07-10T15:00:00+00:00,34.4,997.1,58.5
2023-07-10T18:00:00+00:00,33.0,998.6,63.28
2023-07-10T21:00:00+00:00,31.6,998.0,70.98
2023-07-11T00:00:00+00:00,28.8,998.2,79.01
2023-07-11T03:00:00+00:00,30.0,999.5,74.16
2023-07-11T06:00:00+00:00,35.8,999.3,50.38
2023-07-11T09:00:00+00:00,39.0,997.3,39.35
2023-07-11T12:00:00+00:00,39.0,995.5,35.04
2023-07-11T15:00:00+00:00,35.6,996.7,45.12
2023-07-11T18:00:00+00:00,32.6,997.9,60.59
2023-07-11T21:00:00+00:00,30.0,997.3,67.36
2023-07-12T00:00:00+00:00,28.0,997.6,77.02
2023-07-12T03:00:00+00:00,28.8,998.6,76.22
2023-07-12T06:00:00+00:00,35.5,997.6,49.1
2023-07-12T09:00:00+00:00,39.6,995.6,32.49
2023-07-12T12:00:00+00:00,40.0,994.4,33.0
2023-07-12T15:00:00+00:00,35.0,995.6,48.68
2023-07-12T18:00:00+00:00,32.2,997.0,59.06
2023-07-12T21:00:00+00:00,29.4,996.8,74.96
2023-07-13T00:00:00+00:00,27.6,997.9,75.58
2023-07-13T03:00:00+00:00,29.0,997.9,73.55
2023-07-13T06:00:00+00:00,35.4,997.2,47.04
2023-07-13T09:00:00+00:00,39.4,995.7,33.04
2023-07-13T15:00:00+00:00,35.5,995.8,45.1
2023-07-13T18:00:00+00:00,32.9,997.4,57.46
2023-07-13T21:00:00+00:00,30.2,997.1,72.88
2023-07-14T00:00:00+00:00,28.0,998.2,72.94
2023-07-14T03:00:00+00:00,29.4,999.1,67.25
2023-07-14T06:00:00+00:00,34.4,999.2,50.94
2023-07-14T09:00:00+00:00,38.4,997.5,37.78
2023-07-14T12:00:00+00:00,38.2,995.2,37.73
2023-07-14T15:00:00+00:00,35.0,996.9,46.65
2023-07-14T18:00:00+00:00,32.4,999.3,57.0
2023-07-14T21:00:00+00:00,31.0,998.9,62.09
2023-07-15T00:00:00+00:00,27.8,997.7,75.61
2023-07-15T03:00:00+00:00,29.4,998.6,68.48
2023-07-15T06:00:00+00:00,34.2,998.5,54.07
2023-07-15T09:00:00+00:00,37.4,996.4,42.14
2023-07-15T12:00:00+00:00,37.0,994.8,40.77
2023-07-15T15:00:00+00:00,34.2,996.4,49.97
2023-07-15T18:00:00+00:00,31.8,997.8,60.05
2023-07-15T21:00:00+00:00,30.0,997.4,68.18
2023-07-16T00:00:00+00:00,27.8,997.5,72.91
2023-07-16T03:00:00+00:00,29.4,998.2,67.25
2023-07-16T06:00:00+00:00,33.6,997.4,53.6
2023-07-16T09:00:00+00:00,38.0,996.3,41.04
2023-07-16T12:00:00+00:00,37.0,994.9,40.77
2023-07-16T15:00:00+00:00,34.0,996.6,52.73
2023-07-16T18:00:00+00:00,31.8,997.9,63.78
2023-07-16T21:00:00+00:00,29.6,998.0,69.77
2023-07-17T00:00:00+00:00,28.2,997.5,78.93
2023-07-17T03:00:00+00:00,29.6,998.2,72.34
2023-07-17T06:00:00+00:00,34.0,997.8,55.01
2023-07-17T09:00:00+00:00,37.8,995.9,39.75
2023-07-17T12:00:00+00:00,38.8,993.7,36.52
2023-07-17T15:00:00+00:00,36.0,995.4,44.41
2023-07-17T18:00:00+00:00,34.0,996.2,49.62
2023-07-17T21:00:00+00:00,31.4,996.6,59.96
2023-07-18T00:00:00+00:00,29.2,996.2,75.83
2023-07-18T03:00:00+00:00,30.4,997.1,72.91
2023-07-18T06:00:00+00:00,35.6,996.8,50.94
2023-07-18T09:00:00+00:00,39.8,994.5,39.09
2023-07-18T12:00:00+00:00,39.4,993.6,39.7
2023-07-18T15:00:00+00:00,35.4,993.5,51.82
2023-07-18T18:00:00+00:00,34.4,995.4,53.15
2023-07-18T21:00:00+00:00,31.8,994.6,69.76
2023-07-19T00:00:00+00:00,29.6,995.1,75.44
2023-07-19T03:00:00+00:00,31.0,995.5,70.87
2023-07-19T06:00:00+00:00,37.4,994.9,45.87
2023-07-19T09:00:00+00:00,41.0,992.9,38.25
2023-07-19T12:00:00+00:00,39.4,991.3,39.7
2023-07-19T15:00:00+00:00,29.0,995.3,87.94
2023-07-19T18:00:00+00:00,26.2,996.2,93.68
2023-07-19T21:00:00+00:00,27.0,996.5,93.71
2023-07-20T00:00:00+00:00,27.2,996.6,90.44
2023-07-20T03:00:00+00:00,29.0,997.2,78.57
2023-07-20T06:00:00+00:00,33.5,997.1,65.29
2023-07-20T09:00:00+00:00,35.6,995.5,57.4
2023-07-20T12:00:00+00:00,36.4,993.9,57.93
2023-07-20T15:00:00+00:00,32.5,995.7,64.7
2023-07-20T18:00:00+00:00,31.5,997.1,77.99
2023-07-20T21:00:00+00:00,30.0,997.5,84.98
2023-07-21T00:00:00+00:00,29.4,996.5,89.54
2023-07-21T03:00:00+00:00,30.8,998.1,82.61
2023-07-21T06:00:00+00:00,35.4,997.9,61.57
2023-07-21T09:00:00+00:00,38.6,995.7,41.45
2023-07-21T12:00:00+00:00,33.2,995.2,74.24
2023-07-21T15:00:00+00:00,28.8,998.7,84.86
2023-07-21T18:00:00+00:00,27.5,1001.0,93.73
2023-07-21T21:00:00+00:00,27.5,998.7,95.41
2023-07-22T00:00:00+00:00,27.4,998.5,94.84
2023-07-22T03:00:00+00:00,28.2,999.8,93.77
2023-07-22T06:00:00+00:00,31.2,1000.6,76.14
2023-07-22T09:00:00+00:00,34.6,998.2,64.37
2023-07-22T12:00:00+00:00,35.0,996.6,61.12
2023-07-22T15:00:00+00:00,31.6,998.6,72.25
2023-07-22T18:00:00+00:00,30.6,1000.0,81.15
2023-07-22T21:00:00+00:00,27.6,1000.7,85.75
2023-07-23T00:00:00+00:00,26.0,999.0,93.67
2023-07-23T03:00:00+00:00,29.4,1000.1,89.54
2023-07-23T06:00:00+00:00,34.0,999.6,68.54
2023-07-23T09:00:00+00:00,35.0,996.9,58.99
2023-07-23T12:00:00+00:00,31.4,995.1,81.25
2023-07-23T15:00:00+00:00,30.0,997.0,78.24
2023-07-23T18:00:00+00:00,26.6,998.0,92.04
2023-07-23T21:00:00+00:00,27.0,997.0,95.39
2023-07-24T00:00:00+00:00,27.0,997.3,95.39
2023-07-24T03:00:00+00:00,29.0,998.2,89.51
2023-07-24T06:00:00+00:00,33.2,997.8,70.43
2023-07-24T09:00:00+00:00,33.8,995.5,66.13
2023-07-24T12:00:00+00:00,31.4,994.7,73.95
2023-07-24T15:00:00+00:00,28.6,996.9,83.34
2023-07-24T18:00:00+00:00,28.0,998.1,87.34
2023-07-24T21:00:00+00:00,28.4,997.5,88.94
2023-07-25T00:00:00+00:00,28.0,997.1,93.76
2023-07-25T03:00:00+00:00,29.6,998.0,86.96
2023-07-25T06:00:00+00:00,29.0,999.5,92.17
2023-07-25T09:00:00+00:00,31.8,997.6,80.35
2023-07-25T12:00:00+00:00,30.6,996.7,79.73
2023-07-25T15:00:00+00:00,29.0,999.4,83.39
2023-07-25T18:00:00+00:00,28.0,999.9,90.5
2023-07-25T21:00:00+00:00,28.0,999.2,92.11
2023-07-26T00:00:00+00:00,27.4,999.6,93.73
2023-07-26T03:00:00+00:00,27.4,1001.4,93.73
2023-07-26T06:00:00+00:00,30.2,1001.3,82.54
2023-07-26T09:00:00+00:00,33.0,999.4,69.16
2023-07-26T12:00:00+00:00,33.0,997.7,66.75
2023-07-26T15:00:00+00:00,31.0,999.4,77.47
2023-07-26T18:00:00+00:00,29.4,1001.2,84.92
2023-07-26T21:00:00+00:00,28.6,999.7,88.95
2023-07-27T00:00:00+00:00,28.0,999.6,92.11
2023-07-27T03:00:00+00:00,28.6,1000.7,88.95
2023-07-27T06:00:00+00:00,33.0,1000.5,67.95
2023-07-27T09:00:00+00:00,31.0,999.5,74.77
2023-07-27T15:00:00+00:00,29.4,998.7,84.92
2023-07-27T18:00:00+00:00,29.0,999.6,90.56
2023-07-27T21:00:00+00:00,28.0,997.7,92.11
2023-07-28T00:00:00+00:00,27.4,997.2,92.08
2023-07-28T03:00:00+00:00,27.6,998.7,87.3
2023-07-28T06:00:00+00:00,30.0,998.6,77.32
2023-07-28T09:00:00+00:00,33.0,997.0,69.16
2023-07-28T12:00:00+00:00,34.0,994.8,61.63
2023-07-28T15:00:00+00:00,31.4,996.0,69.69
2023-07-28T18:00:00+00:00,29.6,997.6,79.59
2023-07-28T21:00:00+00:00,27.6,996.4,82.73
2023-07-29T00:00:00+00:00,26.8,996.4,85.68
2023-07-29T03:00:00+00:00,27.2,998.1,83.68
2023-07-29T06:00:00+00:00,31.2,997.7,70.91
2023-07-29T09:00:00+00:00,33.6,996.1,62.65
2023-07-29T12:00:00+00:00,34.0,994.9,59.47
2023-07-29T15:00:00+00:00,31.6,996.1,66.08
2023-07-29T18:00:00+00:00,29.5,997.8,73.64
2023-07-29T21:00:00+00:00,28.0,997.6,79.38
2023-07-30T00:00:00+00:00,26.8,997.6,86.19
2023-07-30T03:00:00+00:00,28.2,998.1,83.3
2023-07-30T06:00:00+00:00,31.6,998.5,67.27
2023-07-30T09:00:00+00:00,34.6,996.6,55.48
2023-07-30T12:00:00+00:00,34.2,994.8,57.42
2023-07-30T15:00:00+00:00,31.6,995.9,64.9
2023-07-30T18:00:00+00:00,30.0,997.2,78.24
2023-07-30T21:00:00+00:00,29.0,997.5,81.91
2023-07-31T00:00:00+00:00,27.4,998.2,85.73
2023-07-31T03:00:00+00:00,28.6,997.2,80.41
2023-07-31T06:00:00+00:00,33.2,997.3,61.09
2023-07-31T09:00:00+00:00,35.6,996.2,52.18
2023-07-31T12:00:00+00:00,35.4,994.5,51.82
2023-07-31T15:00:00+00:00,32.2,995.4,62.73
2023-07-31T18:00:00+00:00,30.2,997.5,75.53
2023-07-31T21:00:00+00:00,28.4,995.9,84.82
2023-08-01T00:00:00+00:00,27.6,995.9,87.3
2023-08-01T03:00:00+00:00,28.5,997.0,79.44
2023-08-01T06:00:00+00:00,33.2,996.5,61.09
2023-08-01T09:00:00+00:00,35.8,995.3,51.61
2023-08-01T12:00:00+00:00,35.6,992.9,52.18
2023-08-01T15:00:00+00:00,32.0,994.9,64.98
2023-08-01T18:00:00+00:00,29.6,996.3,76.8
2023-08-01T21:00:00+00:00,28.4,996.0,81.84
2023-08-02T00:00:00+00:00,27.2,995.6,85.71
2023-08-02T03:00:00+00:00,28.4,996.7,77.55
2023-08-02T06:00:00+00:00,31.4,996.7,64.47
2023-08-02T09:00:00+00:00,34.2,995.5,55.06
2023-08-02T12:00:00+00:00,34.0,994.2,55.01
2023-08-02T15:00:00+00:00,31.0,995.4,65.56
2023-08-02T18:00:00+00:00,29.0,996.3,74.89
2023-08-02T21:00:00+00:00,27.5,995.9,81.73
2023-08-03T00:00:00+00:00,26.5,996.0,84.62
2023-08-03T03:00:00+00:00,27.2,996.7,82.68
2023-08-03T06:00:00+00:00,31.0,996.2,65.56
2023-08-03T09:00:00+00:00,34.6,995.3,56.49
2023-08-03T12:00:00+00:00,34.8,994.4,54.54
2023-08-03T15:00:00+00:00,31.4,995.8,63.31
2023-08-03T18:00:00+00:00,29.0,997.4,77.64
2023-08-03T21:00:00+00:00,28.2,997.3,80.36
2023-08-04T00:00:00+00:00,26.2,996.7,90.38
2023-08-04T03:00:00+00:00,28.0,998.2,80.34
2023-08-04T06:00:00+00:00,32.8,998.1,58.49
2023-08-04T09:00:00+00:00,35.5,997.3,48.51
2023-08-04T12:00:00+00:00,35.5,996.5,47.35
2023-08-04T15:00:00+00:00,31.6,998.3,64.9
2023-08-04T18:00:00+00:00,29.4,999.4,76.31
2023-08-04T21:00:00+00:00,27.6,999.5,84.23
2023-08-05T00:00:00+00:00,26.2,1000.0,90.38
2023-08-05T03:00:00+00:00,28.0,1001.2,78.9
2023-08-05T06:00:00+00:00,32.0,1000.9,64.98
2023-08-05T09:00:00+00:00,36.2,999.0,47.53
2023-08-05T12:00:00+00:00,35.0,997.8,51.72
2023-08-05T15:00:00+00:00,31.6,999.7,62.22
2023-08-05T18:00:00+00:00,29.2,1000.0,72.27
2023-08-05T21:00:00+00:00,27.6,999.0,81.25
2023-08-06T00:00:00+00:00,26.6,998.4,85.66
2023-08-06T03:00:00+00:00,27.4,999.3,76.93
2023-08-06T06:00:00+00:00,32.2,997.8,59.06
2023-08-06T09:00:00+00:00,34.6,996.0,52.24
2023-08-06T12:00:00+00:00,33.0,995.0,61.05
2023-08-06T15:00:00+00:00,29.6,995.7,67.28
2023-08-06T18:00:00+00:00,28.0,996.0,72.94
2023-08-06T21:00:00+00:00,26.6,994.7,79.67
2023-08-07T00:00:00+00:00,26.4,994.1,81.1
2023-08-07T03:00:00+00:00,28.0,994.9,75.64
2023-08-07T06:00:00+00:00,32.0,994.7,60.09
2023-08-07T09:00:00+00:00,35.0,993.0,52.66
2023-08-07T12:00:00+00:00,33.4,993.1,55.53
2023-08-07T18:00:00+00:00,27.6,995.2,76.96
2023-08-07T21:00:00+00:00,26.6,995.0,81.13
2023-08-08T00:00:00+00:00,26.2,994.9,81.08
2023-08-08T03:00:00+00:00,27.4,996.1,74.18
2023-08-08T06:00:00+00:00,32.4,996.3,55.97
2023-08-08T09:00:00+00:00,35.4,995.1,46.75
2023-08-08T12:00:00+00:00,33.8,995.2,53.32
2023-08-08T15:00:00+00:00,30.2,997.2,63.83
2023-08-08T18:00:00+00:00,28.6,998.2,73.49
2023-08-08T21:00:00+00:00,27.0,998.2,79.72
2023-08-09T00:00:00+00:00,26.4,998.3,81.1
2023-08-09T03:00:00+00:00,27.6,1000.0,75.58
2023-08-09T06:00:00+00:00,31.6,1000.4,60.0
2023-08-09T09:00:00+00:00,35.0,998.9,48.68
2023-08-09T12:00:00+00:00,34.0,1000.1,51.78
2023-08-09T15:00:00+00:00,30.6,999.9,63.91
2023-08-09T18:00:00+00:00,28.6,1000.7,69.16
2023-08-09T21:00:00+00:00,27.6,1000.2,72.87
2023-08-10T03:00:00+00:00,27.2,1001.1,76.9
2023-08-10T06:00:00+00:00,32.4,1001.1,55.97
2023-08-10T09:00:00+00:00,35.6,999.8,45.96
2023-08-10T15:00:00+00:00,31.0,1000.7,61.71
2023-08-10T18:00:00+00:00,28.6,1001.7,73.49
2023-08-10T21:00:00+00:00,27.6,1001.2,76.96
2023-08-11T00:00:00+00:00,26.0,1001.6,84.06
2023-08-11T03:00:00+00:00,27.4,1001.9,74.18
2023-08-11T06:00:00+00:00,31.8,1002.0,58.97
2023-08-11T09:00:00+00:00,35.8,999.0,45.45
2023-08-11T12:00:00+00:00,35.6,999.1,46.24
2023-08-11T15:00:00+00:00,31.5,1000.6,58.18
2023-08-11T18:00:00+00:00,29.4,1001.1,68.48
2023-08-11T21:00:00+00:00,28.0,1000.2,74.28
2023-08-12T00:00:00+00:00,25.8,1000.4,85.58
2023-08-12T03:00:00+00:00,27.6,1000.7,75.58
2023-08-12T06:00:00+00:00,32.6,1000.3,55.0
2023-08-12T09:00:00+00:00,35.2,998.5,46.41
2023-08-12T12:00:00+00:00,33.4,997.3,55.53
2023-08-12T15:00:00+00:00,30.8,998.1,64.34
2023-08-12T18:00:00+00:00,28.4,998.5,76.16
2023-08-12T21:00:00+00:00,27.6,999.0,79.8
2023-08-13T00:00:00+00:00,25.8,996.3,80.54
2023-08-13T03:00:00+00:00,27.4,997.0,73.28
2023-08-13T06:00:00+00:00,31.8,996.8,58.97
2023-08-13T09:00:00+00:00,35.0,995.3,51.72
2023-08-13T12:00:00+00:00,33.6,994.7,55.92
2023-08-13T15:00:00+00:00,31.0,995.9,65.56
2023-08-13T18:00:00+00:00,28.8,996.6,74.86
2023-08-13T21:00:00+00:00,27.6,996.6,76.96
2023-08-14T00:00:00+00:00,26.4,996.7,76.32
2023-08-14T03:00:00+00:00,27.4,997.8,74.18
2023-08-14T06:00:00+00:00,32.8,998.9,55.05
2023-08-14T09:00:00+00:00,36.4,997.1,45.89
2023-08-14T12:00:00+00:00,34.8,996.9,50.43
2023-08-14T15:00:00+00:00,30.8,999.2,62.8
2023-08-14T18:00:00+00:00,29.8,1000.2,69.81
2023-08-14T21:00:00+00:00,28.0,1000.2,77.49
2023-08-15T00:00:00+00:00,26.8,1000.4,82.64
2023-08-15T03:00:00+00:00,27.6,1001.6,76.96
2023-08-15T06:00:00+00:00,31.2,1001.9,59.55
2023-08-15T09:00:00+00:00,34.6,1000.9,48.28
2023-08-15T12:00:00+00:00,34.4,1000.0,49.12
2023-08-15T15:00:00+00:00,31.2,1001.4,61.01
2023-08-15T18:00:00+00:00,29.4,1002.1,69.73
2023-08-15T21:00:00+00:00,28.6,1001.6,73.49
2023-08-16T00:00:00+00:00,26.4,1001.9,85.64
2023-08-16T03:00:00+00:00,27.6,1002.3,78.37
2023-08-16T06:00:00+00:00,31.6,1003.1,57.5
2023-08-16T09:00:00+00:00,34.2,1001.6,45.87
2023-08-16T12:00:00+00:00,34.6,1000.3,45.13
2023-08-16T15:00:00+00:00,31.0,1001.3,59.5
2023-08-16T18:00:00+00:00,28.4,1002.0,76.16
2023-08-16T21:00:00+00:00,27.2,1001.1,78.31
2023-08-17T00:00:00+00:00,26.0,1001.1,82.54
2023-08-17T03:00:00+00:00,27.6,1002.1,75.58
2023-08-17T06:00:00+00:00,32.4,1001.8,57.69
2023-08-17T09:00:00+00:00,36.4,999.7,45.89
2023-08-17T12:00:00+00:00,36.2,999.0,43.92
2023-08-17T18:00:00+00:00,29.0,1001.3,73.55
2023-08-17T21:00:00+00:00,27.4,1000.5,79.77
2023-08-18T00:00:00+00:00,25.2,1000.5,83.46
2023-08-18T03:00:00+00:00,26.8,1001.6,76.84
2023-08-18T06:00:00+00:00,32.6,1001.4,55.0
2023-08-18T09:00:00+00:00,37.4,999.2,38.68
2023-08-18T12:00:00+00:00,38.0,998.0,35.64
2023-08-18T15:00:00+00:00,33.5,999.3,49.49
2023-08-18T18:00:00+00:00,31.0,1000.7,64.38
2023-08-18T21:00:00+00:00,29.4,999.8,72.3
2023-08-19T00:00:00+00:00,26.0,1000.7,85.6
2023-08-19T03:00:00+00:00,26.8,1001.9,78.26
2023-08-19T06:00:00+00:00,34.0,1001.3,52.73
2023-08-19T09:00:00+00:00,38.6,1009.6,39.73
2023-08-19T12:00:00+00:00,38.6,1008.2,37.15
2023-08-19T15:00:00+00:00,35.0,999.2,43.6
2023-08-19T18:00:00+00:00,33.0,1000.9,53.13
2023-08-19T21:00:00+00:00,30.6,1001.4,62.76
2023-08-20T00:00:00+00:00,29.2,999.8,77.66
2023-08-20T03:00:00+00:00,30.0,1001.6,74.16
2023-08-20T06:00:00+00:00,35.2,1001.2,50.84
2023-08-20T09:00:00+00:00,38.0,999.4,44.4
2023-08-20T12:00:00+00:00,30.8,999.6,69.16
2023-08-20T15:00:00+00:00,30.2,1000.6,70.3
2023-08-20T18:00:00+00:00,29.2,1000.7,81.94
2023-08-20T21:00:00+00:00,28.6,999.8,81.87
2023-08-21T00:00:00+00:00,27.4,1000.1,85.73
2023-08-21T03:00:00+00:00,29.2,1001.1,79.07
2023-08-21T06:00:00+00:00,35.6,1000.5,50.94
2023-08-21T09:00:00+00:00,38.4,999.4,44.77
2023-08-21T12:00:00+00:00,38.8,997.1,40.76
2023-08-21T15:00:00+00:00,36.4,998.1,47.87
2023-08-21T18:00:00+00:00,32.8,999.1,59.55
2023-08-21T21:00:00+00:00,29.4,998.8,72.3
2023-08-22T00:00:00+00:00,27.0,999.3,84.17
2023-08-22T03:00:00+00:00,28.0,1000.2,77.49
2023-08-22T06:00:00+00:00,35.0,999.4,48.68
2023-08-22T09:00:00+00:00,38.8,997.3,39.06
2023-08-22T12:00:00+00:00,37.4,996.1,42.14
2023-08-22T15:00:00+00:00,33.0,997.7,54.1
2023-08-22T18:00:00+00:00,29.5,998.5,69.33
2023-08-22T21:00:00+00:00,27.2,998.2,79.75
2023-08-23T00:00:00+00:00,26.0,997.2,79.1
2023-08-23T03:00:00+00:00,27.4,997.8,74.18
2023-08-23T06:00:00+00:00,31.6,997.1,60.0
2023-08-23T09:00:00+00:00,34.0,995.8,52.73
2023-08-23T12:00:00+00:00,32.6,995.5,56.01
2023-08-23T15:00:00+00:00,28.6,996.0,69.16
2023-08-23T18:00:00+00:00,26.8,996.8,76.84
2023-08-23T21:00:00+00:00,26.6,995.8,78.23
2023-08-24T00:00:00+00:00,25.8,995.6,80.54
2023-08-24T03:00:00+00:00,27.6,995.8,71.55
2023-08-24T06:00:00+00:00,32.0,995.8,55.53
2023-08-24T09:00:00+00:00,35.2,994.5,45.85
2023-08-24T18:00:00+00:00,28.2,996.1,69.09
2023-08-24T21:00:00+00:00,27.0,995.8,79.72
2023-08-25T00:00:00+00:00,25.6,995.7,80.51
2023-08-25T03:00:00+00:00,27.4,996.8,72.84
2023-08-25T06:00:00+00:00,31.6,996.5,56.46
2023-08-25T09:00:00+00:00,35.2,995.4,45.85
2023-08-25T12:00:00+00:00,34.2,995.5,46.72
2023-08-25T15:00:00+00:00,30.6,997.1,59.05
2023-08-25T18:00:00+00:00,28.6,998.1,70.44
2023-08-25T21:00:00+00:00,27.4,997.9,76.93
2023-08-26T00:00:00+00:00,26.2,998.3,82.57
2023-08-26T03:00:00+00:00,26.8,999.5,78.26
2023-08-26T06:00:00+00:00,31.8,999.4,55.48
2023-08-26T09:00:00+00:00,35.2,997.7,43.66
2023-08-26T12:00:00+00:00,34.2,996.9,47.88
2023-08-26T15:00:00+00:00,31.4,999.4,57.46
2023-08-26T18:00:00+00:00,29.2,1001.1,66.8
2023-08-26T21:00:00+00:00,27.0,999.6,79.72
2023-08-27T00:00:00+00:00,26.0,1000.1,80.56
2023-08-27T03:00:00+00:00,26.8,1000.9,78.26
2023-08-27T06:00:00+00:00,32.6,1000.3,56.01
2023-08-27T09:00:00+00:00,36.6,998.2,44.3
2023-08-27T12:00:00+00:00,36.2,997.0,43.92
2023-08-27T15:00:00+00:00,31.2,998.4,58.47
2023-08-27T18:00:00+00:00,28.0,999.7,70.33
2023-08-28T00:00:00+00:00,25.4,997.7,81.97
2023-08-28T03:00:00+00:00,26.6,999.4,74.96
2023-08-28T06:00:00+00:00,31.6,999.3,56.46
2023-08-28T09:00:00+00:00,35.6,997.1,44.03
2023-08-28T12:00:00+00:00,35.2,996.3,44.74
2023-08-28T15:00:00+00:00,31.2,997.8,59.55
2023-08-28T18:00:00+00:00,27.6,999.4,69.82
2023-08-28T21:00:00+00:00,26.6,999.1,74.96
2023-08-29T00:00:00+00:00,26.4,1000.1,77.72
2023-08-29T03:00:00+00:00,27.0,1003.3,76.87
2023-08-29T06:00:00+00:00,32.0,1002.7,56.9
2023-08-29T09:00:00+00:00,35.0,1000.1,45.52
2023-08-29T12:00:00+00:00,34.6,999.7,48.28
2023-08-29T15:00:00+00:00,31.2,1001.5,58.47
2023-08-29T18:00:00+00:00,29.6,1003.1,67.28
2023-08-29T21:00:00+00:00,27.6,1003.0,75.58
2023-08-30T00:00:00+00:00,25.8,1003.6,82.02
2023-08-30T03:00:00+00:00,26.6,1004.9,79.67
2023-08-30T06:00:00+00:00,32.2,1004.5,54.57
2023-08-30T09:00:00+00:00,35.8,1002.7,42.49
2023-08-30T12:00:00+00:00,36.4,1001.1,41.11
2023-08-30T15:00:00+00:00,33.0,1002.4,49.97
2023-08-30T18:00:00+00:00,30.2,1003.8,63.83
2023-08-30T21:00:00+00:00,28.2,1003.7,71.66
2023-08-31T00:00:00+00:00,25.6,1004.4,87.12
2023-08-31T03:00:00+00:00,27.0,1005.1,75.94
2023-08-31T06:00:00+00:00,34.2,1004.9,44.75
2023-08-31T09:00:00+00:00,37.4,1003.1,37.74
2023-08-31T12:00:00+00:00,36.8,1002.1,37.35
2023-08-31T15:00:00+00:00,32.5,1003.6,46.56
2023-08-31T18:00:00+00:00,30.4,1004.2,51.18
2023-08-31T21:00:00+00:00,28.4,1003.8,61.14
2023-09-01T00:00:00+00:00,26.0,1004.4,80.56
2023-09-01T03:00:00+00:00,27.4,1006.1,72.84
2023-09-01T06:00:00+00:00,37.6,1005.8,37.1
2023-09-01T09:00:00+00:00,37.4,1003.1,33.54
2023-09-01T12:00:00+00:00,36.4,1001.9,35.87
2023-09-01T15:00:00+00:00,32.8,1002.9,44.38
2023-09-01T18:00:00+00:00,29.8,1003.8,58.5
2023-09-01T21:00:00+00:00,28.0,1003.4,72.94
2023-09-02T00:00:00+00:00,25.4,1003.8,81.97
2023-09-02T03:00:00+00:00,27.0,1005.1,71.01
2023-09-02T06:00:00+00:00,34.0,1004.2,42.54
2023-09-02T09:00:00+00:00,38.2,1001.7,31.91
2023-09-02T12:00:00+00:00,37.4,1000.1,32.5
2023-09-02T15:00:00+00:00,32.6,1001.3,48.35
2023-09-02T18:00:00+00:00,29.0,1002.4,66.76
2023-09-03T00:00:00+00:00,24.6,1002.3,83.39
2023-09-03T03:00:00+00:00,26.6,1002.7,73.6
2023-09-03T06:00:00+00:00,34.0,1002.6,42.54
2023-09-03T09:00:00+00:00,37.0,1000.3,33.85
2023-09-03T12:00:00+00:00,36.0,999.1,33.58
2023-09-03T15:00:00+00:00,31.8,1000.7,46.38
2023-09-03T18:00:00+00:00,29.2,1001.6,59.09
2023-09-03T21:00:00+00:00,26.8,1001.6,70.97
2023-09-04T00:00:00+00:00,24.4,1001.5,88.08
2023-09-04T03:00:00+00:00,26.6,1002.0,76.35
2023-09-04T06:00:00+00:00,33.0,1001.3,48.76
2023-09-04T09:00:00+00:00,36.6,999.4,37.76
2023-09-04T12:00:00+00:00,33.6,998.6,39.35
2023-09-04T15:00:00+00:00,32.4,999.7,45.96
2023-09-04T18:00:00+00:00,29.8,1001.0,59.59
2023-09-04T21:00:00+00:00,27.6,1001.2,72.87
2023-09-05T00:00:00+00:00,25.6,1002.0,87.12
2023-09-05T03:00:00+00:00,26.8,1003.4,81.15
2023-09-05T06:00:00+00:00,34.4,1002.9,42.12
2023-09-05T09:00:00+00:00,37.4,1000.7,32.5
2023-09-05T12:00:00+00:00,37.8,999.2,31.01
2023-09-05T15:00:00+00:00,33.4,1000.7,42.91
2023-09-05T18:00:00+00:00,30.2,1001.8,54.08
2023-09-05T21:00:00+00:00,28.8,1001.6,65.51
2023-09-06T00:00:00+00:00,26.8,1002.2,81.15
2023-09-06T03:00:00+00:00,28.0,1003.7,76.56
2023-09-06T06:00:00+00:00,34.0,1003.7,48.72
2023-09-06T09:00:00+00:00,38.4,1001.0,35.31
2023-09-06T12:00:00+00:00,38.8,999.3,30.89
2023-09-06T15:00:00+00:00,35.6,1000.5,41.41
2023-09-06T18:00:00+00:00,33.2,1000.8,45.89
2023-09-06T21:00:00+00:00,31.6,1000.9,51.81
2023-09-07T00:00:00+00:00,30.0,1001.1,61.12
2023-09-07T03:00:00+00:00,31.2,1002.3,58.47
2023-09-07T06:00:00+00:00,38.0,1001.5,36.53
2023-09-07T09:00:00+00:00,40.8,999.1,29.91
2023-09-07T15:00:00+00:00,36.8,999.0,38.76
2023-09-07T18:00:00+00:00,34.8,999.9,38.7
2023-09-07T21:00:00+00:00,31.8,1000.3,48.75
2023-09-08T00:00:00+00:00,29.5,999.5,60.26
2023-09-08T03:00:00+00:00,31.6,1001.1,54.09
2023-09-08T06:00:00+00:00,40.0,1000.6,32.19
2023-09-08T09:00:00+00:00,42.0,997.9,29.67
2023-09-08T12:00:00+00:00,41.4,996.4,25.56
2023-09-08T15:00:00+00:00,36.8,997.9,40.72
2023-09-08T18:00:00+00:00,35.2,998.9,41.81
2023-09-08T21:00:00+00:00,33.2,997.6,44.76
2023-09-09T00:00:00+00:00,29.6,998.4,60.66
2023-09-09T03:00:00+00:00,32.0,999.5,64.98
2023-09-09T06:00:00+00:00,38.8,999.2,37.43
2023-09-09T09:00:00+00:00,42.5,996.6,22.79
2023-09-09T12:00:00+00:00,42.0,995.6,24.15
2023-09-09T15:00:00+00:00,38.0,996.4,40.05
2023-09-09T18:00:00+00:00,35.4,997.2,44.79
2023-09-09T21:00:00+00:00,32.0,996.1,66.16
2023-09-10T00:00:00+00:00,29.2,996.9,83.41
2023-09-10T03:00:00+00:00,28.8,998.1,79.01
2023-09-10T06:00:00+00:00,37.0,997.7,47.45
2023-09-10T09:00:00+00:00,42.0,995.1,30.41
2023-09-10T12:00:00+00:00,41.8,994.4,28.72
2023-09-10T15:00:00+00:00,37.6,995.6,43.23
2023-09-10T18:00:00+00:00,33.0,997.1,64.42
2023-09-10T21:00:00+00:00,28.6,997.1,77.58
2023-09-11T00:00:00+00:00,25.8,998.6,87.14
2023-09-11T03:00:00+00:00,27.4,999.7,78.34
2023-09-11T06:00:00+00:00,35.8,999.1,49.18
2023-09-11T09:00:00+00:00,39.6,996.7,38.1
2023-09-11T12:00:00+00:00,40.0,996.0,36.18
2023-09-11T15:00:00+00:00,35.4,997.4,46.75
2023-09-11T18:00:00+00:00,31.0,998.8,67.97
2023-09-11T21:00:00+00:00,28.6,998.8,80.41
2023-09-12T00:00:00+00:00,25.5,999.5,87.64
2023-09-12T03:00:00+00:00,27.0,1000.5,79.72
2023-09-12T06:00:00+00:00,33.6,1000.1,53.6
2023-09-12T09:00:00+00:00,39.0,998.0,38.41
2023-09-12T12:00:00+00:00,38.0,997.1,41.04
2023-09-12T15:00:00+00:00,34.6,998.6,50.38
2023-09-12T18:00:00+00:00,30.6,999.5,67.89
2023-09-12T21:00:00+00:00,28.2,998.2,80.36
2023-09-13T00:00:00+00:00,25.6,999.4,85.04
2023-09-13T03:00:00+00:00,26.8,1001.2,78.26
2023-09-13T06:00:00+00:00,33.0,1000.6,57.48
2023-09-13T09:00:00+00:00,38.0,998.4,43.6
2023-09-13T12:00:00+00:00,37.6,997.1,43.23
2023-09-13T15:00:00+00:00,34.0,999.0,52.73
2023-09-13T18:00:00+00:00,30.6,1000.1,67.89
2023-09-13T21:00:00+00:00,28.6,999.9,77.58
2023-09-14T00:00:00+00:00,27.0,1001.0,84.17
2023-09-14T03:00:00+00:00,28.0,1002.4,75.64
2023-09-14T06:00:00+00:00,34.5,1002.0,51.59
2023-09-14T09:00:00+00:00,37.8,999.7,42.51
2023-09-14T15:00:00+00:00,33.0,1000.2,55.43
2023-09-14T18:00:00+00:00,31.6,1001.1,58.92
2023-09-14T21:00:00+00:00,30.6,1000.7,65.48
2023-09-15T00:00:00+00:00,29.2,1001.6,74.92
2023-09-15T03:00:00+00:00,29.4,1002.7,71.01
2023-09-15T06:00:00+00:00,35.6,1002.8,49.13
2023-09-15T09:00:00+00:00,38.0,1000.6,44.4
2023-09-15T12:00:00+00:00,38.0,998.1,44.4
2023-09-15T15:00:00+00:00,34.6,1000.4,53.2
2023-09-15T18:00:00+00:00,29.6,1002.9,79.59
2023-09-15T21:00:00+00:00,28.0,1000.5,80.34
2023-09-16T00:00:00+00:00,28.2,1000.9,81.82
2023-09-16T03:00:00+00:00,28.8,1001.9,79.01
2023-09-16T06:00:00+00:00,34.6,1001.8,53.2
2023-09-16T09:00:00+00:00,38.2,998.6,45.53
2023-09-16T12:00:00+00:00,37.0,997.0,47.45
2023-09-16T15:00:00+00:00,34.4,998.8,54.12
2023-09-16T18:00:00+00:00,28.8,1000.2,74.86
2023-09-16T21:00:00+00:00,28.4,998.5,78.96
2023-09-17T00:00:00+00:00,28.2,998.3,77.52
2023-09-17T03:00:00+00:00,29.0,999.4,76.25
2023-09-17T06:00:00+00:00,33.6,999.0,60.09
2023-09-17T09:00:00+00:00,36.8,996.1,50.94
2023-09-17T12:00:00+00:00,35.4,994.5,54.36
2023-09-17T15:00:00+00:00,33.0,995.8,61.05
2023-09-17T18:00:00+00:00,31.0,997.0,69.2
2023-09-17T21:00:00+00:00,28.4,997.1,83.32
2023-09-18T00:00:00+00:00,27.4,996.9,90.46
2023-09-18T03:00:00+00:00,28.2,997.6,87.35
2023-09-18T06:00:00+00:00,32.0,997.8,67.35
2023-09-18T09:00:00+00:00,34.2,996.2,58.46
2023-09-18T12:00:00+00:00,32.6,995.6,64.33
2023-09-18T15:00:00+00:00,30.4,997.5,69.09
2023-09-18T18:00:00+00:00,28.4,999.2,81.84
2023-09-18T21:00:00+00:00,27.4,999.2,85.73
2023-09-19T00:00:00+00:00,27.2,998.9,85.71
2023-09-19T03:00:00+00:00,28.0,1000.2,84.78
2023-09-19T06:00:00+00:00,30.0,1000.9,81.07
2023-09-19T09:00:00+00:00,29.2,999.8,89.52
2023-09-19T12:00:00+00:00,30.2,998.7,82.54
2023-09-20T00:00:00+00:00,26.8,1001.9,95.38
2023-09-20T03:00:00+00:00,28.4,1003.6,88.94
2023-09-20T06:00:00+00:00,33.0,1003.5,66.75
2023-09-20T09:00:00+00:00,36.0,1000.5,55.49
2023-09-20T12:00:00+00:00,35.8,999.3,53.17
2023-09-20T15:00:00+00:00,31.4,1001.5,69.69
2023-09-20T18:00:00+00:00,29.0,1002.4,80.47
2023-09-20T21:00:00+00:00,27.4,1002.2,87.28
2023-09-21T00:00:00+00:00,27.0,1002.5,88.83
2023-09-21T03:00:00+00:00,28.5,1004.4,80.88
2023-09-21T06:00:00+00:00,34.2,1003.7,62.78
2023-09-21T09:00:00+00:00,36.6,1001.0,52.74
2023-09-21T12:00:00+00:00,35.8,1000.5,53.17
2023-09-21T15:00:00+00:00,32.2,1002.2,65.02
2023-09-21T18:00:00+00:00,29.6,1003.0,75.44
2023-09-21T21:00:00+00:00,28.0,1002.9,81.79
2023-09-22T00:00:00+00:00,27.0,1003.4,87.25
2023-09-22T03:00:00+00:00,28.6,1004.4,81.87
2023-09-22T06:00:00+00:00,33.5,1004.3,60.79
2023-09-22T09:00:00+00:00,36.0,1001.6,52.28
2023-09-22T12:00:00+00:00,36.0,1000.0,50.43
2023-09-22T15:00:00+00:00,32.8,1001.7,61.0
2023-09-22T18:00:00+00:00,30.6,1002.8,70.38
2023-09-22T21:00:00+00:00,28.6,1002.3,77.58
2023-09-23T00:00:00+00:00,27.4,1002.6,84.21
2023-09-23T03:00:00+00:00,28.4,1004.3,84.82
2023-09-23T06:00:00+00:00,34.2,1004.3,57.42
2023-09-23T09:00:00+00:00,37.2,1002.2,46.65
2023-09-23T12:00:00+00:00,36.6,1000.6,47.06
2023-09-23T15:00:00+00:00,33.2,1002.1,57.53
2023-09-23T18:00:00+00:00,31.2,1003.4,68.41
2023-09-23T21:00:00+00:00,29.6,1003.1,79.59
2023-09-24T00:00:00+00:00,28.2,1003.2,90.51
2023-09-24T03:00:00+00:00,29.2,1004.2,83.41
2023-09-24T06:00:00+00:00,35.4,1003.6,54.04
2023-09-24T09:00:00+00:00,38.0,1000.8,45.48
2023-09-24T12:00:00+00:00,37.6,999.2,41.43
2023-09-24T15:00:00+00:00,34.0,1000.6,52.73
2023-09-24T18:00:00+00:00,30.6,1001.9,70.38
2023-09-24T21:00:00+00:00,28.2,1001.5,80.36
2023-09-25T00:00:00+00:00,26.4,1001.7,79.64
2023-09-25T03:00:00+00:00,27.0,1003.7,82.66
2023-09-25T06:00:00+00:00,34.6,1003.6,37.45
2023-09-25T09:00:00+00:00,37.8,1001.4,32.21
2023-09-25T12:00:00+00:00,36.6,1000.5,35.04
2023-09-25T15:00:00+00:00,32.6,1002.5,47.17
2023-09-25T18:00:00+00:00,31.6,1003.8,45.18
2023-09-25T21:00:00+00:00,29.6,1003.4,52.27
2023-09-26T00:00:00+00:00,27.4,1004.0,65.62
2023-09-26T03:00:00+00:00,28.4,1005.8,70.4
2023-09-26T06:00:00+00:00,34.0,1005.4,52.73
2023-09-26T09:00:00+00:00,36.4,1003.4,41.11
2023-09-26T12:00:00+00:00,37.0,1002.3,39.05
2023-09-26T15:00:00+00:00,30.8,1004.8,54.56
2023-09-26T18:00:00+00:00,30.2,1005.1,61.16
2023-09-26T21:00:00+00:00,29.0,1004.7,66.76
2023-09-27T00:00:00+00:00,27.8,1004.8,70.29
2023-09-27T03:00:00+00:00,28.8,1005.9,62.75
2023-09-27T06:00:00+00:00,34.6,1005.6,50.38
2023-09-27T09:00:00+00:00,37.0,1003.2,39.05
2023-09-27T12:00:00+00:00,37.6,1001.0,32.76
2023-09-27T15:00:00+00:00,33.4,1003.3,52.26
2023-09-27T18:00:00+00:00,31.0,1004.2,60.6
2023-09-27T21:00:00+00:00,29.4,1003.5,64.44
2023-09-28T00:00:00+00:00,27.6,1003.7,67.3
2023-09-28T03:00:00+00:00,30.6,1004.9,57.97
2023-09-28T06:00:00+00:00,36.0,1005.1,40.75
2023-09-28T09:00:00+00:00,38.2,1002.1,32.72
2023-09-28T18:00:00+00:00,32.2,1002.8,49.16
2023-09-28T21:00:00+00:00,29.5,1002.0,64.07
2023-09-29T00:00:00+00:00,27.0,1002.2,72.32
2023-09-29T03:00:00+00:00,29.2,1004.3,59.09
2023-09-29T06:00:00+00:00,37.4,1004.0,30.91
2023-09-29T09:00:00+00:00,40.0,1001.5,24.1
2023-09-29T12:00:00+00:00,38.8,1000.4,25.55
2023-09-29T15:00:00+00:00,32.8,1002.3,32.5
2023-09-29T21:00:00+00:00,28.0,1003.5,38.81
2023-09-30T00:00:00+00:00,25.4,1004.3,66.86
2023-09-30T03:00:00+00:00,25.8,1005.7,73.01
2023-09-30T06:00:00+00:00,33.4,1005.2,50.08
2023-09-30T09:00:00+00:00,37.6,1002.6,35.31
2023-09-30T12:00:00+00:00,37.6,1001.0,31.16
2023-09-30T15:00:00+00:00,34.6,1002.4,35.61
2023-09-30T18:00:00+00:00,31.4,1003.6,48.34
2023-09-30T21:00:00+00:00,29.4,1003.2,62.12
2023-10-01T00:00:00+00:00,27.2,1003.4,71.04
2023-10-01T03:00:00+00:00,27.8,1004.2,67.34
2023-10-01T06:00:00+00:00,34.6,1003.9,44.04
2023-10-01T09:00:00+00:00,38.0,1001.5,31.66
2023-10-01T12:00:00+00:00,37.4,1000.0,30.91
2023-10-01T15:00:00+00:00,31.8,1001.9,38.12
2023-10-01T18:00:00+00:00,29.2,1003.3,42.58
2023-10-01T21:00:00+00:00,27.4,1002.9,56.5
2023-10-02T00:00:00+00:00,25.0,1003.3,52.43
2023-10-02T03:00:00+00:00,27.4,1004.6,45.2
2023-10-02T06:00:00+00:00,35.6,1004.5,32.22
2023-10-02T09:00:00+00:00,39.2,1002.6,19.53
2023-10-02T12:00:00+00:00,37.2,1001.9,19.83
2023-10-02T15:00:00+00:00,30.4,1003.6,29.21
2023-10-02T18:00:00+00:00,26.0,1004.6,36.02
2023-10-02T21:00:00+00:00,25.6,1005.2,37.89
2023-10-03T00:00:00+00:00,23.0,1005.7,48.92
2023-10-03T03:00:00+00:00,26.0,1007.3,63.32
2023-10-03T06:00:00+00:00,36.6,1006.5,27.53
2023-10-03T09:00:00+00:00,39.0,1003.9,22.79
2023-10-03T12:00:00+00:00,38.0,1002.9,25.34
2023-10-03T15:00:00+00:00,31.2,1004.7,33.34
2023-10-03T18:00:00+00:00,29.6,1005.7,36.31
2023-10-03T21:00:00+00:00,27.2,1005.7,48.46
2023-10-04T00:00:00+00:00,24.2,1005.9,79.83
2023-10-04T03:00:00+00:00,26.6,1007.2,73.6
2023-10-04T06:00:00+00:00,37.0,1006.6,26.41
2023-10-04T09:00:00+00:00,39.6,1004.0,20.68
2023-10-04T12:00:00+00:00,38.8,1003.7,21.87
2023-10-04T15:00:00+00:00,31.6,1005.5,33.89
2023-10-04T18:00:00+00:00,29.4,1005.9,56.98
2023-10-04T21:00:00+00:00,26.2,1005.8,76.28
2023-10-05T00:00:00+00:00,24.6,1005.7,88.1
2023-10-05T03:00:00+00:00,24.6,1007.3,88.1
2023-10-05T06:00:00+00:00,34.8,1006.5,33.05
2023-10-05T09:00:00+00:00,38.8,1003.5,25.55
2023-10-05T15:00:00+00:00,32.8,1004.1,39.88
2023-10-06T00:00:00+00:00,24.4,1004.2,93.03
2023-10-06T03:00:00+00:00,25.6,1005.5,82.0
2023-10-06T06:00:00+00:00,33.2,1004.8,49.11
2023-10-06T09:00:00+00:00,37.8,1001.8,33.86
2023-10-06T12:00:00+00:00,37.0,1001.3,36.49
2023-10-06T15:00:00+00:00,31.4,1002.8,56.41
2023-10-06T18:00:00+00:00,28.0,1003.4,74.28
2023-10-06T21:00:00+00:00,26.0,1003.4,85.6
2023-10-07T00:00:00+00:00,24.2,1003.4,93.02
2023-10-07T03:00:00+00:00,26.4,1005.5,81.1
2023-10-07T06:00:00+00:00,32.4,1005.5,58.39
2023-10-07T09:00:00+00:00,38.0,1003.3,37.44
2023-10-07T12:00:00+00:00,36.5,1003.4,40.39
2023-10-07T15:00:00+00:00,31.8,1005.5,58.97
2023-10-07T18:00:00+00:00,28.6,1005.8,72.16
2023-10-07T21:00:00+00:00,26.6,1005.4,82.61
2023-10-08T00:00:00+00:00,25.0,1005.2,89.75
2023-10-08T03:00:00+00:00,25.8,1007.4,86.1
2023-10-08T06:00:00+00:00,32.0,1007.3,61.56
2023-10-08T09:00:00+00:00,37.4,1004.3,39.4
2023-10-08T12:00:00+00:00,36.4,1003.6,42.91
2023-10-08T15:00:00+00:00,32.2,1005.6,55.92
2023-10-08T18:00:00+00:00,29.2,1006.4,70.97
2023-10-08T21:00:00+00:00,27.0,1006.1,84.17
2023-10-09T00:00:00+00:00,25.6,1006.3,91.43
2023-10-09T03:00:00+00:00,26.4,1007.6,87.2
2023-10-09T06:00:00+00:00,33.0,1007.5,59.96
2023-10-09T09:00:00+00:00,37.0,1004.7,44.4
2023-10-09T12:00:00+00:00,36.4,1003.6,43.98
2023-10-09T15:00:00+00:00,31.0,1004.8,51.34
2023-10-09T18:00:00+00:00,29.5,1005.6,74.52
2023-10-09T21:00:00+00:00,27.2,1005.4,82.68
2023-10-10T00:00:00+00:00,24.6,1005.8,94.74
2023-10-10T03:00:00+00:00,25.6,1008.2,87.12
2023-10-10T06:00:00+00:00,32.0,1008.9,60.09
2023-10-10T09:00:00+00:00,36.2,1006.2,46.68
2023-10-10T12:00:00+00:00,36.6,1005.4,40.41
2023-10-10T15:00:00+00:00,33.0,1007.0,47.57
2023-10-10T18:00:00+00:00,30.0,1008.0,46.78
2023-10-10T21:00:00+00:00,27.2,1008.0,61.63
2023-10-11T00:00:00+00:00,25.4,1008.0,69.84
2023-10-11T03:00:00+00:00,26.8,1009.9,73.63
2023-10-11T06:00:00+00:00,32.4,1010.0,63.91
2023-10-11T09:00:00+00:00,37.8,1006.6,36.48
2023-10-11T12:00:00+00:00,36.5,1006.0,37.73
2023-10-11T15:00:00+00:00,32.0,1007.5,47.9
2023-10-11T21:00:00+00:00,26.6,1008.5,82.61
2023-10-12T00:00:00+00:00,26.6,1008.5,82.61
2023-10-12T03:00:00+00:00,28.0,1009.6,80.34
2023-10-12T06:00:00+00:00,34.6,1009.4,49.17
2023-10-12T09:00:00+00:00,38.0,1007.6,37.44
2023-10-12T12:00:00+00:00,37.0,1007.2,37.17
2023-10-12T15:00:00+00:00,31.4,1009.4,48.34
2023-10-12T21:00:00+00:00,26.2,1009.6,67.44
2023-10-13T00:00:00+00:00,25.6,1009.9,82.0
2023-10-13T03:00:00+00:00,27.6,1011.3,68.55
2023-10-13T06:00:00+00:00,35.0,1011.3,36.86
2023-10-13T09:00:00+00:00,36.8,1008.1,33.59
2023-10-13T12:00:00+00:00,36.0,1006.8,35.32
2023-10-13T18:00:00+00:00,28.6,1009.2,57.5
2023-10-13T21:00:00+00:00,26.4,1009.4,67.9
2023-10-14T00:00:00+00:00,24.2,1009.3,83.35
2023-10-14T03:00:00+00:00,26.6,1010.1,67.94
2023-10-14T06:00:00+00:00,34.2,1009.6,46.72
2023-10-14T09:00:00+00:00,36.8,1006.9,37.12
2023-10-14T12:00:00+00:00,35.4,1006.1,37.43
2023-10-14T15:00:00+00:00,31.2,1007.6,42.58
2023-10-14T18:00:00+00:00,28.2,1007.9,53.24
2023-10-14T21:00:00+00:00,25.4,1008.2,72.94
2023-10-15T00:00:00+00:00,22.8,1007.7,89.59
2023-10-15T03:00:00+00:00,24.0,1009.4,91.33
2023-10-15T06:00:00+00:00,30.2,1008.8,60.05
2023-10-15T09:00:00+00:00,35.0,1005.2,45.52
2023-10-15T12:00:00+00:00,34.2,1003.9,46.72
2023-10-15T15:00:00+00:00,30.6,1005.8,63.91
2023-10-15T18:00:00+00:00,29.4,1006.7,71.01
2023-10-15T21:00:00+00:00,27.6,1005.7,82.73
2023-10-16T00:00:00+00:00,25.8,1005.9,84.04
2023-10-16T03:00:00+00:00,27.0,1007.8,84.17
2023-10-16T06:00:00+00:00,32.0,1007.6,62.68
2023-10-16T09:00:00+00:00,34.2,1004.5,43.66
2023-10-16T12:00:00+00:00,31.8,1005.2,34.17
2023-10-16T15:00:00+00:00,23.4,1007.3,74.9
2023-10-16T18:00:00+00:00,20.0,1009.0,100.0
2023-10-16T21:00:00+00:00,19.4,1010.2,96.33
2023-10-17T00:00:00+00:00,19.4,1009.1,100.0
2023-10-17T03:00:00+00:00,20.2,1011.8,98.16
2023-10-17T06:00:00+00:00,26.0,1011.9,67.4
2023-10-17T09:00:00+00:00,28.8,1010.3,67.95
2023-10-17T12:00:00+00:00,26.4,1010.3,69.17
2023-10-17T15:00:00+00:00,25.6,1012.2,70.75
2023-10-17T18:00:00+00:00,23.0,1013.2,81.67
2023-10-17T21:00:00+00:00,22.0,1013.2,87.34
2023-10-18T00:00:00+00:00,20.4,1013.9,87.74
2023-10-18T03:00:00+00:00,20.8,1016.0,87.23
2023-10-18T06:00:00+00:00,25.4,1015.9,66.86
2023-10-18T09:00:00+00:00,28.6,1012.8,55.04
2023-10-18T12:00:00+00:00,28.0,1012.2,53.19
2023-10-18T15:00:00+00:00,25.0,1012.9,75.63
2023-10-18T18:00:00+00:00,23.4,1013.1,82.74
2023-10-18T21:00:00+00:00,22.0,1012.2,84.14
2023-10-19T00:00:00+00:00,22.0,1012.4,79.03
2023-10-19T03:00:00+00:00,23.6,1013.9,70.38
2023-10-19T06:00:00+00:00,29.6,1013.4,45.21
2023-10-19T09:00:00+00:00,31.8,1010.6,38.61
2023-10-19T12:00:00+00:00,31.4,1009.6,42.36
2023-10-19T15:00:00+00:00,27.6,1011.2,55.14
2023-10-19T18:00:00+00:00,26.0,1011.6,59.08
2023-10-19T21:00:00+00:00,24.4,1011.4,66.23
2023-10-20T00:00:00+00:00,22.4,1011.8,80.59
2023-10-20T03:00:00+00:00,24.2,1013.2,65.36
2023-10-20T06:00:00+00:00,32.4,1012.6,41.31
2023-10-20T09:00:00+00:00,34.0,1010.0,33.04
2023-10-20T12:00:00+00:00,33.0,1009.3,40.45
2023-10-20T15:00:00+00:00,28.4,1011.1,54.65
2023-10-20T18:00:00+00:00,27.6,1011.6,51.43
2023-10-20T21:00:00+00:00,26.4,1010.8,52.79
2023-10-21T00:00:00+00:00,23.6,1011.2,66.91
2023-10-21T03:00:00+00:00,25.2,1012.9,62.35
2023-10-21T06:00:00+00:00,33.2,1012.6,36.83
2023-10-21T09:00:00+00:00,35.4,1010.1,29.41
2023-10-21T12:00:00+00:00,32.2,1009.5,41.78
2023-10-21T15:00:00+00:00,28.4,1011.7,36.45
2023-10-21T18:00:00+00:00,28.4,1012.4,39.95
2023-10-21T21:00:00+00:00,22.8,1012.8,66.32
2023-10-22T00:00:00+00:00,23.0,1013.0,76.26
2023-10-22T03:00:00+00:00,24.4,1014.2,64.58
2023-10-22T06:00:00+00:00,30.2,1013.7,43.68
2023-10-22T09:00:00+00:00,33.6,1011.4,29.88
2023-10-22T12:00:00+00:00,32.4,1010.3,36.85
2023-10-22T15:00:00+00:00,29.0,1012.0,41.17
2023-10-22T18:00:00+00:00,26.0,1012.6,52.35
2023-10-22T21:00:00+00:00,24.4,1012.2,57.59
2023-10-23T00:00:00+00:00,23.0,1012.8,66.79
2023-10-23T03:00:00+00:00,24.8,1013.6,58.05
2023-10-23T06:00:00+00:00,31.2,1012.9,36.28
2023-10-23T09:00:00+00:00,33.8,1010.1,28.79
2023-10-23T12:00:00+00:00,33.0,1009.1,31.31
2023-10-23T15:00:00+00:00,27.2,1010.8,46.03
2023-10-23T18:00:00+00:00,25.0,1011.0,56.63
2023-10-23T21:00:00+00:00,24.8,1010.4,56.59
2023-10-24T00:00:00+00:00,24.4,1010.1,57.59
2023-10-24T03:00:00+00:00,25.4,1011.8,51.53
2023-10-24T06:00:00+00:00,32.2,1011.3,29.89
2023-10-24T09:00:00+00:00,35.0,1008.8,19.83
2023-10-24T12:00:00+00:00,33.0,1008.6,27.29
2023-10-24T15:00:00+00:00,27.6,1010.2,42.97
2023-10-24T18:00:00+00:00,26.4,1010.7,47.63
2023-10-24T21:00:00+00:00,24.0,1010.6,54.24
2023-10-25T00:00:00+00:00,22.8,1010.9,55.73
2023-10-25T03:00:00+00:00,24.6,1013.0,48.08
2023-10-25T06:00:00+00:00,32.0,1013.3,31.45
2023-10-25T09:00:00+00:00,35.2,1010.7,19.35
2023-10-25T12:00:00+00:00,33.2,1010.2,24.75
2023-10-25T15:00:00+00:00,26.5,1012.2,43.23
2023-10-25T18:00:00+00:00,24.5,1012.6,48.69
2023-10-25T21:00:00+00:00,22.0,1012.0,56.63
2023-10-26T00:00:00+00:00,21.4,1011.7,51.15
2023-10-26T03:00:00+00:00,23.8,1013.5,43.05
2023-10-26T06:00:00+00:00,33.8,1013.1,18.0
2023-10-26T09:00:00+00:00,36.4,1009.8,13.56
2023-10-26T12:00:00+00:00,35.0,1009.0,26.4
2023-10-26T15:00:00+00:00,27.6,1010.6,40.52
2023-10-26T18:00:00+00:00,24.6,1011.0,40.22
2023-10-26T21:00:00+00:00,24.2,1010.0,34.32
2023-10-27T00:00:00+00:00,23.2,1010.1,40.64
2023-10-27T03:00:00+00:00,25.4,1011.5,45.24
2023-10-27T06:00:00+00:00,34.0,1011.0,24.14
2023-10-27T09:00:00+00:00,36.4,1007.9,16.46
2023-10-27T12:00:00+00:00,35.0,1007.1,28.0
2023-10-27T15:00:00+00:00,30.0,1008.4,30.69
2023-10-27T18:00:00+00:00,27.4,1009.4,39.16
2023-10-27T21:00:00+00:00,27.0,1009.0,48.41
2023-10-28T00:00:00+00:00,26.4,1009.0,69.17
2023-10-28T03:00:00+00:00,25.2,1011.0,71.12
2023-10-28T06:00:00+00:00,34.4,1010.9,25.56
2023-10-28T09:00:00+00:00,35.4,1008.4,24.34
2023-10-28T12:00:00+00:00,33.6,1008.3,27.99
2023-10-28T15:00:00+00:00,28.0,1010.5,43.36
2023-10-28T18:00:00+00:00,26.6,1011.0,41.59
2023-10-28T21:00:00+00:00,25.4,1010.9,42.64
2023-10-29T00:00:00+00:00,23.0,1010.5,52.94
2023-10-29T03:00:00+00:00,24.6,1012.0,59.13
2023-10-29T06:00:00+00:00,32.6,1012.0,28.47
2023-10-29T09:00:00+00:00,36.0,1009.3,21.18
2023-10-29T12:00:00+00:00,33.2,1008.7,29.2
2023-10-29T15:00:00+00:00,27.0,1010.8,44.51
2023-10-29T18:00:00+00:00,25.8,1011.2,43.03
2023-10-29T21:00:00+00:00,24.0,1010.7,47.29
2023-10-30T00:00:00+00:00,21.6,1010.8,59.96
2023-10-30T03:00:00+00:00,24.2,1012.6,55.72
2023-10-30T06:00:00+00:00,32.2,1012.1,32.76
2023-10-30T09:00:00+00:00,34.0,1009.6,23.35
2023-10-30T12:00:00+00:00,33.0,1009.4,29.92
2023-10-30T15:00:00+00:00,28.0,1011.1,42.25
2023-10-30T18:00:00+00:00,25.6,1012.0,49.3
2023-10-30T21:00:00+00:00,25.8,1011.7,43.03
2023-10-31T00:00:00+00:00,24.2,1011.7,47.66
2023-10-31T03:00:00+00:00,25.4,1013.3,41.25
2023-10-31T06:00:00+00:00,32.4,1012.9,31.97
2023-10-31T09:00:00+00:00,34.6,1010.4,23.35
2023-10-31T12:00:00+00:00,30.6,1010.6,26.64
2023-10-31T15:00:00+00:00,27.6,1012.4,34.81
2023-10-31T18:00:00+00:00,24.0,1012.6,51.5
2023-10-31T21:00:00+00:00,23.2,1012.6,50.62
2023-11-01T00:00:00+00:00,21.2,1012.9,60.26
2023-11-01T03:00:00+00:00,23.6,1014.4,49.41
2023-11-01T06:00:00+00:00,32.0,1013.7,29.45
2023-11-01T09:00:00+00:00,34.4,1011.2,23.93
2023-11-01T12:00:00+00:00,32.6,1010.8,33.3
2023-11-01T15:00:00+00:00,28.0,1012.3,38.81
2023-11-01T18:00:00+00:00,24.4,1012.7,50.6
2023-11-01T21:00:00+00:00,23.0,1012.7,54.7
2023-11-02T00:00:00+00:00,21.2,1012.2,63.48
2023-11-02T03:00:00+00:00,23.6,1013.7,55.21
2023-11-02T06:00:00+00:00,32.6,1012.8,26.64
2023-11-02T09:00:00+00:00,34.8,1010.1,20.33
2023-11-02T12:00:00+00:00,32.4,1009.6,34.78
2023-11-02T15:00:00+00:00,26.2,1010.4,40.4
2023-11-02T18:00:00+00:00,24.5,1010.7,43.24
2023-11-02T21:00:00+00:00,23.4,1009.7,43.81
2023-11-03T00:00:00+00:00,21.6,1009.6,54.34
2023-11-03T03:00:00+00:00,23.4,1010.6,46.51
2023-11-03T06:00:00+00:00,33.0,1009.5,27.11
2023-11-03T09:00:00+00:00,35.2,1006.6,19.35
2023-11-03T12:00:00+00:00,33.4,1006.0,27.76
2023-11-03T15:00:00+00:00,27.0,1007.7,43.36
2023-11-03T18:00:00+00:00,25.8,1008.3,35.72
2023-11-03T21:00:00+00:00,24.0,1007.6,48.55
2023-11-04T00:00:00+00:00,23.0,1007.8,44.58
2023-11-04T03:00:00+00:00,23.4,1009.4,46.51
2023-11-04T06:00:00+00:00,33.0,1009.0,24.53
2023-11-04T09:00:00+00:00,34.8,1007.0,14.1
2023-11-04T12:00:00+00:00,32.0,1007.0,21.19
2023-11-04T15:00:00+00:00,26.4,1009.1,40.19
2023-11-04T18:00:00+00:00,25.2,1009.5,52.82
2023-11-04T21:00:00+00:00,22.4,1009.6,71.05
2023-11-05T00:00:00+00:00,20.6,1010.1,73.02
2023-11-05T03:00:00+00:00,22.0,1011.8,61.23
2023-11-05T06:00:00+00:00,30.4,1011.3,37.49
2023-11-05T09:00:00+00:00,33.6,1008.7,23.56
2023-11-05T12:00:00+00:00,30.6,1008.4,30.65
2023-11-05T15:00:00+00:00,26.2,1010.5,43.71
2023-11-05T18:00:00+00:00,24.8,1011.6,44.19
2023-11-05T21:00:00+00:00,22.8,1011.5,51.52
2023-11-06T00:00:00+00:00,21.6,1011.4,70.45
2023-11-06T03:00:00+00:00,21.6,1013.1,70.45
2023-11-06T06:00:00+00:00,30.4,1012.5,29.21
2023-11-06T09:00:00+00:00,33.0,1010.4,20.16
2023-11-06T12:00:00+00:00,31.6,1009.9,37.82
2023-11-06T15:00:00+00:00,24.6,1011.9,45.32
2023-11-06T18:00:00+00:00,25.4,1012.3,38.86
2023-11-06T21:00:00+00:00,22.4,1012.4,55.27
2023-11-07T00:00:00+00:00,22.0,1011.6,53.38
2023-11-07T03:00:00+00:00,21.0,1014.1,69.89
2023-11-07T06:00:00+00:00,26.4,1013.7,46.41
2023-11-07T09:00:00+00:00,31.4,1010.5,30.67
2023-11-07T12:00:00+00:00,30.6,1009.5,39.79
2023-11-07T15:00:00+00:00,25.6,1011.3,50.59
2023-11-07T18:00:00+00:00,24.2,1011.8,48.92
2023-11-07T21:00:00+00:00,22.4,1011.3,55.27
2023-11-08T00:00:00+00:00,21.0,1011.3,64.68
2023-11-08T03:00:00+00:00,20.6,1013.1,68.03
2023-11-08T06:00:00+00:00,29.2,1012.5,41.49
2023-11-08T09:00:00+00:00,25.6,1011.2,48.03
2023-11-08T12:00:00+00:00,30.8,1009.4,41.14
2023-11-08T15:00:00+00:00,25.6,1011.2,48.03
2023-11-08T18:00:00+00:00,23.6,1011.4,53.79
2023-11-08T21:00:00+00:00,24.2,1011.3,48.92
2023-11-09T00:00:00+00:00,23.2,1010.9,51.96
2023-11-09T03:00:00+00:00,22.0,1012.6,61.23
2023-11-09T06:00:00+00:00,28.8,1012.2,38.78
2023-11-09T09:00:00+00:00,32.0,1009.6,30.43
2023-11-09T12:00:00+00:00,30.0,1008.9,35.95
2023-11-09T15:00:00+00:00,25.6,1011.3,56.06
2023-11-09T18:00:00+00:00,23.2,1011.5,57.67
2023-11-09T21:00:00+00:00,22.0,1011.5,61.23
2023-11-10T00:00:00+00:00,21.6,1011.1,62.34
2023-11-10T03:00:00+00:00,21.4,1013.0,63.52
2023-11-10T06:00:00+00:00,29.2,1013.4,39.15
2023-11-10T09:00:00+00:00,31.0,1011.5,21.52
2023-11-10T12:00:00+00:00,29.0,1012.0,20.15
2023-11-10T15:00:00+00:00,24.0,1014.9,31.55
2023-11-10T18:00:00+00:00,20.2,1016.3,46.25
2023-11-10T21:00:00+00:00,18.8,1016.2,52.55
2023-11-11T00:00:00+00:00,16.6,1016.4,79.28
2023-11-11T03:00:00+00:00,17.4,1017.9,56.23
2023-11-11T06:00:00+00:00,25.0,1017.8,38.23
2023-11-11T09:00:00+00:00,28.4,1014.9,25.17
2023-11-11T12:00:00+00:00,27.0,1014.7,28.28
2023-11-11T15:00:00+00:00,20.6,1016.6,51.62
2023-11-11T18:00:00+00:00,18.8,1017.1,57.73
2023-11-11T21:00:00+00:00,26.8,1017.1,35.77
2023-11-12T00:00:00+00:00,16.0,1016.7,73.16
2023-11-12T03:00:00+00:00,17.6,1017.8,68.77
2023-11-12T06:00:00+00:00,26.0,1017.1,38.25
2023-11-12T09:00:00+00:00,28.4,1014.5,29.45
2023-11-12T12:00:00+00:00,27.0,1013.4,29.46
2023-11-12T15:00:00+00:00,20.2,1015.6,54.35
2023-11-12T18:00:00+00:00,17.6,1015.9,59.8
2023-11-12T21:00:00+00:00,16.2,1014.5,67.58
2023-11-13T00:00:00+00:00,17.2,1014.5,55.43
2023-11-13T03:00:00+00:00,16.6,1016.4,64.14
2023-11-13T06:00:00+00:00,27.6,1015.9,30.24
2023-11-13T09:00:00+00:00,28.4,1013.2,23.17
2023-11-13T12:00:00+00:00,26.4,1012.9,34.25
2023-11-13T15:00:00+00:00,21.4,1014.5,49.48
2023-11-13T18:00:00+00:00,20.2,1014.8,46.25
2023-11-13T21:00:00+00:00,19.6,1014.4,48.66
2023-11-14T00:00:00+00:00,17.2,1014.8,62.58
2023-11-14T03:00:00+00:00,18.6,1015.9,52.14
2023-11-14T06:00:00+00:00,26.6,1016.2,33.39
2023-11-14T09:00:00+00:00,28.0,1013.2,24.55
2023-11-14T12:00:00+00:00,27.0,1012.8,26.04
2023-11-14T15:00:00+00:00,21.6,1014.9,42.43
2023-11-14T18:00:00+00:00,19.6,1015.6,47.03
2023-11-15T00:00:00+00:00,16.8,1015.3,53.1
2023-11-15T03:00:00+00:00,18.6,1016.6,52.14
2023-11-15T06:00:00+00:00,26.0,1016.3,33.45
2023-11-15T09:00:00+00:00,27.8,1013.5,28.5
2023-11-15T12:00:00+00:00,26.0,1013.3,32.33
2023-11-15T15:00:00+00:00,20.4,1014.8,49.87
2023-11-15T18:00:00+00:00,18.4,1015.2,56.87
2023-11-15T21:00:00+00:00,15.6,1014.7,66.56
2023-11-16T00:00:00+00:00,14.4,1014.9,69.52
2023-11-16T03:00:00+00:00,14.6,1017.1,75.9
2023-11-16T06:00:00+00:00,25.6,1016.5,34.02
2023-11-16T09:00:00+00:00,28.0,1014.1,23.39
2023-11-16T12:00:00+00:00,26.2,1013.9,25.82
2023-11-16T15:00:00+00:00,20.0,1016.0,47.79
2023-11-16T18:00:00+00:00,18.2,1016.4,48.28
2023-11-16T21:00:00+00:00,16.4,1016.1,56.36
2023-11-17T00:00:00+00:00,15.4,1016.1,54.96
2023-11-17T03:00:00+00:00,16.4,1017.4,57.92
2023-11-17T06:00:00+00:00,24.0,1017.2,39.25
2023-11-17T09:00:00+00:00,26.8,1013.8,29.01
2023-11-17T12:00:00+00:00,25.0,1013.1,30.76
2023-11-17T15:00:00+00:00,20.6,1014.7,42.44
2023-11-17T18:00:00+00:00,18.4,1014.9,50.35
2023-11-17T21:00:00+00:00,17.4,1014.7,55.85
2023-11-18T00:00:00+00:00,16.6,1014.2,67.66
2023-11-18T03:00:00+00:00,17.0,1015.3,68.2
2023-11-18T06:00:00+00:00,24.6,1014.5,45.32
2023-11-18T09:00:00+00:00,27.4,1011.7,25.61
2023-11-18T12:00:00+00:00,24.8,1011.4,36.66
2023-11-18T15:00:00+00:00,20.0,1013.2,46.19
2023-11-18T18:00:00+00:00,18.2,1013.7,51.69
2023-11-18T21:00:00+00:00,17.4,1013.4,64.75
2023-11-19T00:00:00+00:00,15.0,1013.7,74.46
2023-11-19T03:00:00+00:00,14.4,1015.4,80.02
2023-11-19T06:00:00+00:00,24.8,1014.8,37.92
2023-11-19T09:00:00+00:00,28.0,1012.4,26.67
2023-11-19T12:00:00+00:00,26.0,1012.1,30.0
2023-11-19T15:00:00+00:00,20.8,1014.2,42.79
2023-11-19T18:00:00+00:00,18.4,1014.8,50.35
2023-11-19T21:00:00+00:00,16.6,1014.7,54.52
2023-11-20T00:00:00+00:00,15.6,1014.9,68.83
2023-11-20T03:00:00+00:00,16.8,1016.6,65.92
2023-11-20T06:00:00+00:00,24.8,1016.5,39.21
2023-11-20T09:00:00+00:00,28.0,1013.4,29.74
2023-11-20T12:00:00+00:00,26.4,1013.1,34.25
2023-11-20T15:00:00+00:00,21.4,1015.1,46.58
2023-11-20T18:00:00+00:00,19.6,1015.9,45.46
2023-11-20T21:00:00+00:00,18.2,1014.8,48.28
2023-11-21T00:00:00+00:00,17.8,1014.7,56.33
2023-11-21T03:00:00+00:00,17.0,1016.9,66.41
2023-11-21T06:00:00+00:00,25.4,1016.1,38.86
2023-11-21T09:00:00+00:00,28.4,1013.1,24.15
2023-11-21T12:00:00+00:00,26.4,1012.3,28.31
2023-11-21T15:00:00+00:00,19.6,1014.3,53.47
2023-11-21T18:00:00+00:00,17.2,1014.6,57.34
2023-11-21T21:00:00+00:00,16.4,1014.1,59.92
2023-11-22T00:00:00+00:00,15.0,1012.6,68.25
2023-11-22T03:00:00+00:00,15.6,1014.2,66.56
2023-11-22T06:00:00+00:00,27.6,1013.1,29.23
2023-11-22T09:00:00+00:00,30.2,1010.4,18.41
2023-11-22T12:00:00+00:00,27.2,1009.5,24.17
2023-11-22T15:00:00+00:00,20.0,1011.7,38.37
2023-11-22T18:00:00+00:00,19.4,1011.3,34.38
2023-11-22T21:00:00+00:00,18.2,1011.0,43.23
2023-11-23T00:00:00+00:00,17.6,1009.9,39.04
2023-11-23T03:00:00+00:00,17.6,1011.5,42.17
2023-11-23T06:00:00+00:00,28.2,1010.3,21.71
2023-11-23T09:00:00+00:00,30.8,1007.4,19.35
2023-11-23T12:00:00+00:00,29.2,1006.9,35.96
2023-11-23T15:00:00+00:00,21.0,1009.6,49.04
2023-11-23T18:00:00+00:00,19.0,1010.5,51.2
2023-11-23T21:00:00+00:00,16.6,1010.6,60.37
2023-11-24T00:00:00+00:00,15.2,1010.8,66.47
2023-11-24T03:00:00+00:00,15.8,1013.5,67.05
2023-11-24T06:00:00+00:00,25.4,1013.9,39.91
2023-11-24T09:00:00+00:00,29.4,1011.0,27.79
2023-11-24T12:00:00+00:00,28.0,1010.9,30.97
2023-11-24T15:00:00+00:00,23.4,1013.3,33.17
2023-11-24T18:00:00+00:00,20.6,1014.2,36.47
2023-11-24T21:00:00+00:00,18.8,1013.7,44.31
2023-11-25T00:00:00+00:00,17.4,1013.6,48.72
2023-11-25T03:00:00+00:00,16.2,1015.4,57.87
2023-11-25T06:00:00+00:00,24.2,1015.0,35.75
2023-11-25T09:00:00+00:00,27.0,1012.1,27.14
2023-11-25T12:00:00+00:00,25.2,1011.9,27.59
2023-11-25T15:00:00+00:00,23.0,1013.0,27.18
2023-11-25T18:00:00+00:00,21.6,1013.8,32.66
2023-11-25T21:00:00+00:00,20.4,1013.4,37.7
2023-11-26T00:00:00+00:00,18.0,1012.2,46.27
2023-11-26T03:00:00+00:00,16.8,1015.0,65.92
2023-11-26T06:00:00+00:00,19.2,1015.3,61.39
2023-11-26T09:00:00+00:00,21.4,1012.2,49.48
2023-11-26T12:00:00+00:00,20.6,1011.8,59.72
2023-11-26T15:00:00+00:00,19.0,1013.2,75.13
2023-11-26T18:00:00+00:00,18.6,1012.9,71.26
2023-11-26T21:00:00+00:00,17.5,1012.0,78.89
2023-11-27T00:00:00+00:00,16.4,1011.7,82.42
2023-11-27T03:00:00+00:00,16.6,1013.3,87.4
2023-11-27T06:00:00+00:00,20.6,1014.0,62.93
2023-11-27T09:00:00+00:00,22.8,1011.2,51.52
2023-11-27T12:00:00+00:00,21.4,1011.0,57.23
2023-11-27T15:00:00+00:00,18.6,1013.1,71.26
2023-11-27T18:00:00+00:00,16.2,1013.4,79.22
2023-11-27T21:00:00+00:00,14.4,1013.0,88.94
2023-11-28T00:00:00+00:00,13.4,1012.8,90.63
2023-11-28T03:00:00+00:00,13.4,1014.5,97.42
2023-11-28T06:00:00+00:00,20.2,1014.5,57.69
2023-11-28T09:00:00+00:00,23.5,1011.6,41.83
2023-11-28T12:00:00+00:00,22.0,1011.1,47.37
2023-11-28T15:00:00+00:00,17.2,1012.8,68.24
2023-11-28T18:00:00+00:00,16.8,1012.9,68.16
2023-11-28T21:00:00+00:00,15.0,1012.4,78.53
2023-11-29T00:00:00+00:00,13.6,1012.7,85.98
2023-11-29T03:00:00+00:00,14.0,1014.5,93.08
2023-11-29T06:00:00+00:00,20.6,1014.5,67.16
2023-11-29T09:00:00+00:00,24.0,1011.4,51.5
2023-11-29T12:00:00+00:00,22.8,1011.2,55.73
2023-11-29T15:00:00+00:00,18.0,1013.2,70.69
2023-11-29T18:00:00+00:00,16.6,1013.2,75.72
2023-11-29T21:00:00+00:00,15.2,1013.0,82.82
2023-11-30T00:00:00+00:00,13.6,1013.3,88.29
2023-11-30T03:00:00+00:00,14.6,1014.5,86.65
2023-11-30T06:00:00+00:00,23.4,1014.0,52.02
2023-11-30T09:00:00+00:00,25.8,1011.7,39.23
2023-11-30T12:00:00+00:00,24.6,1012.0,40.22
2023-11-30T15:00:00+00:00,19.5,1014.3,61.05
2023-11-30T18:00:00+00:00,18.6,1014.5,62.48
2023-11-30T21:00:00+00:00,17.0,1014.5,70.03
2023-12-01T00:00:00+00:00,15.7,1014.8,77.6
2023-12-01T03:00:00+00:00,15.2,1016.4,86.71
2023-12-01T06:00:00+00:00,22.4,1016.1,62.93
2023-12-01T09:00:00+00:00,25.4,1013.2,41.25
2023-12-01T12:00:00+00:00,23.8,1013.1,43.05
2023-12-01T15:00:00+00:00,20.6,1014.9,54.81
2023-12-01T18:00:00+00:00,17.6,1015.2,68.77
2023-12-01T21:00:00+00:00,15.8,1014.9,77.11
2023-12-02T00:00:00+00:00,14.6,1015.3,84.4
2023-12-02T03:00:00+00:00,14.2,1016.6,93.09
2023-12-02T06:00:00+00:00,20.5,1016.8,63.74
2023-12-02T09:00:00+00:00,24.6,1013.9,40.22
2023-12-02T12:00:00+00:00,23.8,1013.0,36.38
2023-12-02T15:00:00+00:00,18.6,1015.2,52.14
2023-12-02T18:00:00+00:00,17.6,1015.4,55.9
2023-12-02T21:00:00+00:00,15.6,1015.1,64.79
2023-12-03T00:00:00+00:00,13.2,1015.3,74.65
2023-12-03T03:00:00+00:00,14.2,1017.1,79.99
2023-12-03T06:00:00+00:00,22.6,1016.6,49.8
2023-12-03T09:00:00+00:00,26.0,1013.3,30.0
2023-12-03T12:00:00+00:00,24.6,1012.7,25.21
2023-12-03T15:00:00+00:00,18.4,1014.9,48.66
2023-12-03T18:00:00+00:00,16.4,1015.2,54.47
2023-12-03T21:00:00+00:00,15.0,1015.1,59.99
2023-12-04T00:00:00+00:00,12.2,1014.3,69.56
2023-12-04T03:00:00+00:00,13.0,1016.1,68.3
2023-12-04T06:00:00+00:00,24.0,1015.5,35.46
2023-12-04T09:00:00+00:00,26.0,1013.0,24.36
2023-12-04T12:00:00+00:00,24.0,1013.0,30.27
2023-12-04T15:00:00+00:00,18.5,1014.7,48.69
2023-12-04T18:00:00+00:00,16.2,1014.8,55.93
2023-12-04T21:00:00+00:00,14.8,1014.1,62.02
2023-12-05T00:00:00+00:00,12.2,1014.1,69.56
2023-12-05T03:00:00+00:00,14.0,1015.5,67.12
2023-12-05T06:00:00+00:00,22.6,1015.0,42.71
2023-12-05T09:00:00+00:00,25.4,1011.9,24.37
2023-12-05T12:00:00+00:00,24.0,1012.1,24.17
2023-12-05T15:00:00+00:00,18.0,1014.2,47.89
2023-12-05T18:00:00+00:00,15.6,1014.6,56.94
2023-12-05T21:00:00+00:00,15.2,1014.1,58.42
2023-12-06T00:00:00+00:00,13.0,1013.9,72.62
2023-12-06T03:00:00+00:00,13.6,1015.8,66.58
2023-12-06T06:00:00+00:00,22.4,1015.6,36.73
2023-12-06T09:00:00+00:00,25.5,1012.5,27.48
2023-12-06T12:00:00+00:00,24.0,1012.4,27.84
2023-12-06T15:00:00+00:00,18.2,1014.6,48.28
2023-12-06T18:00:00+00:00,18.0,1015.0,47.89
2023-12-06T21:00:00+00:00,15.6,1014.5,56.94
2023-12-07T00:00:00+00:00,13.8,1015.3,67.08
2023-12-07T03:00:00+00:00,13.4,1016.1,68.38
2023-12-07T06:00:00+00:00,22.2,1015.8,39.27
2023-12-07T09:00:00+00:00,25.0,1012.7,30.76
2023-12-07T12:00:00+00:00,23.6,1012.0,34.62
2023-12-07T15:00:00+00:00,17.0,1014.1,53.52
2023-12-07T18:00:00+00:00,15.6,1014.3,53.15
2023-12-07T21:00:00+00:00,14.2,1014.1,58.98
2023-12-08T00:00:00+00:00,11.6,1013.4,66.61
2023-12-08T03:00:00+00:00,11.6,1015.3,73.36
2023-12-08T06:00:00+00:00,24.2,1014.3,29.29
2023-12-08T09:00:00+00:00,26.4,1011.3,20.65
2023-12-08T12:00:00+00:00,24.4,1011.0,33.45
2023-12-08T15:00:00+00:00,17.0,1012.7,44.73
2023-12-08T18:00:00+00:00,15.0,1013.8,52.26
2023-12-08T21:00:00+00:00,13.8,1013.8,60.53
2023-12-09T00:00:00+00:00,14.6,1013.9,47.95
2023-12-09T03:00:00+00:00,14.8,1015.9,44.42
2023-12-09T06:00:00+00:00,24.2,1015.7,30.54
2023-12-09T09:00:00+00:00,27.0,1013.2,18.56
2023-12-09T12:00:00+00:00,25.0,1012.2,20.15
2023-12-09T15:00:00+00:00,17.6,1013.7,47.45
2023-12-09T18:00:00+00:00,15.8,1014.4,51.75
2023-12-09T21:00:00+00:00,13.0,1013.7,70.19
2023-12-10T00:00:00+00:00,11.0,1013.3,80.08
2023-12-10T03:00:00+00:00,12.0,1014.3,75.98
2023-12-10T06:00:00+00:00,22.8,1014.5,38.64
2023-12-10T09:00:00+00:00,26.2,1011.8,18.1
2023-12-10T12:00:00+00:00,24.4,1011.0,27.37
2023-12-10T15:00:00+00:00,16.6,1012.6,49.18
2023-12-10T18:00:00+00:00,15.8,1013.2,44.39
2023-12-10T21:00:00+00:00,14.0,1012.1,54.98
2023-12-11T00:00:00+00:00,13.2,1011.5,53.63
2023-12-11T03:00:00+00:00,13.5,1013.1,55.23
2023-12-11T06:00:00+00:00,25.8,1012.8,20.65
2023-12-11T09:00:00+00:00,29.0,1010.1,13.14
2023-12-11T12:00:00+00:00,26.4,1009.5,22.81
2023-12-11T15:00:00+00:00,18.4,1011.6,34.09
2023-12-11T18:00:00+00:00,17.0,1012.1,32.73
2023-12-11T21:00:00+00:00,15.6,1011.6,38.45
2023-12-12T00:00:00+00:00,14.4,1010.4,47.55
2023-12-12T03:00:00+00:00,14.2,1012.2,49.2
2023-12-12T06:00:00+00:00,23.8,1011.9,43.05
2023-12-12T09:00:00+00:00,26.4,1009.8,34.25
2023-12-12T12:00:00+00:00,24.6,1009.4,26.48
2023-12-12T15:00:00+00:00,18.0,1011.5,47.89
2023-12-12T18:00:00+00:00,15.5,1012.9,61.77
2023-12-12T21:00:00+00:00,14.4,1012.7,65.41
2023-12-13T00:00:00+00:00,11.8,1013.1,80.74
2023-12-13T03:00:00+00:00,11.0,1014.9,86.29
2023-12-13T06:00:00+00:00,21.5,1014.9,45.37
2023-12-13T09:00:00+00:00,25.4,1012.1,22.07
2023-12-13T12:00:00+00:00,23.8,1012.0,26.26
2023-12-13T15:00:00+00:00,17.6,1014.2,47.45
2023-12-13T18:00:00+00:00,16.0,1014.7,50.05
2023-12-13T21:00:00+00:00,14.4,1014.5,57.42
2023-12-14T00:00:00+00:00,11.6,1014.4,62.13
2023-12-14T03:00:00+00:00,10.6,1015.9,72.68
2023-12-14T06:00:00+00:00,23.6,1015.6,30.79
2023-12-14T09:00:00+00:00,26.2,1012.6,19.18
2023-12-14T12:00:00+00:00,24.6,1012.1,23.99
2023-12-14T15:00:00+00:00,17.6,1014.2,42.17
2023-12-14T18:00:00+00:00,16.6,1014.8,40.43
2023-12-14T21:00:00+00:00,12.2,1014.8,60.56
2023-12-15T00:00:00+00:00,11.2,1014.6,61.61
2023-12-15T03:00:00+00:00,10.2,1016.3,69.64
2023-12-15T06:00:00+00:00,25.6,1015.5,24.77
2023-12-15T09:00:00+00:00,27.0,1013.3,17.52
2023-12-15T12:00:00+00:00,25.0,1012.6,27.15
2023-12-15T15:00:00+00:00,17.4,1014.6,43.61
2023-12-15T18:00:00+00:00,14.6,1015.1,47.95
2023-12-15T21:00:00+00:00,13.6,1015.2,52.25
2023-12-16T00:00:00+00:00,11.2,1015.1,63.8
2023-12-16T03:00:00+00:00,13.0,1015.9,63.77
2023-12-16T09:00:00+00:00,26.0,1013.1,23.19
2023-12-16T12:00:00+00:00,23.8,1012.4,27.4
2023-12-16T15:00:00+00:00,17.4,1014.3,50.43
2023-12-16T18:00:00+00:00,14.4,1015.1,59.43
2023-12-16T21:00:00+00:00,13.0,1014.9,61.6
2023-12-17T00:00:00+00:00,12.0,1015.2,64.88
2023-12-17T03:00:00+00:00,12.8,1016.7,67.79
2023-12-17T06:00:00+00:00,22.0,1016.6,33.23
2023-12-17T09:00:00+00:00,25.4,1014.2,19.82
2023-12-17T12:00:00+00:00,23.4,1014.3,25.42
2023-12-17T15:00:00+00:00,18.6,1016.6,45.49
2023-12-17T18:00:00+00:00,16.0,1017.9,65.31
2023-12-17T21:00:00+00:00,13.8,1018.1,73.26
2023-12-18T00:00:00+00:00,12.6,1018.2,76.6
2023-12-18T03:00:00+00:00,11.4,1020.4,82.9
2023-12-18T06:00:00+00:00,19.4,1020.4,48.28
2023-12-18T09:00:00+00:00,23.8,1017.3,24.99
2023-12-18T12:00:00+00:00,22.2,1016.8,28.33
2023-12-18T15:00:00+00:00,17.0,1019.0,42.89
2023-12-18T18:00:00+00:00,14.6,1019.5,44.04
2023-12-18T21:00:00+00:00,13.6,1019.3,54.11
2023-12-19T00:00:00+00:00,13.0,1019.1,55.49
2023-12-19T03:00:00+00:00,11.0,1020.4,70.77
2023-12-19T06:00:00+00:00,21.2,1020.1,33.23
2023-12-19T09:00:00+00:00,23.4,1017.2,23.0
2023-12-19T12:00:00+00:00,21.6,1016.6,27.17
2023-12-19T15:00:00+00:00,16.2,1018.8,48.73
2023-12-19T18:00:00+00:00,13.0,1019.4,49.22
2023-12-19T21:00:00+00:00,12.0,1018.9,51.45
2023-12-20T00:00:00+00:00,9.8,1018.1,57.06
2023-12-20T03:00:00+00:00,8.4,1019.6,67.34
2023-12-20T06:00:00+00:00,21.6,1018.8,23.12
2023-12-20T09:00:00+00:00,23.2,1016.1,20.12
2023-12-20T12:00:00+00:00,22.4,1015.4,34.05
2023-12-20T15:00:00+00:00,14.4,1017.0,49.61
2023-12-20T18:00:00+00:00,12.4,1017.1,56.52
2023-12-20T21:00:00+00:00,11.0,1016.4,54.19
2023-12-21T00:00:00+00:00,9.0,1016.4,60.64
2023-12-21T03:00:00+00:00,10.6,1017.3,53.7
2023-12-21T06:00:00+00:00,22.6,1016.4,20.19
2023-12-21T09:00:00+00:00,26.0,1013.6,16.46
2023-12-21T12:00:00+00:00,25.0,1013.1,21.35
2023-12-21T15:00:00+00:00,16.6,1014.7,40.43
2023-12-21T18:00:00+00:00,15.2,1014.8,43.29
2023-12-21T21:00:00+00:00,14.0,1014.3,44.82
2023-12-22T00:00:00+00:00,15.2,1013.5,35.93
2023-12-22T03:00:00+00:00,14.4,1015.4,39.79
2023-12-22T06:00:00+00:00,25.8,1014.5,15.98
2023-12-22T09:00:00+00:00,28.2,1011.6,16.69
2023-12-22T12:00:00+00:00,26.2,1011.3,18.1
2023-12-22T15:00:00+00:00,21.0,1013.3,20.65
2023-12-22T18:00:00+00:00,18.2,1013.9,24.37
2023-12-22T21:00:00+00:00,13.0,1013.8,57.47
2023-12-23T00:00:00+00:00,12.2,1013.7,60.56
2023-12-23T03:00:00+00:00,11.0,1016.2,68.36
2023-12-23T06:00:00+00:00,20.4,1016.8,30.32
2023-12-23T09:00:00+00:00,25.2,1014.1,26.27
2023-12-23T12:00:00+00:00,25.0,1014.1,20.15
2023-12-23T15:00:00+00:00,20.4,1016.6,30.32
2023-12-23T18:00:00+00:00,16.2,1018.0,43.27
2023-12-23T21:00:00+00:00,13.6,1017.8,52.25
2023-12-24T00:00:00+00:00,12.4,1018.3,69.6
2023-12-24T03:00:00+00:00,11.8,1020.0,78.05
2023-12-24T06:00:00+00:00,20.2,1019.6,46.25
2023-12-24T09:00:00+00:00,25.2,1016.2,18.3
2023-12-24T12:00:00+00:00,23.0,1016.2,31.05
2023-12-24T15:00:00+00:00,18.6,1018.3,52.14
2023-12-24T18:00:00+00:00,15.8,1018.8,57.38
2023-12-26T21:00:00+00:00,13.2,1016.0,74.65
2023-12-27T00:00:00+00:00,12.4,1016.1,83.59
2023-12-27T03:00:00+00:00,11.2,1018.4,89.87
2023-12-27T06:00:00+00:00,20.6,1019.2,41.01
2023-12-27T09:00:00+00:00,25.6,1015.9,28.28
2023-12-27T12:00:00+00:00,24.6,1015.7,30.02
2023-12-27T15:00:00+00:00,18.4,1017.2,47.02
2023-12-27T18:00:00+00:00,18.2,1017.3,43.23
2023-12-27T21:00:00+00:00,16.4,1017.2,45.5
2023-12-28T00:00:00+00:00,12.2,1016.7,69.56
2023-12-28T03:00:00+00:00,10.0,1018.0,79.39
2023-12-28T06:00:00+00:00,23.0,1016.6,27.18
2023-12-28T09:00:00+00:00,26.6,1013.8,18.86
2023-12-28T12:00:00+00:00,24.6,1013.1,23.99
2023-12-28T15:00:00+00:00,18.0,1014.9,41.41
2023-12-28T18:00:00+00:00,15.6,1015.6,44.02
2023-12-28T21:00:00+00:00,14.0,1015.1,52.73
2023-12-29T00:00:00+00:00,13.2,1014.6,53.63
2023-12-29T03:00:00+00:00,12.2,1016.4,56.07
2023-12-29T06:00:00+00:00,23.6,1015.9,34.62
2023-12-29T09:00:00+00:00,26.6,1013.1,19.98
2023-12-29T12:00:00+00:00,24.6,1012.8,22.82
2023-12-29T15:00:00+00:00,20.0,1014.6,29.56
2023-12-29T18:00:00+00:00,16.4,1015.5,56.36
2023-12-29T21:00:00+00:00,13.6,1015.1,75.23
2023-12-30T00:00:00+00:00,10.6,1015.1,92.28
2023-12-30T03:00:00+00:00,10.2,1016.2,94.78
2023-12-30T06:00:00+00:00,12.4,1017.5,80.82
2023-12-30T09:00:00+00:00,18.4,1014.6,53.52
2023-12-30T12:00:00+00:00,18.6,1013.9,48.72
2023-12-30T15:00:00+00:00,14.6,1015.2,51.79
2023-12-30T18:00:00+00:00,13.2,1015.4,68.34
2023-12-30T21:00:00+00:00,11.0,1015.6,77.93
2023-12-31T00:00:00+00:00,8.6,1015.5,89.06
2023-12-31T03:00:00+00:00,8.6,1016.9,94.71
2023-12-31T06:00:00+00:00,16.2,1017.3,57.87
2023-12-31T09:00:00+00:00,19.2,1014.5,38.68
2023-12-31T12:00:00+00:00,17.6,1013.8,45.52
2023-12-31T15:00:00+00:00,13.0,1015.6,66.0
2023-12-31T18:00:00+00:00,11.2,1016.4,73.29
2023-12-31T21:00:00+00:00,10.0,1016.4,76.71
